cls,C08,C09,C23,C27,C26,C16,C25,C19,C06,C07,C11,C20,C21,C22,C14,C15,C48,C30,C29,C36,C32,C33,C34,C49,C28,C31,C46,C50,C12,C24,C01,C05,C03,C02,C04,C18,C17,C10,C13,C43,C41,C40,C45,C47,C35,C38,C37,C44,C39,C42
C08退,0.000,2.474,3.864,4.045,5.691,4.672,4.240,4.636,3.122,3.735,3.988,6.425,4.817,5.894,4.967,5.786,5.684,5.813,5.360,5.012,6.454,6.243,6.798,5.137,4.455,5.659,5.520,5.652,10.396,8.813,3.349,3.420,4.869,5.117,5.066,6.924,7.106,4.762,6.679,8.950,9.724,10.716,9.935,9.306,7.521,6.422,6.190,6.284,7.971,7.356
C09出,2.474,0.000,4.929,4.468,5.799,4.651,4.420,4.824,3.514,3.821,3.674,6.404,5.053,6.005,4.725,5.471,5.766,5.723,5.275,4.901,6.062,5.682,6.294,5.068,4.316,5.152,5.370,5.250,10.888,9.412,3.668,3.964,5.422,5.667,5.379,7.117,6.881,4.522,6.435,8.946,9.891,10.898,10.031,9.379,7.679,6.661,6.374,6.166,7.911,7.249
C23难,3.864,4.929,0.000,3.437,5.807,4.440,4.850,5.260,4.142,5.013,4.921,6.400,4.168,5.111,4.793,5.748,5.852,5.649,5.888,5.657,6.610,6.616,7.391,5.749,5.381,6.078,6.085,6.327,11.346,9.416,5.190,5.542,6.585,6.825,6.850,8.364,8.649,6.764,7.970,10.071,10.703,11.594,10.840,9.928,8.505,7.236,6.931,7.400,9.030,8.382
C27满,4.045,4.468,3.437,0.000,5.167,4.329,3.908,4.988,4.138,4.659,4.596,5.955,4.347,5.110,4.610,5.235,5.540,4.650,5.090,4.654,6.067,6.075,7.112,5.651,4.716,5.534,6.029,5.919,11.266,9.341,4.938,5.547,6.516,6.687,6.593,8.491,8.430,6.557,8.078,9.690,10.461,11.336,10.491,9.687,8.358,6.877,6.322,6.978,8.491,8.065
C26气,5.691,5.799,5.807,5.167,0.000,5.962,4.425,4.349,4.895,4.180,4.809,4.415,4.303,4.729,5.258,5.039,5.129,4.680,5.678,5.886,6.375,5.909,7.641,6.861,6.830,7.085,7.590,6.524,14.244,12.356,6.435,7.604,8.899,8.786,8.744,10.386,10.708,8.856,10.223,12.398,12.826,13.688,12.987,12.132,10.111,8.618,8.837,8.776,10.935,10.206
C16回,4.672,4.651,4.440,4.329,5.962,0.000,3.735,4.458,3.794,4.185,3.676,5.025,4.150,4.132,3.407,3.666,5.518,5.112,5.056,4.907,6.149,5.906,7.229,6.248,5.562,6.035,6.702,6.008,12.891,11.118,5.874,6.557,7.445,8.054,7.886,9.277,9.194,7.584,8.896,10.891,11.809,12.861,12.071,11.295,9.451,8.296,7.769,8.298,9.802,9.065
C25生,4.240,4.420,4.850,3.908,4.425,3.735,0.000,3.318,3.654,3.259,3.398,4.139,3.786,3.942,4.019,4.026,4.524,3.568,3.814,3.826,5.359,4.924,6.281,5.488,4.939,5.585,6.272,5.408,12.981,11.173,5.443,6.285,7.459,7.739,7.611,9.021,9.150,7.466,9.001,10.732,11.609,12.614,11.590,10.867,8.749,7.510,7.387,7.710,9.450,8.823
C19完,4.636,4.824,5.260,4.988,4.349,4.458,3.318,0.000,3.616,3.009,2.883,3.796,3.560,3.745,4.041,4.162,4.569,4.213,4.455,4.955,5.637,5.069,6.991,6.304,5.708,6.170,6.826,5.607,13.632,11.867,5.716,6.656,8.064,8.239,8.219,9.339,9.723,7.963,9.340,11.613,12.322,13.493,12.542,11.752,9.329,8.365,8.436,8.456,10.379,9.713
C06进,3.122,3.514,4.142,4.138,4.895,3.794,3.654,3.616,0.000,2.382,2.587,4.805,3.797,4.447,3.917,4.284,4.618,5.178,4.875,4.909,6.186,5.680,6.505,5.616,4.950,5.978,6.141,5.449,12.291,10.805,3.800,5.018,6.084,6.486,6.782,8.578,8.818,6.702,8.171,10.488,11.381,12.518,11.723,10.922,8.685,7.913,7.378,7.550,9.510,8.797
C07后,3.735,3.821,5.013,4.659,4.180,4.185,3.259,3.009,2.382,0.000,2.259,3.567,3.560,3.773,4.073,3.627,4.630,4.609,4.924,5.241,6.037,5.434,6.914,6.149,5.920,6.499,6.738,5.779,13.534,11.758,4.814,6.148,7.464,7.653,7.843,9.416,9.746,7.649,9.276,11.550,12.423,13.495,12.549,11.804,9.636,8.457,8.426,8.370,10.506,9.686
C11等,3.988,3.674,4.921,4.596,4.809,3.676,3.398,2.883,2.587,2.259,0.000,3.672,3.307,3.504,2.952,3.248,4.614,4.581,4.432,4.945,5.559,4.890,6.786,6.255,5.434,5.970,6.680,5.673,13.299,11.693,5.113,6.203,7.600,7.835,7.852,9.444,9.457,7.367,8.916,11.365,12.408,13.486,12.556,11.738,9.469,8.486,8.252,8.375,10.303,9.719
C20成,6.425,6.404,6.400,5.955,4.415,5.025,4.139,3.796,4.805,3.567,3.672,0.000,4.070,3.093,4.268,3.092,5.569,4.882,5.781,6.301,6.940,5.976,8.507,8.123,7.780,7.977,8.798,7.378,15.859,13.887,7.572,8.808,10.069,10.277,10.307,11.839,12.090,10.137,11.568,13.750,14.686,15.714,14.803,14.021,11.784,10.423,10.388,10.539,12.592,11.893
C21开,4.817,5.053,4.168,4.347,4.303,4.150,3.786,3.560,3.797,3.560,3.307,4.070,0.000,2.768,3.477,3.776,4.359,4.120,4.617,5.164,5.295,5.479,6.908,6.480,5.762,5.943,6.496,5.802,13.774,11.797,6.193,7.148,8.436,8.718,8.678,9.816,10.198,8.224,9.595,11.893,12.711,13.611,12.610,11.746,9.544,8.403,8.586,8.472,10.637,10.035
C22心,5.894,6.005,5.111,5.110,4.729,4.132,3.942,3.745,4.447,3.773,3.504,3.093,2.768,0.000,3.669,3.131,4.891,4.428,5.248,5.822,5.887,5.779,7.882,7.480,6.846,6.929,7.684,6.604,14.947,12.904,7.180,8.271,9.529,9.782,9.793,11.159,11.393,9.525,10.807,12.972,13.787,14.946,13.885,12.986,10.869,9.600,9.622,9.696,11.766,11.088
C14行,4.967,4.725,4.793,4.610,5.258,3.407,4.019,4.041,3.917,4.073,2.952,4.268,3.477,3.669,0.000,2.829,5.277,5.043,5.193,5.537,6.228,5.741,7.706,7.025,6.055,6.493,7.232,6.228,13.713,12.099,6.468,7.175,8.467,8.829,8.724,10.049,9.943,8.057,9.397,11.755,12.828,13.852,12.984,12.115,10.234,9.165,8.752,8.856,10.639,10.141
C15返,5.786,5.471,5.748,5.235,5.039,3.666,4.026,4.162,4.284,3.627,3.248,3.092,3.776,3.131,2.829,0.000,5.594,5.019,5.546,6.018,6.699,5.864,8.211,7.645,7.029,7.366,8.160,6.869,15.080,13.290,7.113,8.211,9.391,9.756,9.706,11.257,11.172,9.271,10.667,12.926,13.999,15.069,14.159,13.295,11.368,10.192,9.768,9.867,11.899,11.175
C48边,5.684,5.766,5.852,5.540,5.129,5.518,4.524,4.569,4.618,4.630,4.614,5.569,4.359,4.891,5.277,5.594,0.000,3.916,3.871,4.893,4.015,4.646,5.454,5.575,5.201,5.176,5.423,3.640,14.270,12.529,6.286,7.467,8.809,8.825,8.816,9.641,10.271,8.543,9.717,11.170,11.986,13.021,11.935,11.112,8.272,7.673,8.281,7.661,9.834,9.186
C30败,5.813,5.723,5.649,4.650,4.680,5.112,3.568,4.213,5.178,4.609,4.581,4.882,4.120,4.428,5.043,5.019,3.916,0.000,3.314,4.079,4.002,3.939,5.800,5.458,5.424,5.181,6.247,4.902,13.980,12.007,6.373,7.490,8.890,8.755,8.678,9.990,9.948,8.498,9.859,11.130,12.057,12.876,11.730,10.900,8.505,7.486,7.924,7.986,9.739,9.294
C29失,5.360,5.275,5.888,5.090,5.678,5.056,3.814,4.455,4.875,4.924,4.432,5.781,4.617,5.248,5.193,5.546,3.871,3.314,0.000,3.098,3.629,3.628,4.739,5.015,4.103,4.335,5.734,4.511,13.275,11.503,5.877,6.810,8.025,8.206,7.926,8.774,9.008,7.636,9.064,10.344,11.347,12.205,11.217,10.460,7.300,6.903,7.192,7.213,9.004,8.539
C36静,5.012,4.901,5.657,4.654,5.886,4.907,3.826,4.955,4.909,5.241,4.945,6.301,5.164,5.822,5.537,6.018,4.893,4.079,3.098,0.000,4.674,4.517,4.974,4.419,3.692,4.235,5.112,4.481,12.117,10.164,5.462,6.051,7.065,7.340,7.012,8.055,7.951,6.680,7.917,8.974,9.916,10.822,9.970,9.226,6.775,6.106,5.617,6.029,7.800,7.110
C32功,6.454,6.062,6.610,6.067,6.375,6.149,5.359,5.637,6.186,6.037,5.559,6.940,5.295,5.887,6.228,6.699,4.015,4.002,3.629,4.674,0.000,3.891,4.323,5.204,4.828,3.689,4.978,4.150,13.754,11.850,6.951,7.745,9.148,9.173,8.796,8.891,9.297,8.102,9.154,10.504,11.345,12.080,10.901,10.016,7.315,6.652,7.836,7.091,8.981,8.433
C33紧,6.243,5.682,6.616,6.075,5.909,5.906,4.924,5.069,5.680,5.434,4.890,5.976,5.479,5.779,5.741,5.864,4.646,3.939,3.628,4.517,3.891,0.000,4.944,5.547,5.004,4.887,6.359,4.683,14.106,12.333,6.536,7.484,8.968,8.926,8.580,9.486,9.540,8.029,9.307,10.977,11.826,12.671,11.838,10.997,8.143,7.525,8.184,7.785,9.503,9.020
C34张,6.798,6.294,7.391,7.112,7.641,7.229,6.281,6.991,6.505,6.914,6.786,8.507,6.908,7.882,7.706,8.211,5.454,5.800,4.739,4.974,4.323,4.944,0.000,4.207,4.539,4.261,4.351,4.318,13.018,11.538,6.340,7.080,7.994,8.192,7.991,7.619,7.951,7.440,7.998,9.012,9.928,10.641,9.489,8.729,5.880,6.005,6.970,5.863,7.654,7.110
C49前,5.137,5.068,5.749,5.651,6.861,6.248,5.488,6.304,5.616,6.149,6.255,8.123,6.480,7.480,7.025,7.645,5.575,5.458,5.015,4.419,5.204,5.547,4.207,0.000,3.949,4.135,3.830,4.625,11.051,9.431,4.956,5.227,6.458,6.319,6.313,6.614,6.495,5.839,6.772,7.787,8.614,9.245,8.236,7.354,5.397,5.020,5.233,5.033,6.577,5.832
C28意,4.455,4.316,5.381,4.716,6.830,5.562,4.939,5.708,4.950,5.920,5.434,7.780,5.762,6.846,6.055,7.029,5.201,5.424,4.103,3.692,4.828,5.004,4.539,3.949,0.000,3.264,4.014,4.125,10.440,9.096,4.660,4.751,5.816,6.113,5.686,6.383,6.370,4.896,6.257,7.623,8.566,9.533,8.647,7.874,5.248,5.036,4.916,4.619,6.144,6.020
C31成,5.659,5.152,6.078,5.534,7.085,6.035,5.585,6.170,5.978,6.499,5.970,7.977,5.943,6.929,6.493,7.366,5.176,5.181,4.335,4.235,3.689,4.887,4.261,4.135,3.264,0.000,3.607,3.985,11.257,9.588,5.799,5.862,7.161,7.256,6.797,6.968,6.945,5.844,6.586,7.994,9.130,9.747,8.662,7.904,5.388,4.897,5.610,5.224,6.627,6.206
C46边,5.520,5.370,6.085,6.029,7.590,6.702,6.272,6.826,6.141,6.738,6.680,8.798,6.496,7.684,7.232,8.160,5.423,6.247,5.734,5.112,4.978,6.359,4.351,3.830,4.014,3.607,0.000,3.608,11.092,9.390,5.792,5.771,6.976,7.080,6.896,6.348,6.619,5.768,6.008,7.237,8.103,8.896,7.586,6.754,5.384,4.629,5.398,3.867,6.092,5.119
C50面,5.652,5.250,6.327,5.919,6.524,6.008,5.408,5.607,5.449,5.779,5.673,7.378,5.802,6.604,6.228,6.869,3.640,4.902,4.511,4.481,4.150,4.683,4.318,4.625,4.125,3.985,3.608,0.000,12.900,11.402,5.743,6.606,7.879,7.860,7.696,7.841,8.399,7.006,7.786,8.935,9.687,10.795,9.742,8.909,6.650,6.338,6.681,5.479,7.632,6.845
C12待,10.396,10.888,11.346,11.266,14.244,12.891,12.981,13.632,12.291,13.534,13.299,15.859,13.774,14.947,13.713,15.080,14.270,13.980,13.275,12.117,13.754,14.106,13.018,11.051,10.440,11.257,11.092,12.900,0.000,4.467,9.848,7.941,7.336,7.086,6.803,8.162,6.980,7.250,7.454,7.211,7.140,6.984,7.539,7.619,8.980,9.078,7.983,9.389,7.536,8.411
C24过,8.813,9.412,9.416,9.341,12.356,11.118,11.173,11.867,10.805,11.758,11.693,13.887,11.797,12.904,12.099,13.290,12.529,12.007,11.503,10.164,11.850,12.333,11.538,9.431,9.096,9.588,9.390,11.402,4.467,0.000,8.741,6.903,6.648,6.648,6.079,7.301,6.665,6.386,6.873,7.018,6.916,6.774,7.033,6.999,7.908,7.194,6.535,8.009,7.006,7.262
C01开,3.349,3.668,5.190,4.938,6.435,5.874,5.443,5.716,3.800,4.814,5.113,7.572,6.193,7.180,6.468,7.113,6.286,6.373,5.877,5.462,6.951,6.536,6.340,4.956,4.660,5.799,5.792,5.743,9.848,8.741,0.000,2.757,3.674,3.291,3.963,6.825,6.753,4.704,6.417,8.305,9.038,10.065,9.385,8.692,6.753,6.204,5.569,6.081,7.464,7.001
C05前,3.420,3.964,5.542,5.547,7.604,6.557,6.285,6.656,5.018,6.148,6.203,8.808,7.148,8.271,7.175,8.211,7.467,7.490,6.810,6.051,7.745,7.484,7.080,5.227,4.751,5.862,5.771,6.606,7.941,6.903,2.757,0.000,2.557,2.429,2.514,5.543,5.087,3.054,4.922,7.018,7.741,8.669,8.129,7.556,6.031,5.422,4.922,5.547,6.336,5.958
C03停,4.869,5.422,6.585,6.516,8.899,7.445,7.459,8.064,6.084,7.464,7.600,10.069,8.436,9.529,8.467,9.391,8.809,8.890,8.025,7.065,9.148,8.968,7.994,6.458,5.816,7.161,6.976,7.879,7.336,6.648,3.674,2.557,0.000,2.286,2.528,5.853,5.386,4.044,5.355,6.989,7.502,8.499,8.103,7.780,6.623,6.375,5.073,6.169,6.553,6.262
C02始,5.117,5.667,6.825,6.687,8.786,8.054,7.739,8.239,6.486,7.653,7.835,10.277,8.718,9.782,8.829,9.756,8.825,8.755,8.206,7.340,9.173,8.926,8.192,6.319,6.113,7.256,7.080,7.860,7.086,6.648,3.291,2.429,2.286,0.000,2.191,6.197,5.515,4.086,5.530,6.786,7.275,8.173,7.775,7.340,6.371,6.149,5.031,6.163,6.345,6.292
C04止,5.066,5.379,6.850,6.593,8.744,7.886,7.611,8.219,6.782,7.843,7.852,10.307,8.678,9.793,8.724,9.706,8.816,8.678,7.926,7.012,8.796,8.580,7.991,6.313,5.686,6.797,6.896,7.696,6.803,6.079,3.963,2.514,2.528,2.191,0.000,5.573,4.989,3.179,4.978,6.447,6.909,7.702,7.452,7.140,5.926,5.359,4.616,5.732,5.820,5.784
C18过,6.924,7.117,8.364,8.491,10.386,9.277,9.021,9.339,8.578,9.416,9.444,11.839,9.816,11.159,10.049,11.257,9.641,9.990,8.774,8.055,8.891,9.486,7.619,6.614,6.383,6.968,6.348,7.841,8.162,7.301,6.825,5.543,5.853,6.197,5.573,0.000,4.472,4.682,5.355,6.259,6.595,6.816,6.482,6.213,5.576,5.685,6.011,5.256,5.528,5.097
C17通,7.106,6.881,8.649,8.430,10.708,9.194,9.150,9.723,8.818,9.746,9.457,12.090,10.198,11.393,9.943,11.172,10.271,9.948,9.008,7.951,9.297,9.540,7.951,6.495,6.370,6.945,6.619,8.399,6.980,6.665,6.753,5.087,5.386,5.515,4.989,4.472,0.000,3.975,4.033,5.005,5.870,6.124,5.616,5.330,5.754,5.843,5.182,5.339,4.628,4.587
C10发,4.762,4.522,6.764,6.557,8.856,7.584,7.466,7.963,6.702,7.649,7.367,10.137,8.224,9.525,8.057,9.271,8.543,8.498,7.636,6.680,8.102,8.029,7.440,5.839,4.896,5.844,5.768,7.006,7.250,6.386,4.704,3.054,4.044,4.086,3.179,4.682,3.975,0.000,3.494,6.108,7.040,7.600,7.138,6.757,5.740,5.252,4.773,4.882,5.274,5.233
C13运,6.679,6.435,7.970,8.078,10.223,8.896,9.001,9.340,8.171,9.276,8.916,11.568,9.595,10.807,9.397,10.667,9.717,9.859,9.064,7.917,9.154,9.307,7.998,6.772,6.257,6.586,6.008,7.786,7.454,6.873,6.417,4.922,5.355,5.530,4.978,5.355,4.033,3.494,0.000,5.400,6.306,6.929,6.456,6.274,6.277,5.880,5.262,4.875,5.057,4.839
C43下,8.950,8.946,10.071,9.690,12.398,10.891,10.732,11.613,10.488,11.550,11.365,13.750,11.893,12.972,11.755,12.926,11.170,11.130,10.344,8.974,10.504,10.977,9.012,7.787,7.623,7.994,7.237,8.935,7.211,7.018,8.305,7.018,6.989,6.786,6.447,6.259,5.005,6.108,5.400,0.000,4.407,4.541,4.163,4.320,5.886,6.391,5.124,5.381,3.628,4.201
C41上,9.724,9.891,10.703,10.461,12.826,11.809,11.609,12.322,11.381,12.423,12.408,14.686,12.711,13.787,12.828,13.999,11.986,12.057,11.347,9.916,11.345,11.826,9.928,8.614,8.566,9.130,8.103,9.687,7.140,6.916,9.038,7.741,7.502,7.275,6.909,6.595,5.870,7.040,6.306,4.407,0.000,3.932,4.154,4.047,6.341,6.740,5.948,5.803,4.314,4.341
C40松,10.716,10.898,11.594,11.336,13.688,12.861,12.614,13.493,12.518,13.495,13.486,15.714,13.611,14.946,13.852,15.069,13.021,12.876,12.205,10.822,12.080,12.671,10.641,9.245,9.533,9.747,8.896,10.795,6.984,6.774,10.065,8.669,8.499,8.173,7.702,6.816,6.124,7.600,6.929,4.541,3.932,0.000,3.461,3.810,6.626,6.978,6.570,6.697,4.610,5.009
C45左,9.935,10.031,10.840,10.491,12.987,12.071,11.590,12.542,11.723,12.549,12.556,14.803,12.610,13.885,12.984,14.159,11.935,11.730,11.217,9.970,10.901,11.838,9.489,8.236,8.647,8.662,7.586,9.742,7.539,7.033,9.385,8.129,8.103,7.775,7.452,6.482,5.616,7.138,6.456,4.163,4.154,3.461,0.000,2.518,5.845,6.228,6.079,5.857,3.966,4.465
C47右,9.306,9.379,9.928,9.687,12.132,11.295,10.867,11.752,10.922,11.804,11.738,14.021,11.746,12.986,12.115,13.295,11.112,10.900,10.460,9.226,10.016,10.997,8.729,7.354,7.874,7.904,6.754,8.909,7.619,6.999,8.692,7.556,7.780,7.340,7.140,6.213,5.330,6.757,6.274,4.320,4.047,3.810,2.518,0.000,5.394,5.867,5.492,5.144,3.961,4.089
C35平,7.521,7.679,8.505,8.358,10.111,9.451,8.749,9.329,8.685,9.636,9.469,11.784,9.544,10.869,10.234,11.368,8.272,8.505,7.300,6.775,7.315,8.143,5.880,5.397,5.248,5.388,5.384,6.650,8.980,7.908,6.753,6.031,6.623,6.371,5.926,5.576,5.754,5.740,6.277,5.886,6.341,6.626,5.845,5.394,0.000,3.915,4.961,4.832,4.589,4.924
C38劳,6.422,6.661,7.236,6.877,8.618,8.296,7.510,8.365,7.913,8.457,8.486,10.423,8.403,9.600,9.165,10.192,7.673,7.486,6.903,6.106,6.652,7.525,6.005,5.020,5.036,4.897,4.629,6.338,9.078,7.194,6.204,5.422,6.375,6.149,5.359,5.685,5.843,5.252,5.880,6.391,6.740,6.978,6.228,5.867,3.915,0.000,4.598,4.436,4.966,4.518
C37疲,6.190,6.374,6.931,6.322,8.837,7.769,7.387,8.436,7.378,8.426,8.252,10.388,8.586,9.622,8.752,9.768,8.281,7.924,7.192,5.617,7.836,8.184,6.970,5.233,4.916,5.610,5.398,6.681,7.983,6.535,5.569,4.922,5.073,5.031,4.616,6.011,5.182,4.773,5.262,5.124,5.948,6.570,6.079,5.492,4.961,4.598,0.000,4.099,4.188,4.238
C44方,6.284,6.166,7.400,6.978,8.776,8.298,7.710,8.456,7.550,8.370,8.375,10.539,8.472,9.696,8.856,9.867,7.661,7.986,7.213,6.029,7.091,7.785,5.863,5.033,4.619,5.224,3.867,5.479,9.389,8.009,6.081,5.547,6.169,6.163,5.732,5.256,5.339,4.882,4.875,5.381,5.803,6.697,5.857,5.144,4.832,4.436,4.099,0.000,4.065,3.468
C39放,7.971,7.911,9.030,8.491,10.935,9.802,9.450,10.379,9.510,10.506,10.303,12.592,10.637,11.766,10.639,11.899,9.834,9.739,9.004,7.800,8.981,9.503,7.654,6.577,6.144,6.627,6.092,7.632,7.536,7.006,7.464,6.336,6.553,6.345,5.820,5.528,4.628,5.274,5.057,3.628,4.314,4.610,3.966,3.961,4.589,4.966,4.188,4.065,0.000,3.298
C42方,7.356,7.249,8.382,8.065,10.206,9.065,8.823,9.713,8.797,9.686,9.719,11.893,10.035,11.088,10.141,11.175,9.186,9.294,8.539,7.110,8.433,9.020,7.110,5.832,6.020,6.206,5.119,6.845,8.411,7.262,7.001,5.958,6.262,6.292,5.784,5.097,4.587,5.233,4.839,4.201,4.341,5.009,4.465,4.089,4.924,4.518,4.238,3.468,3.298,0.000
