cls,C13,C18,C08,C09,C45,C41,C43,C47,C44,C40,C42,C17,C24,C38,C36,C48,C04,C01,C02,C33,C30,C31,C35,C10,C37,C12,C14,C06,C05,C07,C11,C46,C49,C50,C21,C22,C23,C03,C19,C15,C16,C27,C25,C20,C26,C29,C32,C28,C34,C39
C13运,0.000,6.199,5.264,7.755,10.195,9.556,9.079,9.103,8.366,8.501,8.961,6.559,7.900,12.796,8.221,10.373,10.803,10.568,10.689,9.359,11.158,11.111,10.583,9.940,10.548,10.579,10.136,10.272,10.815,10.743,10.432,8.254,7.018,6.982,6.006,5.798,5.884,7.308,8.124,7.254,6.970,10.160,9.744,9.944,10.344,9.089,9.744,6.852,6.997,7.396
C18过,6.199,0.000,9.326,9.631,6.284,8.963,9.131,7.015,6.488,7.149,7.898,5.824,7.165,12.520,12.512,11.469,13.255,13.122,12.542,12.902,14.290,14.265,13.645,13.324,13.416,14.299,14.101,14.086,14.067,14.065,13.748,7.589,7.999,8.114,7.474,8.388,8.642,10.334,9.934,10.579,8.881,11.266,9.965,10.425,11.291,10.208,10.606,8.812,9.355,8.649
C08退,5.264,9.326,0.000,4.713,11.056,9.811,8.341,10.156,8.637,8.542,8.756,6.736,7.594,12.237,6.047,10.527,9.130,9.712,10.081,7.878,9.907,9.655,8.783,6.882,9.819,8.923,8.083,9.081,9.004,8.867,8.874,9.600,8.239,7.866,7.985,6.748,7.215,6.960,8.436,6.257,6.400,10.978,9.571,9.475,10.246,8.188,8.231,7.520,6.081,7.118
C09出,7.755,9.631,4.713,0.000,9.547,7.453,5.997,7.935,6.866,6.423,6.173,5.457,5.572,9.200,7.314,8.757,7.288,8.538,8.386,8.138,9.297,8.956,8.194,5.665,9.015,8.659,8.007,9.153,8.034,7.859,8.055,7.878,7.474,6.924,8.404,7.388,8.145,6.732,7.652,6.464,5.646,9.826,7.142,7.176,8.369,6.599,5.975,7.275,5.549,5.145
C45左,10.195,6.284,11.056,9.547,0.000,8.337,7.863,6.047,4.613,5.235,6.177,5.870,6.613,11.570,14.173,12.523,14.164,14.476,13.812,14.349,15.568,15.260,14.527,14.187,15.113,16.070,15.630,16.266,15.539,15.504,15.337,9.119,9.814,9.785,10.595,11.010,11.527,12.576,12.104,12.502,10.557,12.652,9.971,10.555,11.738,10.018,9.559,10.651,10.205,9.263
C41上,9.556,8.963,9.811,7.453,8.337,0.000,3.296,3.480,4.895,4.369,2.982,7.023,5.950,5.563,9.634,5.375,7.397,7.560,6.651,8.904,8.931,8.593,8.343,9.028,8.150,9.690,9.720,9.884,9.174,9.109,8.862,4.371,4.976,4.732,7.507,6.777,7.293,7.251,6.228,7.199,5.733,6.003,4.998,4.431,4.936,5.414,5.426,6.015,5.734,4.761
C43下,9.079,9.131,8.341,5.997,7.863,3.296,0.000,4.999,4.000,3.684,2.578,5.947,5.753,6.858,8.581,7.110,7.697,8.456,7.967,8.398,9.047,8.350,7.909,8.217,8.812,9.586,9.160,10.158,9.408,9.321,9.085,6.164,6.137,5.761,8.030,7.039,7.546,7.732,7.063,6.676,5.693,7.459,5.700,5.036,5.932,4.567,4.116,5.978,5.044,4.765
C47右,9.103,7.015,10.156,7.935,6.047,3.480,4.999,0.000,4.103,3.701,3.375,6.198,5.240,6.946,11.384,7.153,9.556,9.681,8.661,10.782,11.162,11.068,10.569,10.891,10.292,11.954,11.871,11.897,11.216,11.128,10.933,4.223,5.491,5.446,7.703,7.681,8.268,8.513,7.744,9.021,7.158,7.716,6.017,6.412,7.088,7.011,6.833,7.176,6.965,5.461
C44方,8.366,6.488,8.637,6.866,4.613,4.895,4.000,4.103,0.000,2.840,2.816,4.735,4.550,8.654,10.724,9.027,10.428,10.767,10.233,10.703,11.902,11.358,10.696,10.680,11.369,12.267,11.910,12.531,11.834,11.845,11.638,6.339,6.658,6.484,7.879,7.623,8.122,9.117,8.648,8.818,7.179,9.087,6.856,6.991,8.029,6.549,6.294,7.313,6.796,6.268
C40松,8.501,7.149,8.542,6.423,5.235,4.369,3.684,3.701,2.840,0.000,2.331,4.420,4.592,7.633,10.245,8.634,9.700,10.214,9.582,9.986,11.083,10.758,10.065,10.035,10.809,11.718,11.271,12.083,11.358,11.223,11.021,6.114,6.662,6.422,8.014,7.856,8.374,8.944,8.377,8.404,6.783,9.005,6.576,6.526,7.602,5.911,5.254,6.907,6.129,5.330
C42方,8.961,7.898,8.756,6.173,6.177,2.982,2.578,3.375,2.816,2.331,0.000,5.113,4.376,6.693,9.884,7.454,8.644,9.221,8.481,9.687,10.369,9.874,9.387,9.296,9.840,10.817,10.597,11.268,10.380,10.300,10.088,5.471,5.982,5.680,7.983,7.375,7.961,8.202,7.561,7.883,6.206,7.949,5.421,5.512,6.431,5.341,5.023,6.596,5.968,4.955
C17通,6.559,5.824,6.736,5.457,5.870,7.023,5.947,6.198,4.735,4.420,5.113,0.000,4.784,9.930,9.715,10.092,10.424,11.178,10.647,10.216,11.631,11.465,10.882,9.683,11.416,11.658,11.074,12.158,11.675,11.441,11.120,7.202,7.701,7.353,7.729,7.818,8.388,9.044,8.508,8.147,6.503,10.434,7.662,7.778,9.156,7.041,6.662,7.277,6.750,6.009
C24过,7.900,7.165,7.594,5.572,6.613,5.950,5.753,5.240,4.550,4.592,4.376,4.784,0.000,8.062,9.987,8.476,9.356,9.698,9.174,10.081,11.054,10.903,10.285,9.217,10.470,11.025,10.950,11.401,10.535,10.367,10.178,6.084,6.428,6.192,7.271,6.718,7.397,8.092,7.844,8.442,6.465,8.821,5.156,6.497,7.439,6.346,6.712,7.064,6.986,5.963
C38劳,12.796,12.520,12.237,9.200,11.570,5.563,6.858,6.946,8.654,7.633,6.693,9.930,8.062,0.000,11.104,6.246,7.186,8.218,6.891,9.309,8.626,9.008,8.748,9.432,8.531,10.181,10.421,10.722,9.672,9.291,8.972,6.489,8.003,7.695,9.958,9.580,10.055,9.304,7.918,9.313,8.165,7.498,5.591,5.475,5.360,6.513,6.294,7.998,8.093,6.840
C36静,8.221,12.512,6.047,7.314,14.173,9.634,8.581,11.384,10.724,10.245,9.884,9.715,9.987,11.104,0.000,8.603,6.438,7.139,7.798,4.155,5.591,5.297,4.839,4.866,6.355,5.065,4.123,5.785,6.142,6.046,5.809,9.867,8.015,7.570,8.744,6.795,6.922,6.156,6.861,4.038,5.956,9.231,9.311,8.780,8.389,7.098,7.824,6.554,5.602,7.363
C48边,10.373,11.469,10.527,8.757,12.523,5.375,7.110,7.153,9.027,8.634,7.454,10.092,8.476,6.246,8.603,0.000,4.821,4.198,3.004,7.329,6.402,6.406,6.384,7.800,4.921,7.091,7.862,6.667,6.070,6.155,6.059,5.235,4.573,4.334,7.495,6.289,6.746,4.979,4.272,6.495,5.916,4.249,5.667,5.239,4.374,6.852,7.500,6.368,6.437,6.015
C04止,10.803,13.255,9.130,7.288,14.164,7.397,7.697,9.556,10.428,9.700,8.644,10.424,9.356,7.186,6.438,4.821,0.000,3.668,2.847,5.627,4.388,4.599,4.558,4.290,3.659,4.087,4.719,4.506,3.362,2.975,3.154,7.652,7.173,6.651,9.084,7.325,7.815,4.960,5.033,5.039,5.692,6.741,6.974,6.037,5.594,6.821,7.133,6.989,6.247,6.341
C01开,10.568,13.122,9.712,8.538,14.476,7.560,8.456,9.681,10.767,10.214,9.221,11.178,9.698,8.218,7.139,4.198,3.668,0.000,2.723,5.970,5.423,5.064,4.944,6.051,4.085,4.735,5.766,4.096,3.489,3.746,4.198,7.821,6.374,6.036,8.318,6.476,6.830,4.137,5.373,5.794,6.366,6.198,7.492,6.693,6.077,7.730,8.304,7.296,6.487,7.129
C02始,10.689,12.542,10.081,8.386,13.812,6.651,7.967,8.661,10.233,9.582,8.481,10.647,9.174,6.891,7.798,3.004,2.847,2.723,0.000,6.656,5.342,5.791,5.785,6.373,3.789,5.391,6.432,4.999,4.198,4.174,4.329,6.456,6.052,5.704,8.248,6.739,7.182,4.412,4.274,5.814,5.794,5.429,6.534,5.764,5.068,7.295,7.923,6.876,6.722,6.375
C33紧,9.359,12.902,7.878,8.138,14.349,8.904,8.398,10.782,10.703,9.986,9.687,10.216,10.081,9.309,4.155,7.329,5.627,5.970,6.656,0.000,4.258,4.200,3.219,5.534,5.688,5.236,4.581,5.670,5.987,5.813,5.350,9.237,7.775,7.392,8.011,6.748,6.940,6.086,6.431,4.537,6.329,7.966,8.660,7.557,7.142,6.329,6.548,6.046,4.953,6.929
C30败,11.158,14.290,9.907,9.297,15.568,8.931,9.047,11.162,11.902,11.083,10.369,11.631,11.054,8.626,5.591,6.402,4.388,5.423,5.342,4.258,0.000,3.186,4.018,5.721,3.878,4.111,3.941,4.638,5.018,4.486,4.049,9.136,8.350,7.940,9.182,7.850,8.030,6.569,6.058,5.206,6.666,7.052,8.398,7.317,6.580,7.091,7.760,6.599,6.719,7.245
C31成,11.111,14.265,9.655,8.956,15.260,8.593,8.350,11.068,11.358,10.758,9.874,11.465,10.903,9.008,5.297,6.406,4.599,5.064,5.791,4.200,3.186,0.000,2.627,5.376,4.500,4.189,3.941,4.860,4.957,4.819,4.506,9.547,8.093,7.603,9.310,7.482,7.652,6.448,6.562,5.097,6.769,7.131,8.480,7.260,6.570,6.791,7.240,6.692,6.070,7.492
C35平,10.583,13.645,8.783,8.194,14.527,8.343,7.909,10.569,10.696,10.065,9.387,10.882,10.285,8.748,4.839,6.384,4.558,4.944,5.785,3.219,4.018,2.627,0.000,5.027,4.802,4.892,4.459,5.180,4.969,4.958,4.872,9.229,7.557,7.086,8.970,7.179,7.456,6.040,6.522,5.067,6.586,7.654,8.389,7.292,6.816,6.360,6.605,6.602,5.002,7.092
C10发,9.940,13.324,6.882,5.665,14.187,9.028,8.217,10.891,10.680,10.035,9.296,9.683,9.217,9.432,4.866,7.800,4.290,6.051,6.373,5.534,5.721,5.376,5.027,0.000,5.574,4.271,3.871,5.276,4.523,3.732,3.848,9.372,8.505,7.846,9.764,7.781,8.314,6.029,6.955,5.219,6.047,9.393,8.281,7.694,7.980,7.490,7.345,7.733,6.134,7.005
C37疲,10.548,13.416,9.819,9.015,15.113,8.150,8.812,10.292,11.369,10.809,9.840,11.416,10.470,8.531,6.355,4.921,3.659,4.085,3.789,5.688,3.878,4.500,4.802,5.574,0.000,3.751,4.702,3.480,3.970,3.347,2.945,7.646,6.889,6.523,8.884,7.093,7.318,5.212,5.176,5.388,6.238,6.576,7.914,7.220,6.416,8.138,8.691,6.866,6.735,7.077
C12待,10.579,14.299,8.923,8.659,16.070,9.690,9.586,11.954,12.267,11.718,10.817,11.658,11.025,10.181,5.065,7.091,4.087,4.735,5.391,5.236,4.111,4.189,4.892,4.271,3.751,0.000,2.490,2.700,3.677,2.812,2.394,9.697,8.528,8.092,9.581,7.465,7.612,5.664,6.229,4.779,6.473,8.113,8.925,8.041,7.538,8.425,9.133,7.701,7.336,8.169
C14行,10.136,14.101,8.083,8.007,15.630,9.720,9.160,11.871,11.910,11.271,10.597,11.074,10.950,10.421,4.123,7.862,4.719,5.766,6.432,4.581,3.941,3.941,4.459,3.871,4.702,2.490,0.000,3.743,4.444,3.768,3.457,10.043,8.778,8.275,9.541,7.617,7.846,6.112,6.685,4.185,6.287,8.609,9.257,8.191,7.994,7.934,8.385,7.487,6.594,7.706
C06进,10.272,14.086,9.081,9.153,16.266,9.884,10.158,11.897,12.531,12.083,11.268,12.158,11.401,10.722,5.785,6.667,4.506,4.096,4.999,5.670,4.638,4.860,5.180,5.276,3.480,2.700,3.743,0.000,2.894,2.598,2.921,9.460,8.051,7.705,9.009,7.015,7.206,4.614,6.007,5.164,6.821,7.779,9.435,8.495,8.077,9.209,9.861,7.813,7.361,8.263
C05前,10.815,14.067,9.004,8.034,15.539,9.174,9.408,11.216,11.834,11.358,10.380,11.675,10.535,9.672,6.142,6.070,3.362,3.489,4.198,5.987,5.018,4.957,4.969,4.523,3.970,3.677,4.444,2.894,0.000,2.071,3.219,9.094,7.755,7.330,9.275,7.425,7.874,4.436,5.963,5.618,6.735,7.669,8.552,7.893,7.506,8.502,9.020,7.891,7.148,7.559
C07后,10.743,14.065,8.867,7.859,15.504,9.109,9.321,11.128,11.845,11.223,10.300,11.441,10.367,9.291,6.046,6.155,2.975,3.746,4.174,5.813,4.486,4.819,4.958,3.732,3.347,2.812,3.768,2.598,2.071,0.000,1.869,8.929,7.958,7.472,9.466,7.538,7.952,4.867,6.060,5.481,6.474,7.921,8.351,7.640,7.407,8.497,8.817,7.889,7.038,7.449
C11等,10.432,13.748,8.874,8.055,15.337,8.862,9.085,10.933,11.638,11.021,10.088,11.120,10.178,8.972,5.809,6.059,3.154,4.198,4.329,5.350,4.049,4.506,4.872,3.848,2.945,2.394,3.457,2.921,3.219,1.869,0.000,8.633,7.835,7.359,9.174,7.154,7.557,5.131,5.576,5.070,6.147,7.538,7.886,7.225,6.864,8.086,8.519,7.373,6.844,7.329
C46边,8.254,7.589,9.600,7.878,9.119,4.371,6.164,4.223,6.339,6.114,5.471,7.202,6.084,6.489,9.867,5.235,7.652,7.821,6.456,9.237,9.136,9.547,9.229,9.372,7.646,9.697,10.043,9.460,9.094,8.929,8.633,0.000,4.013,4.004,6.220,6.193,6.556,6.531,5.330,7.380,5.646,6.017,5.282,5.633,5.806,7.069,7.487,5.605,6.652,4.842
C49前,7.018,7.999,8.239,7.474,9.814,4.976,6.137,5.491,6.658,6.662,5.982,7.701,6.428,8.003,8.015,4.573,7.173,6.374,6.052,7.775,8.350,8.093,7.557,8.505,6.889,8.528,8.778,8.051,7.755,7.958,7.835,4.013,0.000,1.429,5.506,4.394,4.746,4.667,5.076,6.199,5.156,5.692,5.991,6.443,5.991,6.587,7.421,5.160,5.123,4.880
C50面,6.982,8.114,7.866,6.924,9.785,4.732,5.761,5.446,6.484,6.422,5.680,7.353,6.192,7.695,7.570,4.334,6.651,6.036,5.704,7.392,7.940,7.603,7.086,7.846,6.523,8.092,8.275,7.705,7.330,7.472,7.359,4.004,1.429,0.000,5.673,4.345,4.782,4.426,4.808,5.748,4.621,5.743,5.774,6.094,5.760,6.191,6.902,4.972,4.612,4.513
C21开,6.006,7.474,7.985,8.404,10.595,7.507,8.030,7.703,7.879,8.014,7.983,7.729,7.271,9.958,8.744,7.495,9.084,8.318,8.248,8.011,9.182,9.310,8.970,9.764,8.884,9.581,9.541,9.009,9.275,9.466,9.174,6.220,5.506,5.673,0.000,3.817,3.999,5.839,5.648,6.512,6.003,6.208,7.044,6.650,7.218,7.020,8.190,4.542,6.461,6.172
C22心,5.798,8.388,6.748,7.388,11.010,6.777,7.039,7.681,7.623,7.856,7.375,7.818,6.718,9.580,6.795,6.289,7.325,6.476,6.739,6.748,7.850,7.482,7.179,7.781,7.093,7.465,7.617,7.015,7.425,7.538,7.154,6.193,4.394,4.345,3.817,0.000,1.429,4.107,4.543,4.741,4.563,5.595,6.387,6.160,6.197,6.316,7.664,4.340,5.270,5.993
C23难,5.884,8.642,7.215,8.145,11.527,7.293,7.546,8.268,8.122,8.374,7.961,8.388,7.397,10.055,6.922,6.746,7.815,6.830,7.182,6.940,8.030,7.652,7.456,8.314,7.318,7.612,7.846,7.206,7.874,7.952,7.557,6.556,4.746,4.782,3.999,1.429,0.000,4.679,5.084,4.973,5.006,5.787,7.034,6.747,6.550,6.752,8.220,4.445,5.809,6.630
C03停,7.308,10.334,6.960,6.732,12.576,7.251,7.732,8.513,9.117,8.944,8.202,9.044,8.092,9.304,6.156,4.979,4.960,4.137,4.412,6.086,6.569,6.448,6.040,6.029,5.212,5.664,6.112,4.614,4.436,4.867,5.131,6.531,4.667,4.426,5.839,4.107,4.679,0.000,4.048,4.323,4.735,6.006,7.079,6.653,6.504,7.238,8.016,5.718,5.313,5.619
C19完,8.124,9.934,8.436,7.652,12.104,6.228,7.063,7.744,8.648,8.377,7.561,8.508,7.844,7.918,6.861,4.272,5.033,5.373,4.274,6.431,6.058,6.562,6.522,6.955,5.176,6.229,6.685,6.007,5.963,6.060,5.576,5.330,5.076,4.808,5.648,4.543,5.084,4.048,0.000,4.201,3.856,4.627,5.621,4.769,4.630,6.046,7.355,4.745,5.928,5.546
C15返,7.254,10.579,6.257,6.464,12.502,7.199,6.676,9.021,8.818,8.404,7.883,8.147,8.442,9.313,4.038,6.495,5.039,5.794,5.814,4.537,5.206,5.097,5.067,5.219,5.388,4.779,4.185,5.164,5.618,5.481,5.070,7.380,6.199,5.748,6.512,4.741,4.973,4.323,4.201,0.000,3.183,6.636,7.456,6.116,6.214,5.710,6.503,4.774,4.472,5.485
C16回,6.970,8.881,6.400,5.646,10.557,5.733,5.693,7.158,7.179,6.783,6.206,6.503,6.465,8.165,5.956,5.916,5.692,6.366,5.794,6.329,6.666,6.769,6.586,6.047,6.238,6.473,6.287,6.821,6.735,6.474,6.147,5.646,5.156,4.621,6.003,4.563,5.006,4.735,3.856,3.183,0.000,6.521,6.099,5.104,5.751,5.335,6.068,4.783,4.697,4.669
C27满,10.160,11.266,10.978,9.826,12.652,6.003,7.459,7.716,9.087,9.005,7.949,10.434,8.821,7.498,9.231,4.249,6.741,6.198,5.429,7.966,7.052,7.131,7.654,9.393,6.576,8.113,8.609,7.779,7.669,7.921,7.538,6.017,5.692,5.743,6.208,5.595,5.787,6.006,4.627,6.636,6.521,0.000,5.595,4.957,3.762,6.577,8.006,5.244,7.373,6.554
C25生,9.744,9.965,9.571,7.142,9.971,4.998,5.700,6.017,6.856,6.576,5.421,7.662,5.156,5.591,9.311,5.667,6.974,7.492,6.534,8.660,8.398,8.480,8.389,8.281,7.914,8.925,9.257,9.435,8.552,8.351,7.886,5.282,5.991,5.774,7.044,6.387,7.034,7.079,5.621,7.456,6.099,5.595,0.000,3.698,3.819,5.065,6.292,5.648,6.942,5.335
C20成,9.944,10.425,9.475,7.176,10.555,4.431,5.036,6.412,6.991,6.526,5.512,7.778,6.497,5.475,8.780,5.239,6.037,6.693,5.764,7.557,7.317,7.260,7.292,7.694,7.220,8.041,8.191,8.495,7.893,7.640,7.225,5.633,6.443,6.094,6.650,6.160,6.747,6.653,4.769,6.116,5.104,4.957,3.698,0.000,3.244,4.680,5.109,5.339,6.157,5.303
C26气,10.344,11.291,10.246,8.369,11.738,4.936,5.932,7.088,8.029,7.602,6.431,9.156,7.439,5.360,8.389,4.374,5.594,6.077,5.068,7.142,6.580,6.570,6.816,7.980,6.416,7.538,7.994,8.077,7.506,7.407,6.864,5.806,5.991,5.760,7.218,6.197,6.550,6.504,4.630,6.214,5.751,3.762,3.819,3.244,0.000,4.694,6.021,5.208,6.591,5.860
C29失,9.089,10.208,8.188,6.599,10.018,5.414,4.567,7.011,6.549,5.911,5.341,7.041,6.346,6.513,7.098,6.852,6.821,7.730,7.295,6.329,7.091,6.791,6.360,7.490,8.138,8.425,7.934,9.209,8.502,8.497,8.086,7.069,6.587,6.191,7.020,6.316,6.752,7.238,6.046,5.710,5.335,6.577,5.065,4.680,4.694,0.000,3.442,4.492,4.800,4.892
C32功,9.744,10.606,8.231,5.975,9.559,5.426,4.116,6.833,6.294,5.254,5.023,6.662,6.712,6.294,7.824,7.500,7.133,8.304,7.923,6.548,7.760,7.240,6.605,7.345,8.691,9.133,8.385,9.861,9.020,8.817,8.519,7.487,7.421,6.902,8.190,7.664,8.220,8.016,7.355,6.503,6.068,8.006,6.292,5.109,6.021,3.442,0.000,5.838,4.443,4.858
C28意,6.852,8.812,7.520,7.275,10.651,6.015,5.978,7.176,7.313,6.907,6.596,7.277,7.064,7.998,6.554,6.368,6.989,7.296,6.876,6.046,6.599,6.692,6.602,7.733,6.866,7.701,7.487,7.813,7.891,7.889,7.373,5.605,5.160,4.972,4.542,4.340,4.445,5.718,4.745,4.774,4.783,5.244,5.648,5.339,5.208,4.492,5.838,0.000,4.550,4.116
C34张,6.997,9.355,6.081,5.549,10.205,5.734,5.044,6.965,6.796,6.129,5.968,6.750,6.986,8.093,5.602,6.437,6.247,6.487,6.722,4.953,6.719,6.070,5.002,6.134,6.735,7.336,6.594,7.361,7.148,7.038,6.844,6.652,5.123,4.612,6.461,5.270,5.809,5.313,5.928,4.472,4.697,7.373,6.942,6.157,6.591,4.800,4.443,4.550,0.000,3.951
C39放,7.396,8.649,7.118,5.145,9.263,4.761,4.765,5.461,6.268,5.330,4.955,6.009,5.963,6.840,7.363,6.015,6.341,7.129,6.375,6.929,7.245,7.492,7.092,7.005,7.077,8.169,7.706,8.263,7.559,7.449,7.329,4.842,4.880,4.513,6.172,5.993,6.630,5.619,5.546,5.485,4.669,6.554,5.335,5.303,5.860,4.892,4.858,4.116,3.951,0.000
