cls,C03,C09,C41,C43,C46,C50,C34,C35,C38,C31,C32,C28,C48,C33,C49,C30,C29,C36,C13,C26,C24,C25,C21,C22,C10,C04,C01,C02,C20,C05,C11,C07,C19,C23,C27,C16,C14,C15,C12,C06,C08,C18,C45,C47,C40,C44,C17,C37,C39,C42
C03停,0.000,3.489,6.227,6.039,13.153,12.096,12.945,12.021,13.069,12.126,12.673,10.663,10.342,12.149,12.011,12.115,11.815,11.372,11.001,11.046,9.699,11.506,11.252,11.320,11.044,10.152,10.764,9.391,11.950,10.614,10.831,11.493,11.664,9.801,10.113,10.460,9.481,10.457,8.780,9.459,8.939,9.676,8.975,8.056,7.389,7.351,8.096,9.722,10.182,8.913
C09出,3.489,0.000,5.359,5.587,11.514,10.548,11.579,10.653,11.528,10.516,10.952,9.150,9.054,10.492,10.549,10.656,10.450,10.005,9.334,9.732,8.218,10.214,9.829,9.930,9.262,9.002,9.751,8.528,10.689,9.375,9.380,10.189,10.349,8.520,8.795,9.269,7.905,9.036,7.449,8.461,7.411,8.176,7.292,6.414,5.873,5.668,6.264,8.472,8.453,7.273
C41上,6.227,5.359,0.000,4.531,10.989,9.801,11.053,10.104,11.309,10.378,10.698,9.322,8.892,10.557,10.405,10.743,10.635,9.968,9.834,10.480,9.492,10.878,10.781,10.821,10.437,10.191,10.726,9.722,11.707,10.557,10.649,11.311,11.129,9.657,9.676,10.166,9.314,10.316,9.094,9.682,9.013,8.580,5.880,4.584,4.107,4.464,7.127,8.187,7.644,6.065
C43下,6.039,5.587,4.531,0.000,13.147,12.099,13.062,12.124,13.498,12.238,12.736,11.288,10.978,12.664,12.514,12.824,12.595,11.997,11.706,12.800,11.284,12.960,12.777,12.845,12.355,12.157,12.732,11.620,13.733,12.532,12.528,13.386,13.331,11.523,11.611,12.038,10.999,12.148,10.654,11.589,10.912,10.539,7.682,6.356,5.797,6.518,8.703,10.142,9.615,8.314
C46边,13.153,11.514,10.989,13.147,0.000,2.856,3.568,4.043,3.434,3.225,3.335,4.141,4.175,4.935,3.763,4.367,4.425,4.669,4.681,6.185,6.607,5.138,4.688,5.136,4.807,5.983,5.645,6.548,5.825,5.390,5.217,5.289,5.034,6.325,5.957,5.796,6.103,5.839,6.837,5.795,6.188,5.886,6.501,8.095,8.726,7.711,6.645,5.266,4.696,5.816
C50面,12.096,10.548,9.801,12.099,2.856,0.000,3.998,3.375,3.978,3.368,3.627,3.492,3.207,4.196,3.979,4.140,3.935,4.192,4.738,5.888,6.659,4.986,5.100,5.359,4.423,5.050,4.911,5.589,5.802,4.909,5.027,5.211,4.774,6.250,5.748,5.620,5.778,5.631,6.351,5.316,5.617,5.324,5.927,7.412,7.752,6.843,6.163,4.500,3.708,4.882
C34张,12.945,11.579,11.053,13.062,3.568,3.998,0.000,3.012,3.833,3.427,3.502,4.349,4.908,4.202,3.409,4.635,3.942,4.673,5.622,6.749,7.662,5.509,5.961,6.350,5.462,6.051,5.758,6.573,6.428,5.723,5.896,5.945,5.740,7.451,7.011,6.708,7.167,6.707,7.580,6.338,6.931,5.790,6.714,8.228,8.745,8.007,6.429,5.660,5.005,6.109
C35平,12.021,10.653,10.104,12.124,4.043,3.375,3.012,0.000,3.608,3.145,3.105,3.602,3.368,3.834,3.608,4.109,3.174,4.178,5.837,6.336,6.892,5.428,5.525,5.994,5.246,5.569,5.527,6.062,6.342,5.460,5.634,5.928,5.423,6.871,6.522,6.394,6.587,6.518,6.792,5.920,6.237,5.601,6.142,7.581,7.885,7.253,6.310,4.990,4.450,5.748
C38劳,13.069,11.528,11.309,13.498,3.434,3.978,3.833,3.608,0.000,3.347,2.873,4.353,4.212,3.832,3.819,3.309,3.460,4.125,5.561,5.350,6.034,4.487,4.633,4.787,4.945,5.236,5.245,6.057,4.990,4.972,4.985,4.854,4.550,6.336,5.805,5.816,6.307,5.840,6.782,5.843,5.959,6.181,7.146,8.714,8.970,8.252,6.978,5.318,5.362,6.368
C31成,12.126,10.516,10.378,12.238,3.225,3.368,3.427,3.145,3.347,0.000,2.086,2.917,3.872,3.335,3.725,3.698,3.062,3.695,4.418,5.943,5.729,4.696,4.504,4.632,4.070,5.076,5.170,5.822,5.313,4.887,4.547,5.197,4.848,5.952,5.351,5.195,5.457,5.188,5.813,5.352,5.679,5.500,6.203,7.688,8.054,7.221,5.802,4.393,4.035,5.487
C32功,12.673,10.952,10.698,12.736,3.335,3.627,3.502,3.105,2.873,2.086,0.000,3.752,4.020,3.400,3.721,3.481,3.345,4.221,5.436,5.960,6.017,4.967,4.894,5.049,4.711,5.527,5.592,6.316,5.685,5.362,5.103,5.420,5.093,6.402,5.761,5.789,6.146,5.828,6.477,6.028,6.041,5.651,6.283,7.763,8.280,7.614,6.314,5.117,4.579,5.917
C28意,10.663,9.150,9.322,11.288,4.141,3.492,4.349,3.602,4.353,2.917,3.752,0.000,3.202,3.552,3.666,3.839,2.851,3.214,4.222,5.255,5.145,3.914,3.995,4.131,3.276,3.988,4.262,4.580,4.751,3.792,3.591,4.411,3.952,4.990,4.359,4.314,4.175,4.099,4.386,3.930,4.222,4.629,5.980,7.172,7.434,6.307,4.685,3.716,3.600,4.948
C48边,10.342,9.054,8.892,10.978,4.175,3.207,4.908,3.368,4.212,3.872,4.020,3.202,0.000,4.588,4.030,3.839,3.646,4.182,5.217,4.820,5.184,4.477,4.149,4.563,4.556,4.306,4.386,4.506,5.287,4.269,4.443,4.683,4.378,4.852,4.533,5.035,4.859,5.032,4.954,4.129,4.237,5.011,5.485,6.692,6.903,6.024,5.667,4.042,3.926,4.824
C33紧,12.149,10.492,10.557,12.664,4.935,4.196,4.202,3.834,3.832,3.335,3.400,3.552,4.588,0.000,3.888,3.597,3.200,3.912,5.088,5.532,6.089,4.615,5.183,5.161,3.984,4.431,4.824,5.389,5.028,4.510,4.443,5.014,4.608,6.277,5.657,5.507,5.645,5.180,6.002,5.475,5.594,5.884,7.005,8.308,8.357,7.841,5.895,4.970,4.669,6.009
C49前,12.011,10.549,10.405,12.514,3.763,3.979,3.409,3.608,3.819,3.725,3.721,3.666,4.030,3.888,0.000,3.410,3.483,3.747,5.205,5.260,6.073,4.261,4.749,4.930,4.527,4.903,4.621,5.274,5.051,4.550,4.622,4.636,4.512,5.680,5.321,5.198,5.612,5.122,6.077,4.961,5.388,5.557,6.340,7.656,8.117,7.469,5.735,4.440,4.559,5.581
C30败,12.115,10.656,10.743,12.824,4.367,4.140,4.635,4.109,3.309,3.698,3.481,3.839,3.839,3.597,3.410,0.000,2.625,3.156,5.647,4.422,5.185,3.090,3.777,3.660,4.470,4.138,4.057,4.639,3.827,4.079,3.903,3.885,3.772,5.166,4.163,4.603,5.037,4.316,5.387,4.753,4.929,6.486,6.668,8.104,8.537,7.956,6.405,4.249,4.800,6.224
C29失,11.815,10.450,10.635,12.595,4.425,3.935,3.942,3.174,3.460,3.062,3.345,2.851,3.646,3.200,3.483,2.625,0.000,2.611,5.444,5.091,5.515,3.429,4.110,4.250,4.165,4.095,4.252,4.918,4.249,4.111,4.004,4.231,3.897,5.607,4.731,4.718,5.129,4.520,5.608,4.692,4.942,5.617,6.818,8.332,8.478,7.677,6.099,4.250,4.647,6.043
C36静,11.372,10.005,9.968,11.997,4.669,4.192,4.673,4.178,4.125,3.695,4.221,3.214,4.182,3.912,3.747,3.156,2.611,0.000,5.185,4.990,4.989,3.346,4.261,4.174,4.298,4.290,4.546,4.986,4.108,4.367,4.053,4.341,4.051,5.575,4.536,4.319,4.879,4.225,5.342,4.574,4.905,5.790,6.464,7.844,7.888,7.172,5.771,3.315,4.451,5.351
C13运,11.001,9.334,9.834,11.706,4.681,4.738,5.622,5.837,5.561,4.418,5.436,4.222,5.217,5.088,5.205,5.647,5.444,5.185,0.000,5.870,5.801,5.260,4.804,4.988,3.146,4.664,4.927,5.198,5.291,4.259,4.015,4.905,4.635,5.571,5.583,5.038,4.413,4.552,5.097,4.493,4.790,5.364,6.658,7.955,8.088,6.832,4.821,4.979,4.693,5.442
C26气,11.046,9.732,10.480,12.800,6.185,5.888,6.749,6.336,5.350,5.943,5.960,5.255,4.820,5.532,5.260,4.422,5.091,4.990,5.870,0.000,4.989,4.110,3.982,4.025,4.836,3.901,4.038,4.126,3.724,4.021,4.200,3.647,3.803,4.861,4.239,5.390,4.969,4.327,5.151,4.142,4.192,6.335,7.755,8.644,8.607,7.746,6.641,5.069,6.202,6.722
C24过,9.699,8.218,9.492,11.284,6.607,6.659,7.662,6.892,6.034,5.729,6.017,5.145,5.184,6.089,6.073,5.185,5.515,4.989,5.801,4.989,0.000,4.712,3.837,3.381,4.826,4.668,5.266,5.003,4.423,4.622,3.982,4.616,4.939,3.682,3.260,4.044,3.633,3.788,3.483,4.118,3.723,6.230,7.095,7.849,7.910,7.140,5.980,4.707,6.101,6.363
C25生,11.506,10.214,10.878,12.960,5.138,4.986,5.509,5.428,4.487,4.696,4.967,3.914,4.477,4.615,4.261,3.090,3.429,3.346,5.260,4.110,4.712,0.000,3.338,2.791,3.845,3.376,3.580,4.019,2.394,3.144,2.840,2.549,2.632,4.675,3.733,3.484,4.120,3.106,4.561,3.534,3.833,5.861,7.420,8.800,9.033,8.178,6.157,4.489,5.383,6.434
C21开,11.252,9.829,10.781,12.777,4.688,5.100,5.961,5.525,4.633,4.504,4.894,3.995,4.149,5.183,4.749,3.777,4.110,4.261,4.804,3.982,3.837,3.338,0.000,2.123,3.504,3.752,3.840,4.263,3.133,3.227,2.734,3.051,3.092,3.263,3.349,3.650,3.424,3.104,4.027,3.298,3.496,5.692,7.371,8.524,8.820,7.818,6.194,4.816,5.759,6.672
C22心,11.320,9.930,10.821,12.845,5.136,5.359,6.350,5.994,4.787,4.632,5.049,4.131,4.563,5.161,4.930,3.660,4.250,4.174,4.988,4.025,3.381,2.791,2.123,0.000,3.722,3.586,3.846,4.177,2.623,3.272,2.628,2.870,3.054,3.445,3.074,2.993,3.411,2.630,3.710,3.335,3.623,6.151,7.644,8.805,9.105,8.093,6.369,4.647,5.742,6.703
C10发,11.044,9.262,10.437,12.355,4.807,4.423,5.462,5.246,4.945,4.070,4.711,3.276,4.556,3.984,4.527,4.470,4.165,4.298,3.146,4.836,4.826,3.845,3.504,3.722,0.000,2.910,3.335,3.885,3.749,2.445,2.059,3.120,3.028,4.839,4.528,4.035,3.405,3.208,3.977,3.355,3.409,4.826,7.208,8.430,8.586,7.454,4.858,4.842,4.930,6.033
C04止,10.152,9.002,10.191,12.157,5.983,5.050,6.051,5.569,5.236,5.076,5.527,3.988,4.306,4.431,4.903,4.138,4.095,4.290,4.664,3.901,4.668,3.376,3.752,3.586,2.910,0.000,1.784,1.829,3.120,1.542,2.231,2.517,2.783,4.608,4.003,3.948,3.856,3.094,3.749,2.483,2.997,5.557,7.514,8.628,8.603,7.623,5.507,4.522,5.557,6.352
C01开,10.764,9.751,10.726,12.732,5.645,4.911,5.758,5.527,5.245,5.170,5.592,4.262,4.386,4.824,4.621,4.057,4.252,4.546,4.927,4.038,5.266,3.580,3.840,3.846,3.335,1.784,0.000,1.674,3.266,1.706,2.586,2.339,2.838,4.861,4.163,4.322,4.345,3.558,4.220,2.535,3.682,5.811,7.737,8.890,9.042,8.076,5.988,4.838,5.771,6.693
C02始,9.391,8.528,9.722,11.620,6.548,5.589,6.573,6.062,6.057,5.822,6.316,4.580,4.506,5.389,5.274,4.639,4.918,4.986,5.198,4.126,5.003,4.019,4.263,4.177,3.885,1.829,1.674,0.000,3.840,2.199,3.004,3.156,3.532,4.621,4.024,4.397,3.993,3.628,3.516,2.311,3.198,5.859,7.309,8.248,8.314,7.414,5.480,4.679,5.682,6.377
C20成,11.950,10.689,11.707,13.733,5.825,5.802,6.428,6.342,4.990,5.313,5.685,4.751,5.287,5.028,5.051,3.827,4.249,4.108,5.291,3.724,4.423,2.394,3.133,2.623,3.749,3.120,3.266,3.840,0.000,2.762,2.331,2.021,2.249,4.652,3.856,3.674,4.117,2.944,4.535,3.415,3.965,6.518,8.545,9.832,9.836,8.981,6.833,5.133,6.306,7.410
C05前,10.614,9.375,10.557,12.532,5.390,4.909,5.723,5.460,4.972,4.887,5.362,3.792,4.269,4.510,4.550,4.079,4.111,4.367,4.259,4.021,4.622,3.144,3.227,3.272,2.445,1.542,1.706,2.199,2.762,0.000,1.537,1.804,2.256,4.404,3.961,3.716,3.519,2.884,3.622,1.981,2.852,5.378,7.623,8.804,8.892,7.867,5.476,4.827,5.512,6.460
C11等,10.831,9.380,10.649,12.528,5.217,5.027,5.896,5.634,4.985,4.547,5.103,3.591,4.443,4.443,4.622,3.903,4.004,4.053,4.015,4.200,3.982,2.840,2.734,2.628,2.059,2.231,2.586,3.004,2.331,1.537,0.000,1.953,2.152,4.086,3.506,3.180,2.929,2.276,3.118,2.313,2.801,5.450,7.502,8.728,8.874,7.871,5.407,4.549,5.319,6.499
C07后,11.493,10.189,11.311,13.386,5.289,5.211,5.945,5.928,4.854,5.197,5.420,4.411,4.683,5.014,4.636,3.885,4.231,4.341,4.905,3.647,4.616,2.549,3.051,2.870,3.120,2.517,2.339,3.156,2.021,1.804,1.953,0.000,1.870,4.563,3.877,3.757,4.064,2.948,4.327,2.641,3.237,5.756,8.048,9.379,9.522,8.497,6.244,5.155,6.030,6.929
C19完,11.664,10.349,11.129,13.331,5.034,4.774,5.740,5.423,4.550,4.848,5.093,3.952,4.378,4.608,4.512,3.772,3.897,4.051,4.635,3.803,4.939,2.632,3.092,3.054,3.028,2.783,2.838,3.532,2.249,2.256,2.152,1.870,0.000,4.771,4.239,3.913,4.121,3.347,4.495,3.081,3.538,5.510,7.882,9.292,9.396,8.354,6.199,4.981,5.626,6.823
C23难,9.801,8.520,9.657,11.523,6.325,6.250,7.451,6.871,6.336,5.952,6.402,4.990,4.852,6.277,5.680,5.166,5.607,5.575,5.571,4.861,3.682,4.675,3.263,3.445,4.839,4.608,4.861,4.621,4.652,4.404,4.086,4.563,4.771,0.000,3.048,3.644,3.162,3.536,3.651,3.573,3.334,5.989,7.238,7.856,8.029,7.311,6.098,5.011,6.150,6.396
C27满,10.113,8.795,9.676,11.611,5.957,5.748,7.011,6.522,5.805,5.351,5.761,4.359,4.533,5.657,5.321,4.163,4.731,4.536,5.583,4.239,3.260,3.733,3.349,3.074,4.528,4.003,4.163,4.024,3.856,3.961,3.506,3.877,4.239,3.048,0.000,3.566,3.220,2.857,3.267,3.398,3.483,6.181,6.849,7.705,7.968,7.232,5.887,4.199,5.514,6.090
C16回,10.460,9.269,10.166,12.038,5.796,5.620,6.708,6.394,5.816,5.195,5.789,4.314,5.035,5.507,5.198,4.603,4.718,4.319,5.038,5.390,4.044,3.484,3.650,2.993,4.035,3.948,4.322,4.397,3.674,3.716,3.180,3.757,3.913,3.644,3.566,0.000,3.038,2.421,3.767,3.220,3.680,5.946,7.457,8.507,8.519,7.830,5.703,4.533,5.504,6.053
C14行,9.481,7.905,9.314,10.999,6.103,5.778,7.167,6.587,6.307,5.457,6.146,4.175,4.859,5.645,5.612,5.037,5.129,4.879,4.413,4.969,3.633,4.120,3.424,3.411,3.405,3.856,4.345,3.993,4.117,3.519,2.929,4.064,4.121,3.162,3.220,3.038,0.000,2.297,2.429,2.997,2.638,5.463,6.835,7.654,7.726,6.811,4.829,4.505,5.130,5.878
C15返,10.457,9.036,10.316,12.148,5.839,5.631,6.707,6.518,5.840,5.188,5.828,4.099,5.032,5.180,5.122,4.316,4.520,4.225,4.552,4.327,3.788,3.106,3.104,2.630,3.208,3.094,3.558,3.628,2.944,2.884,2.276,2.948,3.347,3.536,2.857,2.421,2.297,0.000,3.218,2.697,2.952,6.017,7.546,8.541,8.661,7.702,5.486,4.444,5.576,6.285
C12待,8.780,7.449,9.094,10.654,6.837,6.351,7.580,6.792,6.782,5.813,6.477,4.386,4.954,6.002,6.077,5.387,5.608,5.342,5.097,5.151,3.483,4.561,4.027,3.710,3.977,3.749,4.220,3.516,4.535,3.622,3.118,4.327,4.495,3.651,3.267,3.767,2.429,3.218,0.000,2.853,2.906,5.813,7.030,7.606,7.794,6.899,4.996,4.670,5.536,6.334
C06进,9.459,8.461,9.682,11.589,5.795,5.316,6.338,5.920,5.843,5.352,6.028,3.930,4.129,5.475,4.961,4.753,4.692,4.574,4.493,4.142,4.118,3.534,3.298,3.335,3.355,2.483,2.535,2.311,3.415,1.981,2.313,2.641,3.081,3.573,3.398,3.220,2.997,2.697,2.853,0.000,2.396,5.134,7.219,8.167,8.165,7.149,5.211,4.402,5.427,5.956
C08退,8.939,7.411,9.013,10.912,6.188,5.617,6.931,6.237,5.959,5.679,6.041,4.222,4.237,5.594,5.388,4.929,4.942,4.905,4.790,4.192,3.723,3.833,3.496,3.623,3.409,2.997,3.682,3.198,3.965,2.852,2.801,3.237,3.538,3.334,3.483,3.680,2.638,2.952,2.906,2.396,0.000,4.775,6.624,7.564,7.523,6.539,4.677,4.680,5.302,5.654
C18过,9.676,8.176,8.580,10.539,5.886,5.324,5.790,5.601,6.181,5.500,5.651,4.629,5.011,5.884,5.557,6.486,5.617,5.790,5.364,6.335,6.230,5.861,5.692,6.151,4.826,5.557,5.811,5.859,6.518,5.378,5.450,5.756,5.510,5.989,6.181,5.946,5.463,6.017,5.813,5.134,4.775,0.000,5.826,6.776,6.718,5.785,4.422,5.590,4.922,4.873
C45左,8.975,7.292,5.880,7.682,6.501,5.927,6.714,6.142,7.146,6.203,6.283,5.980,5.485,7.005,6.340,6.668,6.818,6.464,6.658,7.755,7.095,7.420,7.371,7.644,7.208,7.514,7.737,7.309,8.545,7.623,7.502,8.048,7.882,7.238,6.849,7.457,6.835,7.546,7.030,7.219,6.624,5.826,0.000,2.677,3.769,3.687,4.688,5.127,3.930,3.266
C47右,8.056,6.414,4.584,6.356,8.095,7.412,8.228,7.581,8.714,7.688,7.763,7.172,6.692,8.308,7.656,8.104,8.332,7.844,7.955,8.644,7.849,8.800,8.524,8.805,8.430,8.628,8.890,8.248,9.832,8.804,8.728,9.379,9.292,7.856,7.705,8.507,7.654,8.541,7.606,8.167,7.564,6.776,2.677,0.000,2.825,3.260,5.404,6.164,5.346,4.244
C40松,7.389,5.873,4.107,5.797,8.726,7.752,8.745,7.885,8.970,8.054,8.280,7.434,6.903,8.357,8.117,8.537,8.478,7.888,8.088,8.607,7.910,9.033,8.820,9.105,8.586,8.603,9.042,8.314,9.836,8.892,8.874,9.522,9.396,8.029,7.968,8.519,7.726,8.661,7.794,8.165,7.523,6.718,3.769,2.825,0.000,3.236,5.464,6.227,5.538,4.003
C44方,7.351,5.668,4.464,6.518,7.711,6.843,8.007,7.253,8.252,7.221,7.614,6.307,6.024,7.841,7.469,7.956,7.677,7.172,6.832,7.746,7.140,8.178,7.818,8.093,7.454,7.623,8.076,7.414,8.981,7.867,7.871,8.497,8.354,7.311,7.232,7.830,6.811,7.702,6.899,7.149,6.539,5.785,3.687,3.260,3.236,0.000,4.765,5.525,4.858,3.535
C17通,8.096,6.264,7.127,8.703,6.645,6.163,6.429,6.310,6.978,5.802,6.314,4.685,5.667,5.895,5.735,6.405,6.099,5.771,4.821,6.641,5.980,6.157,6.194,6.369,4.858,5.507,5.988,5.480,6.833,5.476,5.407,6.244,6.199,6.098,5.887,5.703,4.829,5.486,4.996,5.211,4.677,4.422,4.688,5.404,5.464,4.765,0.000,4.894,4.265,4.075
C37疲,9.722,8.472,8.187,10.142,5.266,4.500,5.660,4.990,5.318,4.393,5.117,3.716,4.042,4.970,4.440,4.249,4.250,3.315,4.979,5.069,4.707,4.489,4.816,4.647,4.842,4.522,4.838,4.679,5.133,4.827,4.549,5.155,4.981,5.011,4.199,4.533,4.505,4.444,4.670,4.402,4.680,5.590,5.127,6.164,6.227,5.525,4.894,0.000,3.538,4.256
C39放,10.182,8.453,7.644,9.615,4.696,3.708,5.005,4.450,5.362,4.035,4.579,3.600,3.926,4.669,4.559,4.800,4.647,4.451,4.693,6.202,6.101,5.383,5.759,5.742,4.930,5.557,5.771,5.682,6.306,5.512,5.319,6.030,5.626,6.150,5.514,5.504,5.130,5.576,5.536,5.427,5.302,4.922,3.930,5.346,5.538,4.858,4.265,3.538,0.000,3.222
C42方,8.913,7.273,6.065,8.314,5.816,4.882,6.109,5.748,6.368,5.487,5.917,4.948,4.824,6.009,5.581,6.224,6.043,5.351,5.442,6.722,6.363,6.434,6.672,6.703,6.033,6.352,6.693,6.377,7.410,6.460,6.499,6.929,6.823,6.396,6.090,6.053,5.878,6.285,6.334,5.956,5.654,4.873,3.266,4.244,4.003,3.535,4.075,4.256,3.222,0.000
