cls,C40,C18,C49,C50,C47,C41,C43,C44,C42,C45,C34,C39,C46,C17,C23,C11,C08,C04,C05,C03,C06,C07,C37,C26,C38,C48,C35,C28,C36,C31,C32,C33,C29,C30,C25,C01,C02,C13,C09,C10,C12,C14,C15,C16,C19,C24,C27,C22,C20,C21
C40松,0.000,10.542,9.266,10.070,7.122,6.648,7.330,8.237,7.497,6.996,8.335,8.443,8.211,9.405,12.359,11.840,12.396,11.646,12.002,12.434,12.878,12.564,9.593,11.081,9.921,10.000,9.425,9.549,10.137,9.691,9.635,9.285,9.838,10.271,10.735,10.599,10.880,10.040,11.083,11.035,11.344,11.265,10.944,11.161,10.549,11.117,10.736,11.216,11.049,10.915
C18过,10.542,0.000,8.852,9.084,9.050,8.780,7.942,7.008,6.871,7.332,7.331,6.817,6.939,6.332,8.789,8.693,9.174,8.620,9.012,9.391,9.714,9.329,7.459,8.188,7.090,7.291,7.311,6.743,7.459,7.008,6.993,7.504,7.197,7.743,7.580,7.683,7.854,7.848,7.797,7.842,7.959,8.021,7.521,7.526,7.380,7.933,7.525,7.718,7.625,7.395
C49前,9.266,8.852,0.000,10.547,7.211,7.533,6.917,7.326,6.588,6.305,6.084,6.146,6.303,6.141,8.882,8.592,9.413,8.509,8.775,9.357,9.777,9.478,6.937,8.071,6.883,7.856,6.238,6.597,7.144,6.641,6.711,6.601,6.729,7.082,7.562,7.575,7.794,7.275,8.304,8.096,8.204,8.180,8.092,8.387,7.650,8.150,7.688,8.111,8.043,7.805
C50面,10.070,9.084,10.547,0.000,8.102,7.658,7.115,6.262,6.083,6.553,6.187,5.755,5.996,8.281,8.008,7.741,8.327,7.738,8.106,8.622,8.816,8.449,6.819,7.183,6.362,5.042,6.317,6.278,6.474,6.055,6.213,6.280,6.274,6.416,6.704,6.851,7.015,6.476,7.173,7.339,7.327,7.194,7.095,7.327,7.164,7.097,6.635,6.902,7.115,7.029
C47右,7.122,9.050,7.211,8.102,0.000,4.344,4.861,5.831,4.642,4.438,5.777,5.405,5.444,7.433,10.086,9.622,10.554,9.809,10.067,10.754,11.074,10.769,7.127,9.011,7.790,8.090,7.322,7.632,8.466,7.304,7.216,7.406,7.860,8.164,8.647,9.085,9.340,7.538,9.026,9.017,9.584,9.188,9.166,9.453,9.047,9.337,8.557,9.214,9.345,8.980
C41上,6.648,8.780,7.533,7.658,4.344,0.000,3.620,5.030,4.239,3.230,6.271,5.969,5.560,7.216,9.683,9.757,10.185,9.445,9.842,10.181,10.621,10.265,6.858,8.609,7.494,7.459,7.162,7.218,7.542,7.582,7.624,7.558,7.541,8.005,8.249,8.142,8.432,7.525,8.675,8.771,9.086,9.023,8.612,8.672,8.147,9.061,8.363,8.796,8.558,8.496
C43下,7.330,7.942,6.917,7.115,4.861,3.620,0.000,4.465,3.527,3.103,4.970,4.529,4.171,5.757,8.367,8.259,8.788,8.028,8.401,8.912,9.292,8.923,5.978,6.819,6.032,6.043,5.623,5.587,6.126,5.964,6.105,6.007,5.896,6.399,6.776,6.712,6.990,6.100,7.201,7.289,7.591,7.433,7.032,7.298,6.607,7.615,6.768,7.247,7.035,6.816
C44方,8.237,7.008,7.326,6.262,5.831,5.030,4.465,0.000,2.691,3.321,4.962,3.886,3.391,4.788,6.784,6.933,7.307,6.843,7.252,7.699,7.962,7.544,4.797,5.899,4.679,4.855,5.030,4.295,4.914,4.625,4.667,5.164,4.918,5.372,5.484,5.847,5.916,4.721,5.570,5.810,6.106,6.029,5.509,5.683,5.360,5.955,5.330,5.498,5.437,5.220
C42方,7.497,6.871,6.588,6.083,4.642,4.239,3.527,2.691,0.000,2.570,4.188,3.060,2.465,4.463,7.073,6.881,7.468,6.768,7.178,7.686,8.035,7.638,4.449,5.945,4.740,4.974,4.840,4.200,4.907,4.339,4.563,4.794,4.778,5.348,5.539,5.914,5.982,4.369,5.541,5.649,6.148,5.990,5.579,5.800,5.470,6.210,5.398,5.798,5.709,5.429
C45左,6.996,7.332,6.305,6.553,4.438,3.230,3.103,3.321,2.570,0.000,4.258,3.973,3.374,5.227,7.821,7.878,8.368,7.558,7.975,8.416,8.902,8.521,5.193,6.725,5.158,5.292,4.999,5.076,5.601,5.341,5.362,5.518,5.435,5.986,6.274,6.126,6.427,5.673,6.782,6.817,7.146,7.133,6.722,6.760,6.034,6.879,6.398,6.631,6.433,6.286
C34张,8.335,7.331,6.084,6.187,5.777,6.271,4.970,4.962,4.188,4.258,0.000,2.707,3.428,5.714,7.827,6.921,7.807,6.530,6.944,7.791,8.330,8.009,4.992,6.305,4.450,4.774,2.985,4.104,5.078,3.872,3.888,3.704,4.299,4.843,5.911,5.743,5.931,5.332,6.585,6.173,6.618,6.426,6.454,6.980,5.865,6.672,5.833,6.419,6.482,6.133
C39放,8.443,6.817,6.146,5.755,5.405,5.969,4.529,3.886,3.060,3.973,2.707,0.000,2.265,4.387,6.375,5.204,6.208,5.154,5.541,6.434,6.762,6.374,3.517,4.891,3.457,3.868,2.931,2.932,3.982,2.584,2.740,2.711,3.119,3.434,4.284,4.724,4.724,3.347,4.626,4.503,5.008,4.601,4.698,5.312,4.532,5.096,4.051,4.869,4.947,4.565
C46边,8.211,6.939,6.303,5.996,5.444,5.560,4.171,3.391,2.465,3.374,3.428,2.265,0.000,4.210,6.499,5.979,6.618,5.758,6.157,6.799,7.213,6.838,3.885,5.489,3.794,4.215,3.861,3.545,4.404,3.582,3.728,4.201,4.154,4.586,4.912,5.119,5.199,3.857,4.889,4.849,5.420,5.246,5.042,5.340,4.673,5.470,4.895,5.117,5.221,4.728
C17通,9.405,6.332,6.141,8.281,7.433,7.216,5.757,4.788,4.463,5.227,5.714,4.387,4.210,0.000,5.976,6.155,6.786,6.286,6.698,7.218,7.426,6.905,4.786,5.062,4.198,4.973,4.828,3.792,4.514,4.205,4.337,4.763,4.259,4.739,4.507,5.138,5.196,4.412,4.977,5.242,5.113,5.217,4.491,4.685,4.683,5.188,4.514,4.760,4.602,4.261
C23难,12.359,8.789,8.882,8.008,10.086,9.683,8.367,6.784,7.073,7.821,7.827,6.375,6.499,5.976,0.000,5.255,5.368,5.564,5.820,6.046,5.859,5.368,5.960,4.770,4.967,5.080,5.951,4.973,4.739,5.130,5.531,5.770,4.906,4.685,4.326,5.155,4.857,4.521,4.494,5.046,4.209,4.469,4.134,4.309,4.691,4.333,4.126,3.556,3.942,3.744
C11等,11.840,8.693,8.592,7.741,9.622,9.757,8.259,6.933,6.881,7.878,6.921,5.204,5.979,6.155,5.255,0.000,3.697,3.316,3.404,4.068,3.811,3.543,4.747,4.656,4.823,5.081,5.360,4.565,4.354,4.475,4.912,4.645,4.393,3.773,3.594,5.024,4.224,3.762,3.299,3.343,3.278,2.777,3.764,4.481,4.248,4.240,3.698,3.836,4.240,3.935
C08退,12.396,9.174,9.413,8.327,10.554,10.185,8.788,7.307,7.468,8.368,7.807,6.208,6.618,6.786,5.368,3.697,0.000,2.555,2.680,3.028,2.532,2.303,4.934,5.191,5.165,5.639,5.910,5.108,4.471,5.430,5.755,5.668,5.197,4.578,4.914,5.407,4.313,4.389,2.918,3.018,3.222,3.312,3.737,4.295,4.049,4.679,4.269,4.226,4.208,4.043
C04止,11.646,8.620,8.509,7.738,9.809,9.445,8.028,6.843,6.768,7.558,6.530,5.154,5.758,6.286,5.564,3.316,2.555,0.000,1.382,1.884,2.461,2.084,4.404,4.819,4.507,4.961,5.000,4.097,3.551,4.535,4.925,4.482,4.167,3.815,4.148,4.415,3.154,3.865,2.696,2.132,2.634,2.931,3.707,4.314,3.190,4.515,4.077,4.208,4.015,3.912
C05前,12.002,9.012,8.775,8.106,10.067,9.842,8.401,7.252,7.178,7.975,6.944,5.541,6.157,6.698,5.820,3.404,2.680,1.382,0.000,1.795,1.766,1.780,4.505,5.339,5.305,5.564,5.479,4.620,4.065,4.966,5.463,5.004,4.719,4.222,4.681,5.134,3.955,4.095,2.848,2.243,2.944,2.928,3.980,4.687,3.760,4.992,4.514,4.587,4.519,4.310
C03停,12.434,9.391,9.357,8.622,10.754,10.181,8.912,7.699,7.686,8.416,7.791,6.434,6.799,7.218,6.046,4.068,3.028,1.884,1.795,0.000,1.682,1.606,5.215,5.763,5.834,6.012,6.399,5.330,4.586,5.897,6.305,5.902,5.474,5.142,4.973,5.205,3.935,4.825,3.300,2.870,3.362,3.783,4.646,5.042,4.100,5.392,5.161,4.964,4.754,4.715
C06进,12.878,9.714,9.777,8.816,11.074,10.621,9.292,7.962,8.035,8.902,8.330,6.762,7.213,7.426,5.859,3.811,2.532,2.461,1.766,1.682,0.000,0.978,5.284,5.833,6.243,6.337,6.721,5.620,4.804,6.041,6.567,6.209,5.748,5.181,5.203,5.828,4.619,4.779,3.115,2.949,3.229,3.404,4.343,4.891,4.417,5.355,5.055,4.866,4.857,4.739
C07后,12.564,9.329,9.478,8.449,10.769,10.265,8.923,7.544,7.638,8.521,8.009,6.374,6.838,6.905,5.368,3.543,2.303,2.084,1.780,1.606,0.978,0.000,5.041,5.235,5.615,5.770,6.289,5.117,4.272,5.557,6.010,5.704,5.199,4.663,4.608,5.226,3.969,4.380,2.575,2.547,2.671,3.033,3.819,4.310,3.918,4.788,4.455,4.269,4.191,4.139
C37疲,9.593,7.459,6.937,6.819,7.127,6.858,5.978,4.797,4.449,5.193,4.992,3.517,3.885,4.786,5.960,4.747,4.934,4.404,4.505,5.215,5.284,5.041,0.000,5.322,4.228,4.581,4.102,3.813,3.748,4.133,4.460,4.367,4.181,4.066,4.582,5.022,4.618,3.508,3.861,3.786,4.287,4.108,4.224,4.765,4.252,5.168,4.353,4.489,4.665,4.351
C26气,11.081,8.188,8.071,7.183,9.011,8.609,6.819,5.899,5.945,6.725,6.305,4.891,5.489,5.062,4.770,4.656,5.191,4.819,5.339,5.763,5.833,5.235,5.322,0.000,3.911,3.871,4.607,3.603,3.492,3.835,4.186,3.959,3.085,3.042,3.052,3.745,3.480,3.854,4.093,4.586,3.835,3.730,3.414,4.220,3.843,3.776,2.649,3.323,3.083,2.901
C38劳,9.921,7.090,6.883,6.362,7.790,7.494,6.032,4.679,4.740,5.158,4.450,3.457,3.794,4.198,4.967,4.823,5.165,4.507,5.305,5.834,6.243,5.615,4.228,3.911,0.000,2.456,2.500,2.640,3.022,2.678,2.290,2.937,2.617,2.834,3.403,3.423,3.306,3.800,4.151,4.223,3.993,4.395,3.838,4.020,3.289,3.488,3.156,3.071,3.177,3.028
C48边,10.000,7.291,7.856,5.042,8.090,7.459,6.043,4.855,4.974,5.292,4.774,3.868,4.215,4.973,5.080,5.081,5.639,4.961,5.564,6.012,6.337,5.770,4.581,3.871,2.456,0.000,3.125,2.936,3.188,3.091,3.013,3.359,2.845,2.963,3.278,3.143,3.318,4.119,4.434,4.680,4.107,4.490,4.039,4.278,3.656,3.630,3.136,3.215,3.307,3.298
C35平,9.425,7.311,6.238,6.317,7.322,7.162,5.623,5.030,4.840,4.999,2.985,2.931,3.861,4.828,5.951,5.360,5.910,5.000,5.479,6.399,6.721,6.289,4.102,4.607,2.500,3.125,0.000,2.679,3.296,2.595,2.500,2.341,2.508,2.717,4.315,4.137,4.172,4.179,5.079,4.855,4.801,4.795,4.582,5.181,4.125,4.712,3.854,4.325,4.430,4.152
C28意,9.549,6.743,6.597,6.278,7.632,7.218,5.587,4.295,4.200,5.076,4.104,2.932,3.545,3.792,4.973,4.565,5.108,4.097,4.620,5.330,5.620,5.117,3.813,3.603,2.640,2.936,2.679,0.000,1.910,1.651,2.398,2.274,1.530,2.292,3.006,3.401,3.113,2.808,3.448,3.360,3.081,3.333,2.919,3.638,2.701,3.760,2.638,3.191,3.027,2.762
C36静,10.137,7.459,7.144,6.474,8.466,7.542,6.126,4.914,4.907,5.601,5.078,3.982,4.404,4.514,4.739,4.354,4.471,3.551,4.065,4.586,4.804,4.272,3.748,3.492,3.022,3.188,3.296,1.910,0.000,2.806,3.496,3.085,2.138,2.449,2.935,3.264,2.653,2.993,3.089,3.099,2.471,2.999,2.529,3.190,2.287,3.662,2.844,2.941,2.698,2.635
C31成,9.691,7.008,6.641,6.055,7.304,7.582,5.964,4.625,4.339,5.341,3.872,2.584,3.582,4.205,5.130,4.475,5.430,4.535,4.966,5.897,6.041,5.557,4.133,3.835,2.678,3.091,2.595,1.651,2.806,0.000,1.543,1.854,1.800,2.147,3.287,4.144,3.956,2.813,3.822,3.759,3.604,3.518,3.372,4.131,3.614,3.664,2.664,3.456,3.675,3.207
C32功,9.635,6.993,6.711,6.213,7.216,7.624,6.105,4.667,4.563,5.362,3.888,2.740,3.728,4.337,5.531,4.912,5.755,4.925,5.463,6.305,6.567,6.010,4.460,4.186,2.290,3.013,2.500,2.398,3.496,1.543,0.000,2.012,2.317,2.511,3.712,4.286,4.151,3.563,4.348,4.338,4.271,4.263,4.041,4.498,3.992,3.865,2.960,3.737,3.898,3.567
C33紧,9.285,7.504,6.601,6.280,7.406,7.558,6.007,5.164,4.794,5.518,3.704,2.711,4.201,4.763,5.770,4.645,5.668,4.482,5.004,5.902,6.209,5.704,4.367,3.959,2.937,3.359,2.341,2.274,3.085,1.854,2.012,0.000,1.763,2.058,3.555,3.972,3.764,3.504,4.423,4.232,4.145,4.060,4.105,4.856,3.908,4.175,3.089,4.089,4.027,3.872
C29失,9.838,7.197,6.729,6.274,7.860,7.541,5.896,4.918,4.778,5.435,4.299,3.119,4.154,4.259,4.906,4.393,5.197,4.167,4.719,5.474,5.748,5.199,4.181,3.085,2.617,2.845,2.508,1.530,2.138,1.800,2.317,1.763,0.000,1.353,2.510,2.983,2.830,2.966,3.808,3.872,3.335,3.264,3.032,3.809,2.928,3.435,2.191,3.153,2.907,2.809
C30败,10.271,7.743,7.082,6.416,8.164,8.005,6.399,5.372,5.348,5.986,4.843,3.434,4.586,4.739,4.685,3.773,4.578,3.815,4.222,5.142,5.181,4.663,4.066,3.042,2.834,2.963,2.717,2.292,2.449,2.147,2.511,2.058,1.353,0.000,2.611,3.366,3.009,2.937,3.541,3.698,3.094,2.851,2.869,3.778,3.021,3.122,1.811,2.939,2.915,2.782
C25生,10.735,7.580,7.562,6.704,8.647,8.249,6.776,5.484,5.539,6.274,5.911,4.284,4.912,4.507,4.326,3.594,4.914,4.148,4.681,4.973,5.203,4.608,4.582,3.052,3.403,3.278,4.315,3.006,2.935,3.287,3.712,3.555,2.510,2.611,0.000,2.654,2.536,3.132,3.440,3.900,2.942,3.006,3.018,3.550,3.254,2.941,2.363,2.630,2.643,2.644
C01开,10.599,7.683,7.575,6.851,9.085,8.142,6.712,5.847,5.914,6.126,5.743,4.724,5.119,5.138,5.155,5.024,5.407,4.415,5.134,5.205,5.828,5.226,5.022,3.745,3.423,3.143,4.137,3.401,3.264,4.144,4.286,3.972,2.983,3.366,2.654,0.000,1.558,4.352,4.439,4.722,3.942,4.316,4.101,4.314,3.298,3.715,3.466,3.591,3.003,3.454
C02始,10.880,7.854,7.794,7.015,9.340,8.432,6.990,5.916,5.982,6.427,5.931,4.724,5.199,5.196,4.857,4.224,4.313,3.154,3.955,3.935,4.619,3.969,4.618,3.480,3.306,3.318,4.172,3.113,2.653,3.956,4.151,3.764,2.830,3.009,2.536,1.558,0.000,3.894,3.438,3.591,2.948,3.510,3.424,3.737,2.428,3.579,3.079,3.157,2.394,2.902
C13运,10.040,7.848,7.275,6.476,7.538,7.525,6.100,4.721,4.369,5.673,5.332,3.347,3.857,4.412,4.521,3.762,4.389,3.865,4.095,4.825,4.779,4.380,3.508,3.854,3.800,4.119,4.179,2.808,2.993,2.813,3.563,3.504,2.966,2.937,3.132,4.352,3.894,0.000,2.526,2.849,2.929,2.322,2.612,3.569,3.494,3.756,2.765,3.347,3.540,3.029
C09出,11.083,7.797,8.304,7.173,9.026,8.675,7.201,5.570,5.541,6.782,6.585,4.626,4.889,4.977,4.494,3.299,2.918,2.696,2.848,3.300,3.115,2.575,3.861,4.093,4.151,4.434,5.079,3.448,3.089,3.822,4.348,4.423,3.808,3.541,3.440,4.439,3.438,2.526,0.000,1.328,1.816,1.926,2.108,2.829,2.818,3.651,2.973,2.955,2.899,2.583
C10发,11.035,7.842,8.096,7.339,9.017,8.771,7.289,5.810,5.649,6.817,6.173,4.503,4.849,5.242,5.046,3.343,3.018,2.132,2.243,2.870,2.949,2.547,3.786,4.586,4.223,4.680,4.855,3.360,3.099,3.759,4.338,4.232,3.872,3.698,3.900,4.722,3.591,2.849,1.328,0.000,2.069,2.337,2.792,3.490,2.904,4.239,3.594,3.551,3.512,3.137
C12待,11.344,7.959,8.204,7.327,9.584,9.086,7.591,6.106,6.148,7.146,6.618,5.008,5.420,5.113,4.209,3.278,3.222,2.634,2.944,3.362,3.229,2.671,4.287,3.835,3.993,4.107,4.801,3.081,2.471,3.604,4.271,4.145,3.335,3.094,2.942,3.942,2.948,2.929,1.816,2.069,0.000,1.840,1.938,2.747,2.469,3.266,2.780,2.569,2.708,2.490
C14行,11.265,8.021,8.180,7.194,9.188,9.023,7.433,6.029,5.990,7.133,6.426,4.601,5.246,5.217,4.469,2.777,3.312,2.931,2.928,3.783,3.404,3.033,4.108,3.730,4.395,4.490,4.795,3.333,2.999,3.518,4.263,4.060,3.264,2.851,3.006,4.316,3.510,2.322,1.926,2.337,1.840,0.000,1.823,3.096,3.061,3.515,2.549,3.042,3.182,2.774
C15返,10.944,7.521,8.092,7.095,9.166,8.612,7.032,5.509,5.579,6.722,6.454,4.698,5.042,4.491,4.134,3.764,3.737,3.707,3.980,4.646,4.343,3.819,4.224,3.414,3.838,4.039,4.582,2.919,2.529,3.372,4.041,4.105,3.032,2.869,3.018,4.101,3.424,2.612,2.108,2.792,1.938,1.823,0.000,2.120,2.566,3.275,2.264,2.485,2.414,2.104
C16回,11.161,7.526,8.387,7.327,9.453,8.672,7.298,5.683,5.800,6.760,6.980,5.312,5.340,4.685,4.309,4.481,4.295,4.314,4.687,5.042,4.891,4.310,4.765,4.220,4.020,4.278,5.181,3.638,3.190,4.131,4.498,4.856,3.809,3.778,3.550,4.314,3.737,3.569,2.829,3.490,2.747,3.096,2.120,0.000,2.885,3.495,3.134,2.765,2.587,2.629
C19完,10.549,7.380,7.650,7.164,9.047,8.147,6.607,5.360,5.470,6.034,5.865,4.532,4.673,4.683,4.691,4.248,4.049,3.190,3.760,4.100,4.417,3.918,4.252,3.843,3.289,3.656,4.125,2.701,2.287,3.614,3.992,3.908,2.928,3.021,3.254,3.298,2.428,3.494,2.818,2.904,2.469,3.061,2.566,2.885,0.000,3.382,3.133,2.886,2.233,2.364
C24过,11.117,7.933,8.150,7.097,9.337,9.061,7.615,5.955,6.210,6.879,6.672,5.096,5.470,5.188,4.333,4.240,4.679,4.515,4.992,5.392,5.355,4.788,5.168,3.776,3.488,3.630,4.712,3.760,3.662,3.664,3.865,4.175,3.435,3.122,2.941,3.715,3.579,3.756,3.651,4.239,3.266,3.515,3.275,3.495,3.382,0.000,2.658,2.378,2.624,2.575
C27满,10.736,7.525,7.688,6.635,8.557,8.363,6.768,5.330,5.398,6.398,5.833,4.051,4.895,4.514,4.126,3.698,4.269,4.077,4.514,5.161,5.055,4.455,4.353,2.649,3.156,3.136,3.854,2.638,2.844,2.664,2.960,3.089,2.191,1.811,2.363,3.466,3.079,2.765,2.973,3.594,2.780,2.549,2.264,3.134,3.133,2.658,0.000,2.267,2.153,2.090
C22心,11.216,7.718,8.111,6.902,9.214,8.796,7.247,5.498,5.798,6.631,6.419,4.869,5.117,4.760,3.556,3.836,4.226,4.208,4.587,4.964,4.866,4.269,4.489,3.323,3.071,3.215,4.325,3.191,2.941,3.456,3.737,4.089,3.153,2.939,2.630,3.591,3.157,3.347,2.955,3.551,2.569,3.042,2.485,2.765,2.886,2.378,2.267,0.000,1.742,1.504
C20成,11.049,7.625,8.043,7.115,9.345,8.558,7.035,5.437,5.709,6.433,6.482,4.947,5.221,4.602,3.942,4.240,4.208,4.015,4.519,4.754,4.857,4.191,4.665,3.083,3.177,3.307,4.430,3.027,2.698,3.675,3.898,4.027,2.907,2.915,2.643,3.003,2.394,3.540,2.899,3.512,2.708,3.182,2.414,2.587,2.233,2.624,2.153,1.742,0.000,1.419
C21开,10.915,7.395,7.805,7.029,8.980,8.496,6.816,5.220,5.429,6.286,6.133,4.565,4.728,4.261,3.744,3.935,4.043,3.912,4.310,4.715,4.739,4.139,4.351,2.901,3.028,3.298,4.152,2.762,2.635,3.207,3.567,3.872,2.809,2.782,2.644,3.454,2.902,3.029,2.583,3.137,2.490,2.774,2.104,2.629,2.364,2.575,2.090,1.504,1.419,0.000
