cls,C13,C36,C37,C19,C15,C16,C01,C04,C02,C03,C14,C11,C12,C09,C10,C08,C05,C06,C07,C45,C43,C41,C47,C44,C40,C42,C17,C18,C46,C49,C48,C50,C39,C30,C28,C29,C32,C38,C33,C31,C34,C35,C21,C23,C22,C24,C25,C20,C26,C27
C13运,0.000,7.270,7.440,8.863,8.244,9.776,10.242,8.540,9.502,8.762,6.042,6.747,7.496,7.240,6.137,7.507,7.863,7.939,7.694,13.747,12.233,12.730,12.445,11.782,12.034,12.007,8.373,10.210,9.004,9.715,10.455,9.877,9.642,9.229,8.927,11.436,12.132,11.371,9.849,9.618,10.194,10.134,9.825,9.020,8.982,9.408,10.028,11.135,11.605,10.327
C36静,7.270,0.000,5.211,8.585,7.606,8.635,10.110,7.824,9.361,8.852,6.609,7.184,8.047,6.805,6.331,7.488,7.866,8.388,7.179,12.362,10.918,11.711,10.720,10.509,10.585,10.685,7.736,8.942,7.779,8.099,8.995,8.500,8.503,6.775,6.327,9.045,9.783,9.131,7.524,7.424,8.199,6.944,8.838,8.935,8.188,8.164,8.578,10.419,10.308,9.105
C37疲,7.440,5.211,0.000,9.240,7.816,8.882,9.704,8.229,8.997,8.770,6.219,5.917,6.934,7.929,6.517,7.317,7.395,7.272,7.279,13.750,12.248,12.927,11.859,11.468,11.756,12.240,8.889,10.081,8.581,8.911,9.330,9.018,9.583,7.643,7.648,10.398,11.428,10.513,9.169,8.567,9.205,8.091,10.155,8.437,8.759,9.394,9.805,11.546,10.915,8.974
C19完,8.863,8.585,9.240,0.000,5.524,6.413,9.533,6.591,7.717,7.380,8.259,8.730,9.036,6.378,8.478,8.099,7.454,8.443,7.904,12.555,9.766,10.553,10.966,9.695,10.247,9.739,7.914,8.566,6.959,8.506,8.341,8.977,9.008,8.712,7.726,8.969,10.384,8.990,10.499,9.634,10.915,10.473,7.709,8.978,8.518,9.320,8.174,8.014,8.370,7.918
C15返,8.244,7.606,7.816,5.524,0.000,4.513,8.839,5.611,7.154,6.976,6.345,7.085,6.992,5.960,7.458,7.494,6.508,7.381,7.006,13.069,10.475,11.514,11.158,10.076,10.955,10.337,7.072,8.873,7.163,8.402,8.007,8.647,9.469,8.323,6.979,8.873,10.665,9.446,10.408,9.124,11.160,10.194,8.032,7.597,7.855,8.669,7.947,8.422,8.377,6.657
C16回,9.776,8.635,8.882,6.413,4.513,0.000,9.673,7.091,8.249,7.683,7.710,8.451,8.349,7.178,8.692,8.436,7.805,8.408,8.036,13.238,11.161,11.619,11.269,10.094,11.259,10.396,7.585,9.324,7.570,9.069,8.606,9.525,10.462,9.262,8.054,9.597,10.952,10.097,10.982,9.898,11.911,10.864,8.624,8.308,8.466,8.767,8.482,8.649,9.650,7.741
C01开,10.242,10.110,9.704,9.533,8.839,9.673,0.000,6.510,4.426,5.266,9.026,8.026,8.330,7.966,7.946,7.939,5.480,5.709,6.206,13.773,11.508,11.946,12.087,10.967,11.143,11.362,10.010,11.132,10.272,9.040,8.450,9.609,11.852,10.885,9.418,10.640,12.373,10.964,11.415,10.678,11.261,10.200,10.176,8.761,9.207,9.071,8.910,9.361,9.877,8.271
C04止,8.540,7.824,8.229,6.591,5.611,7.091,6.510,0.000,4.200,4.582,7.087,7.215,7.405,4.802,6.498,6.318,4.218,6.150,5.347,12.428,10.080,10.374,11.045,9.469,10.152,9.693,7.871,8.816,8.323,8.302,7.635,8.014,9.536,8.697,7.090,8.847,9.949,9.169,8.924,9.019,9.768,8.991,8.498,8.510,7.937,8.348,8.126,8.187,7.980,6.920
C02始,9.502,9.361,8.997,7.717,7.154,8.249,4.426,4.200,0.000,3.563,7.952,7.591,7.361,6.875,7.762,7.531,4.508,5.443,5.795,13.486,10.998,11.466,11.951,10.612,11.135,10.971,9.060,10.313,9.518,9.104,8.202,9.237,11.043,9.956,8.518,10.201,11.691,10.322,10.687,10.496,11.106,10.064,9.569,8.806,8.937,9.517,8.617,8.742,8.911,7.498
C03停,8.762,8.852,8.770,7.380,6.976,7.683,5.266,4.582,3.563,0.000,7.357,6.847,7.180,6.023,6.694,6.432,3.820,4.267,4.620,13.634,11.313,11.718,12.075,10.695,11.613,11.099,8.741,9.604,9.268,9.142,8.381,9.320,10.808,10.064,8.456,10.493,11.873,10.698,10.615,10.446,10.890,9.937,9.123,8.808,8.701,9.247,8.314,9.034,9.915,8.184
C14行,6.042,6.609,6.219,8.259,6.345,7.710,9.026,7.087,7.952,7.357,0.000,4.784,5.072,6.263,5.205,5.980,6.239,5.970,5.698,13.739,12.137,12.865,12.283,11.739,12.059,12.248,8.210,10.167,9.365,9.135,9.470,9.512,9.585,7.832,8.107,10.639,11.729,11.021,9.655,8.997,10.268,9.318,8.891,7.302,7.365,8.332,9.111,10.076,10.722,8.383
C11等,6.747,7.184,5.917,8.730,7.085,8.451,8.026,7.215,7.591,6.847,4.784,0.000,3.776,6.665,4.178,5.307,5.444,4.288,4.691,15.480,13.518,14.318,13.598,13.046,13.102,13.412,9.156,10.788,9.874,10.001,10.131,10.676,11.374,9.178,9.100,11.676,13.241,11.934,10.751,10.573,11.430,10.376,10.402,7.713,9.132,9.096,9.574,11.534,11.553,9.527
C12待,7.496,8.047,6.934,9.036,6.992,8.349,8.330,7.405,7.361,7.180,5.072,3.776,0.000,7.800,5.972,6.642,6.372,5.190,6.203,16.384,14.146,14.858,14.365,13.696,13.851,14.087,9.750,11.711,10.628,10.865,10.734,11.277,12.261,9.677,9.406,12.338,13.719,12.602,11.400,11.140,12.402,11.142,10.487,7.497,9.186,9.549,10.158,11.680,11.774,9.510
C09出,7.240,6.805,7.929,6.378,5.960,7.178,7.966,4.802,6.875,6.023,6.263,6.665,7.800,0.000,4.534,5.428,5.150,6.774,4.619,11.292,9.389,9.915,10.165,8.819,9.492,8.835,6.633,7.612,7.144,7.949,8.204,8.047,7.877,7.695,7.154,8.501,9.552,8.840,8.881,8.440,9.220,9.094,7.571,8.873,7.698,7.409,7.302,8.104,8.818,8.023
C10发,6.137,6.331,6.517,8.478,7.458,8.692,7.946,6.498,7.762,6.694,5.205,4.178,5.972,4.534,0.000,4.707,4.924,5.198,4.088,13.626,11.976,12.700,12.204,11.326,11.559,11.577,7.869,9.188,8.804,9.122,9.668,9.433,9.778,8.490,8.088,10.576,11.739,10.828,9.578,9.253,9.922,9.313,9.190,8.451,8.620,8.273,8.945,10.677,11.019,9.667
C08退,7.507,7.488,7.317,8.099,7.494,8.436,7.939,6.318,7.531,6.432,5.980,5.307,6.642,5.428,4.707,0.000,5.225,5.223,4.054,14.180,12.217,12.610,12.818,11.500,12.002,12.060,9.471,10.607,9.560,9.655,9.634,9.704,10.474,9.043,8.671,11.003,12.375,11.368,10.000,10.192,10.439,10.143,9.450,8.391,8.503,8.318,9.360,10.419,10.657,9.298
C05前,7.863,7.866,7.395,7.454,6.508,7.805,5.480,4.218,4.508,3.820,6.239,5.444,6.372,5.150,4.924,5.225,0.000,3.653,3.596,13.434,11.184,11.902,11.895,10.714,11.125,11.057,8.171,9.492,8.601,8.420,8.224,8.781,10.221,8.784,7.746,9.772,11.420,10.436,10.067,9.481,10.387,9.151,8.803,7.978,8.403,8.661,8.568,9.406,9.366,7.793
C06进,7.939,8.388,7.272,8.443,7.381,8.408,5.709,6.150,5.443,4.267,5.970,4.288,5.190,6.774,5.198,5.223,3.653,0.000,3.543,15.169,12.776,13.541,13.403,12.354,12.720,12.889,9.485,10.721,10.073,9.616,9.462,10.333,11.838,10.029,9.026,11.646,13.353,12.025,11.293,10.908,11.620,10.355,10.034,7.739,9.077,9.376,9.389,10.657,10.870,9.074
C07后,7.694,7.179,7.279,7.904,7.006,8.036,6.206,5.347,5.795,4.620,5.698,4.691,6.203,4.619,4.088,4.054,3.596,3.543,0.000,13.612,11.527,12.175,11.973,11.017,11.357,11.419,8.411,9.463,9.068,8.577,8.651,9.384,10.357,8.909,8.252,10.337,11.746,10.650,10.128,9.906,10.429,9.425,8.880,7.796,8.132,7.762,8.054,9.600,9.884,8.565
C45左,13.747,12.362,13.750,12.555,13.069,13.238,13.773,12.428,13.486,13.634,13.739,15.480,16.384,11.292,13.626,14.180,13.434,15.169,13.612,0.000,7.380,6.535,5.558,6.298,6.381,6.011,10.409,10.246,9.689,9.746,9.870,9.204,8.813,11.209,11.217,9.723,7.117,8.377,10.929,9.178,8.802,10.066,11.848,14.690,11.504,11.041,11.313,9.918,11.385,11.280
C43下,12.233,10.918,12.248,9.766,10.475,11.161,11.508,10.080,10.998,11.313,12.137,13.518,14.146,9.389,11.976,12.217,11.184,12.776,11.527,7.380,0.000,6.497,5.978,5.805,6.200,5.516,8.996,8.715,8.252,7.797,7.737,7.207,8.386,10.490,8.987,7.946,7.944,7.671,10.376,8.641,8.779,9.324,9.912,12.389,9.785,10.218,8.947,7.947,7.730,9.059
C41上,12.730,11.711,12.927,10.553,11.514,11.619,11.946,10.374,11.466,11.718,12.865,14.318,14.858,9.915,12.700,12.610,11.902,13.541,12.175,6.535,6.497,0.000,6.628,5.274,5.851,5.006,10.130,9.901,9.137,8.583,8.987,8.311,8.638,11.164,10.060,9.336,7.929,8.708,10.554,9.554,9.210,10.343,11.172,13.322,10.585,10.015,10.230,8.491,9.592,9.814
C47右,12.445,10.720,11.859,10.966,11.158,11.269,12.087,11.045,11.951,12.075,12.283,13.598,14.365,10.165,12.204,12.818,11.895,13.403,11.973,5.558,5.978,6.628,0.000,5.288,5.275,5.393,8.948,8.880,7.789,7.256,7.358,7.215,8.344,10.126,9.631,8.333,6.189,6.751,9.966,7.582,8.074,8.381,10.452,12.305,9.631,9.209,9.225,8.869,9.485,9.263
C44方,11.782,10.509,11.468,9.695,10.076,10.094,10.967,9.469,10.612,10.695,11.739,13.046,13.696,8.819,11.326,11.500,10.714,12.354,11.017,6.298,5.805,5.274,5.288,0.000,5.564,4.471,8.505,8.408,7.138,7.684,7.119,6.599,8.281,10.344,8.744,8.258,6.654,6.927,9.992,7.969,8.024,8.900,9.664,11.789,9.049,8.725,9.051,7.672,8.821,8.743
C40松,12.034,10.585,11.756,10.247,10.955,11.259,11.143,10.152,11.135,11.613,12.059,13.102,13.851,9.492,11.559,12.002,11.125,12.720,11.357,6.381,6.200,5.851,5.275,5.564,0.000,4.439,8.528,8.747,7.826,7.726,7.871,7.338,8.506,10.518,9.563,8.632,7.171,7.238,9.980,8.480,8.576,9.078,10.552,12.310,10.039,9.143,9.582,8.532,9.036,9.583
C42方,12.007,10.685,12.240,9.739,10.337,10.396,11.362,9.693,10.971,11.099,12.248,13.412,14.087,8.835,11.577,12.060,11.057,12.889,11.419,6.011,5.516,5.006,5.393,4.471,4.439,0.000,8.419,8.383,7.321,7.720,7.766,7.026,8.106,10.611,9.025,8.193,6.998,7.085,10.008,8.418,8.944,9.532,10.148,12.541,9.878,9.249,8.931,7.717,8.825,9.360
C17通,8.373,7.736,8.889,7.914,7.072,7.585,10.010,7.871,9.060,8.741,8.210,9.156,9.750,6.633,7.869,9.471,8.171,9.485,8.411,10.409,8.996,10.130,8.948,8.505,8.528,8.419,0.000,5.523,6.495,7.758,8.451,8.508,8.508,9.126,7.719,8.678,8.854,8.575,9.350,8.308,9.561,9.067,8.329,9.678,8.692,8.709,8.120,8.258,9.250,8.852
C18过,10.210,8.942,10.081,8.566,8.873,9.324,11.132,8.816,10.313,9.604,10.167,10.788,11.711,7.612,9.188,10.607,9.492,10.721,9.463,10.246,8.715,9.901,8.880,8.408,8.747,8.383,5.523,0.000,7.412,8.586,8.534,8.311,8.995,10.142,8.477,8.710,8.362,8.493,9.937,8.771,8.876,9.014,9.266,11.125,9.449,9.490,8.800,8.844,9.633,9.677
C46边,9.004,7.779,8.581,6.959,7.163,7.570,10.272,8.323,9.518,9.268,9.365,9.874,10.628,7.144,8.804,9.560,8.601,10.073,9.068,9.689,8.252,9.137,7.789,7.138,7.826,7.321,6.495,7.412,0.000,7.049,6.671,6.915,7.509,8.306,7.021,8.038,8.197,6.828,9.964,7.753,8.962,8.695,7.778,9.389,8.513,8.442,8.180,8.904,8.754,8.264
C49前,9.715,8.099,8.911,8.506,8.402,9.069,9.040,8.302,9.104,9.142,9.135,10.001,10.865,7.949,9.122,9.655,8.420,9.616,8.577,9.746,7.797,8.583,7.256,7.684,7.726,7.720,7.758,8.586,7.049,0.000,5.714,6.173,8.669,8.581,7.532,7.723,8.230,7.359,8.888,7.005,8.255,6.976,8.841,8.886,7.562,7.694,8.134,8.182,8.004,7.642
C48边,10.455,8.995,9.330,8.341,8.007,8.606,8.450,7.635,8.202,8.381,9.470,10.131,10.734,8.204,9.668,9.634,8.224,9.462,8.651,9.870,7.737,8.987,7.358,7.119,7.871,7.766,8.451,8.534,6.671,5.714,0.000,4.423,8.698,8.803,7.366,7.433,7.560,6.834,9.121,7.045,7.905,6.834,8.173,8.702,7.154,7.770,7.629,7.422,7.119,6.139
C50面,9.877,8.500,9.018,8.977,8.647,9.525,9.609,8.014,9.237,9.320,9.512,10.676,11.277,8.047,9.433,9.704,8.781,10.333,9.384,9.204,7.207,8.311,7.215,6.599,7.338,7.026,8.508,8.311,6.915,6.173,4.423,0.000,7.585,8.736,7.104,7.514,7.255,6.916,8.315,6.164,6.434,6.489,8.673,10.010,7.761,8.470,8.568,8.426,8.282,7.359
C39放,9.642,8.503,9.583,9.008,9.469,10.462,11.852,9.536,11.043,10.808,9.585,11.374,12.261,7.877,9.778,10.474,10.221,11.838,10.357,8.813,8.386,8.638,8.344,8.281,8.506,8.106,8.508,8.995,7.509,8.669,8.698,7.585,0.000,6.678,7.210,6.846,7.471,8.006,8.217,6.742,7.667,8.207,8.328,11.779,9.083,9.750,8.724,9.007,9.639,8.688
C30败,9.229,6.775,7.643,8.712,8.323,9.262,10.885,8.697,9.956,10.064,7.832,9.178,9.677,7.695,8.490,9.043,8.784,10.029,8.909,11.209,10.490,11.164,10.126,10.344,10.518,10.611,9.126,10.142,8.306,8.581,8.803,8.736,6.678,0.000,5.990,6.377,8.495,8.838,7.745,6.170,8.310,7.373,7.293,9.193,7.573,8.199,8.159,9.214,9.310,7.437
C28意,8.927,6.327,7.648,7.726,6.979,8.054,9.418,7.090,8.518,8.456,8.107,9.100,9.406,7.154,8.088,8.671,7.746,9.026,8.252,11.217,8.987,10.060,9.631,8.744,9.563,9.025,7.719,8.477,7.021,7.532,7.366,7.104,7.210,5.990,0.000,5.817,8.324,7.870,7.257,5.687,7.788,6.709,6.917,8.765,7.299,8.066,7.403,8.217,7.745,6.425
C29失,11.436,9.045,10.398,8.969,8.873,9.597,10.640,8.847,10.201,10.493,10.639,11.676,12.338,8.501,10.576,11.003,9.772,11.646,10.337,9.723,7.946,9.336,8.333,8.258,8.632,8.193,8.678,8.710,8.038,7.723,7.433,7.514,6.846,6.377,5.817,0.000,6.719,6.948,8.440,5.930,8.199,7.273,7.230,10.398,7.932,8.230,7.187,6.965,7.079,6.472
C32功,12.132,9.783,11.428,10.384,10.665,10.952,12.373,9.949,11.691,11.873,11.729,13.241,13.719,9.552,11.739,12.375,11.420,13.353,11.746,7.117,7.944,7.929,6.189,6.654,7.171,6.998,8.854,8.362,8.197,8.230,7.560,7.255,7.471,8.495,8.324,6.719,0.000,5.986,7.670,5.719,6.574,6.809,9.020,12.028,8.796,8.626,9.292,8.206,9.036,8.512
C38劳,11.371,9.131,10.513,8.990,9.446,10.097,10.964,9.169,10.322,10.698,11.021,11.934,12.602,8.840,10.828,11.368,10.436,12.025,10.650,8.377,7.671,8.708,6.751,6.927,7.238,7.085,8.575,8.493,6.828,7.359,6.834,6.916,8.006,8.838,7.870,6.948,5.986,0.000,9.147,6.775,7.820,7.408,8.791,10.935,8.458,8.631,8.090,8.198,8.138,8.328
C33紧,9.849,7.524,9.169,10.499,10.408,10.982,11.415,8.924,10.687,10.615,9.655,10.751,11.400,8.881,9.578,10.000,10.067,11.293,10.128,10.929,10.376,10.554,9.966,9.992,9.980,10.008,9.350,9.937,9.964,8.888,9.121,8.315,8.217,7.745,7.257,8.440,7.670,9.147,0.000,6.394,6.395,6.432,9.981,11.085,9.022,9.328,9.802,10.092,10.391,9.243
C31成,9.618,7.424,8.567,9.634,9.124,9.898,10.678,9.019,10.496,10.446,8.997,10.573,11.140,8.440,9.253,10.192,9.481,10.908,9.906,9.178,8.641,9.554,7.582,7.969,8.480,8.418,8.308,8.771,7.753,7.005,7.045,6.164,6.742,6.170,5.687,5.930,5.719,6.775,6.394,0.000,5.485,4.722,7.438,9.255,6.431,7.300,8.139,8.062,8.847,7.024
C34张,10.194,8.199,9.205,10.915,11.160,11.911,11.261,9.768,11.106,10.890,10.268,11.430,12.402,9.220,9.922,10.439,10.387,11.620,10.429,8.802,8.779,9.210,8.074,8.024,8.576,8.944,9.561,8.876,8.962,8.255,7.905,6.434,7.667,8.310,7.788,8.199,6.574,7.820,6.395,5.485,0.000,4.708,9.700,11.370,8.290,8.743,9.731,9.971,10.480,9.329
C35平,10.134,6.944,8.091,10.473,10.194,10.864,10.200,8.991,10.064,9.937,9.318,10.376,11.142,9.094,9.313,10.143,9.151,10.355,9.425,10.066,9.324,10.343,8.381,8.900,9.078,9.532,9.067,9.014,8.695,6.976,6.834,6.489,8.207,7.373,6.709,7.273,6.809,7.408,6.432,4.722,4.708,0.000,9.053,9.832,7.451,8.159,8.977,9.437,9.366,8.057
C21开,9.825,8.838,10.155,7.709,8.032,8.624,10.176,8.498,9.569,9.123,8.891,10.402,10.487,7.571,9.190,9.450,8.803,10.034,8.880,11.848,9.912,11.172,10.452,9.664,10.552,10.148,8.329,9.266,7.778,8.841,8.173,8.673,8.328,7.293,6.917,7.230,9.020,8.791,9.981,7.438,9.700,9.053,0.000,8.027,6.087,7.535,7.494,7.178,8.339,7.374
C23难,9.020,8.935,8.437,8.978,7.597,8.308,8.761,8.510,8.806,8.808,7.302,7.713,7.497,8.873,8.451,8.391,7.978,7.739,7.796,14.690,12.389,13.322,12.305,11.789,12.310,12.541,9.678,11.125,9.389,8.886,8.702,10.010,11.779,9.193,8.765,10.398,12.028,10.935,11.085,9.255,11.370,9.832,8.027,0.000,5.780,7.141,8.734,9.310,9.495,7.450
C22心,8.982,8.188,8.759,8.518,7.855,8.466,9.207,7.937,8.937,8.701,7.365,9.132,9.186,7.698,8.620,8.503,8.403,9.077,8.132,11.504,9.785,10.585,9.631,9.049,10.039,9.878,8.692,9.449,8.513,7.562,7.154,7.761,9.083,7.573,7.299,7.932,8.796,8.458,9.022,6.431,8.290,7.451,6.087,5.780,0.000,5.149,6.953,6.619,8.165,6.359
C24过,9.408,8.164,9.394,9.320,8.669,8.767,9.071,8.348,9.517,9.247,8.332,9.096,9.549,7.409,8.273,8.318,8.661,9.376,7.762,11.041,10.218,10.015,9.209,8.725,9.143,9.249,8.709,9.490,8.442,7.694,7.770,8.470,9.750,8.199,8.066,8.230,8.626,8.631,9.328,7.300,8.743,8.159,7.535,7.141,5.149,0.000,7.023,7.250,9.203,7.573
C25生,10.028,8.578,9.805,8.174,7.947,8.482,8.910,8.126,8.617,8.314,9.111,9.574,10.158,7.302,8.945,9.360,8.568,9.389,8.054,11.313,8.947,10.230,9.225,9.051,9.582,8.931,8.120,8.800,8.180,8.134,7.629,8.568,8.724,8.159,7.403,7.187,9.292,8.090,9.802,8.139,9.731,8.977,7.494,8.734,6.953,7.023,0.000,6.889,8.215,7.462
C20成,11.135,10.419,11.546,8.014,8.422,8.649,9.361,8.187,8.742,9.034,10.076,11.534,11.680,8.104,10.677,10.419,9.406,10.657,9.600,9.918,7.947,8.491,8.869,7.672,8.532,7.717,8.258,8.844,8.904,8.182,7.422,8.426,9.007,9.214,8.217,6.965,8.206,8.198,10.092,8.062,9.971,9.437,7.178,9.310,6.619,7.250,6.889,0.000,6.697,6.579
C26气,11.605,10.308,10.915,8.370,8.377,9.650,9.877,7.980,8.911,9.915,10.722,11.553,11.774,8.818,11.019,10.657,9.366,10.870,9.884,11.385,7.730,9.592,9.485,8.821,9.036,8.825,9.250,9.633,8.754,8.004,7.119,8.282,9.639,9.310,7.745,7.079,9.036,8.138,10.391,8.847,10.480,9.366,8.339,9.495,8.165,9.203,8.215,6.697,0.000,6.485
C27满,10.327,9.105,8.974,7.918,6.657,7.741,8.271,6.920,7.498,8.184,8.383,9.527,9.510,8.023,9.667,9.298,7.793,9.074,8.565,11.280,9.059,9.814,9.263,8.743,9.583,9.360,8.852,9.677,8.264,7.642,6.139,7.359,8.688,7.437,6.425,6.472,8.512,8.328,9.243,7.024,9.329,8.057,7.374,7.450,6.359,7.573,7.462,6.579,6.485,0.000
