cls,C16,C19,C20,C25,C13,C37,C39,C31,C15,C26,C27,C30,C28,C29,C33,C36,C01,C02,C06,C03,C04,C05,C07,C08,C09,C10,C11,C12,C14,C24,C38,C46,C49,C34,C32,C35,C48,C50,C23,C21,C22,C41,C47,C40,C42,C43,C44,C45,C17,C18
C16回,0.000,5.279,4.416,5.901,10.719,9.458,8.328,11.302,9.478,7.396,8.290,9.810,9.396,9.572,9.826,10.703,11.759,11.839,18.549,16.690,15.202,16.148,15.843,13.349,9.522,11.220,10.602,10.977,10.430,9.124,11.305,15.147,12.515,15.089,13.900,15.261,11.530,10.668,16.614,11.341,9.419,18.111,19.855,14.390,10.007,12.535,13.514,15.177,7.634,13.085
C19完,5.279,0.000,4.144,5.486,7.701,7.264,6.392,9.626,8.048,6.693,7.036,8.271,8.018,8.581,8.371,9.633,9.716,9.521,16.081,13.959,12.543,13.542,13.579,11.247,7.741,9.011,8.555,9.012,8.623,10.022,10.242,14.142,10.715,12.804,12.384,13.305,9.801,9.242,15.388,10.436,9.435,16.896,18.589,13.438,9.319,11.875,13.569,15.168,8.891,13.392
C20成,4.416,4.144,0.000,4.112,9.659,8.722,7.065,10.291,8.795,5.580,6.522,8.759,8.094,8.251,8.489,10.018,9.821,10.100,17.996,16.027,14.424,15.615,15.271,12.714,8.872,10.481,9.980,10.289,9.894,9.176,10.389,15.213,11.980,14.139,13.135,14.403,10.447,10.054,16.322,10.869,9.158,17.520,19.545,13.757,8.948,11.824,13.132,15.030,7.550,13.191
C25生,5.901,5.486,4.112,0.000,8.799,7.461,5.984,9.549,8.604,4.833,6.147,8.174,7.254,7.469,7.451,8.716,9.633,9.956,17.513,15.283,13.968,15.337,14.686,12.186,8.172,9.619,9.041,9.349,9.046,9.629,10.556,15.208,11.459,13.523,12.748,13.676,9.702,9.299,15.807,10.806,8.595,17.857,19.510,13.885,9.169,12.466,13.748,15.819,8.806,14.266
C13运,10.719,7.701,9.659,8.799,0.000,6.801,6.351,6.738,7.173,7.718,6.543,6.302,6.313,7.439,7.291,7.394,12.574,11.973,14.501,12.977,12.213,13.064,13.091,9.353,8.211,8.084,7.508,7.175,6.573,14.268,12.604,15.290,10.136,10.852,11.193,11.365,9.779,8.726,13.523,10.516,9.690,18.120,18.873,15.093,11.089,13.718,16.182,18.148,13.489,17.585
C37疲,9.458,7.264,8.722,7.461,6.801,0.000,5.843,10.173,8.487,8.133,8.151,8.851,8.339,9.293,7.124,8.393,10.768,10.167,13.396,11.392,10.553,11.426,11.203,8.776,6.208,6.519,6.187,7.134,6.610,13.287,13.205,16.435,12.311,13.304,14.096,14.324,11.830,10.423,16.970,12.782,11.029,19.729,20.375,16.091,11.805,15.076,17.005,18.434,13.292,17.709
C39放,8.328,6.392,7.065,5.984,6.351,5.843,0.000,7.535,8.051,5.717,5.689,6.735,5.998,6.738,6.082,7.921,11.076,11.109,16.908,14.996,13.505,14.750,14.702,11.557,8.416,9.282,8.551,9.264,8.269,11.991,10.515,14.048,9.399,10.582,11.181,11.958,9.037,7.317,15.421,10.804,9.267,16.398,17.519,12.186,7.896,11.081,13.606,15.488,10.225,14.741
C31成,11.302,9.626,10.291,9.549,6.738,10.173,7.535,0.000,9.552,8.167,6.477,4.797,4.922,5.285,8.348,7.247,15.938,15.860,19.866,18.379,17.382,18.270,18.252,13.945,12.492,12.508,12.087,11.424,10.437,13.440,10.828,13.339,8.930,8.113,7.106,7.828,7.752,6.709,10.354,7.430,7.000,16.933,17.522,14.095,9.940,11.746,13.612,16.167,11.754,15.903
C15返,9.478,8.048,8.795,8.604,7.173,8.487,8.051,9.552,0.000,5.899,5.724,6.354,6.071,6.580,5.570,6.102,11.334,10.600,14.130,13.935,11.675,12.697,12.504,8.143,6.603,7.266,6.796,5.377,4.427,16.308,16.078,19.573,14.191,15.937,15.314,16.194,14.062,12.476,17.880,13.976,11.979,21.503,23.478,17.158,12.998,15.599,18.305,21.102,13.896,19.328
C26气,7.396,6.693,5.580,4.833,7.718,8.133,5.717,8.167,5.899,0.000,2.775,5.816,4.755,4.646,5.063,6.578,10.954,10.796,17.329,15.844,13.951,15.525,15.017,11.247,8.358,9.484,8.457,8.311,7.442,12.732,12.127,17.067,12.270,13.807,12.723,13.951,10.931,10.123,16.363,11.584,9.423,18.865,20.869,14.544,9.918,12.830,15.127,17.713,10.325,16.112
C27满,8.290,7.036,6.522,6.147,6.543,8.151,5.689,6.477,5.724,2.775,0.000,4.293,3.743,3.797,5.052,6.158,12.013,11.816,17.354,16.073,14.349,15.632,15.327,11.181,8.957,9.721,8.594,8.365,7.262,12.960,11.851,16.444,11.574,12.601,11.345,12.653,10.184,9.424,14.998,10.535,8.739,18.465,20.200,14.618,9.865,12.502,14.837,17.585,10.758,16.272
C30败,9.810,8.271,8.759,8.174,6.302,8.851,6.735,4.797,6.354,5.816,4.293,0.000,3.573,3.074,5.358,5.074,13.995,13.672,17.404,16.441,14.959,15.826,15.784,11.165,10.031,10.238,9.485,8.720,7.472,13.995,12.626,16.125,10.854,11.397,10.449,11.232,10.179,9.113,13.493,9.796,8.042,18.932,20.089,15.338,11.139,13.172,15.444,18.073,12.224,17.338
C28意,9.396,8.018,8.094,7.254,6.313,8.339,5.998,4.922,6.071,4.755,3.743,3.573,0.000,2.068,5.442,4.161,13.467,13.217,17.760,16.509,15.025,16.154,15.905,11.333,9.478,9.697,9.543,8.450,7.374,13.826,12.644,16.013,10.923,11.723,10.984,11.852,10.340,8.724,13.977,9.899,8.072,18.617,20.093,14.468,9.832,12.486,14.845,17.704,11.469,16.801
C29失,9.572,8.581,8.251,7.469,7.439,9.293,6.738,5.285,6.580,4.646,3.797,3.074,2.068,0.000,5.415,4.470,14.019,13.827,18.567,17.392,15.798,16.952,16.681,12.054,10.348,10.647,10.233,9.257,8.082,13.921,12.737,16.540,11.452,12.136,11.040,12.014,10.643,9.351,14.225,10.081,8.045,18.987,20.518,14.857,10.364,12.751,14.992,17.891,11.487,17.037
C33紧,9.826,8.371,8.489,7.451,7.291,7.124,6.082,8.348,5.570,5.063,5.052,5.358,5.442,5.415,0.000,5.252,11.196,10.767,14.961,14.124,12.074,13.302,13.033,9.196,7.586,7.911,6.896,6.600,5.673,15.026,14.259,18.706,13.141,13.984,13.814,14.427,12.478,11.152,17.446,13.273,10.992,21.146,22.461,16.873,12.574,15.414,17.897,20.126,13.621,19.039
C36静,10.703,9.633,10.018,8.716,7.394,8.393,7.921,7.247,6.102,6.578,6.158,5.074,4.161,4.470,5.252,0.000,14.257,13.711,16.265,15.433,14.128,15.021,14.511,9.827,8.917,8.728,8.805,7.178,6.050,15.613,15.166,18.307,13.058,13.879,13.377,13.776,12.748,10.987,15.520,11.918,9.585,21.341,22.559,17.224,12.726,15.492,17.608,20.243,14.168,19.712
C01开,11.759,9.716,9.821,9.633,12.574,10.768,11.076,15.938,11.334,10.954,12.013,13.995,13.467,14.019,11.196,14.257,0.000,2.869,14.099,12.544,10.260,11.837,11.617,12.219,8.792,10.282,10.075,10.697,11.587,16.158,16.584,20.965,16.578,18.765,19.392,19.677,15.748,15.335,22.477,18.293,16.924,21.833,24.199,18.150,15.001,17.783,20.006,21.465,15.477,19.226
C02始,11.839,9.521,10.100,9.956,11.973,10.167,11.109,15.860,10.600,10.796,11.816,13.672,13.217,13.827,10.767,13.711,2.869,0.000,12.102,10.458,7.988,9.916,9.589,10.383,7.379,8.621,8.696,9.321,10.362,16.760,17.014,21.543,17.143,19.044,19.583,19.869,16.162,15.839,22.643,18.450,17.094,22.679,24.995,19.036,15.636,18.532,20.787,22.357,16.161,20.058
C06进,18.549,16.081,17.996,17.513,14.501,13.396,16.908,19.866,14.130,17.329,17.354,17.404,17.760,18.567,14.961,16.265,14.099,12.102,0.000,4.750,5.061,3.559,3.768,7.270,10.249,9.109,9.901,9.926,11.162,23.418,23.971,27.019,22.309,23.395,24.385,24.035,22.144,21.421,25.826,22.926,21.411,29.797,30.686,26.674,23.035,25.961,28.186,29.569,24.302,28.347
C03停,16.690,13.959,16.027,15.283,12.977,11.392,14.996,18.379,13.935,15.844,16.073,16.441,16.509,17.392,14.124,15.433,12.544,10.458,4.750,0.000,4.049,4.216,3.647,7.385,8.903,7.783,8.786,9.417,10.705,20.562,20.959,24.168,20.169,21.043,22.114,21.688,19.475,19.211,23.728,20.634,19.397,27.249,27.985,24.407,20.768,23.820,25.669,26.763,21.955,25.595
C04止,15.202,12.543,14.424,13.968,12.213,10.553,13.505,17.382,11.675,13.951,14.349,14.959,15.025,15.798,12.074,14.128,10.260,7.988,5.061,4.049,0.000,3.379,3.411,6.218,7.222,6.565,7.240,7.882,9.129,20.206,20.378,24.133,19.610,20.704,21.638,21.530,19.068,18.495,23.996,20.443,18.983,26.601,27.903,23.218,19.595,22.592,24.841,26.248,20.608,24.586
C05前,16.148,13.542,15.615,15.337,13.064,11.426,14.750,18.270,12.697,15.525,15.632,15.826,16.154,16.952,13.302,15.021,11.837,9.916,3.559,4.216,3.379,0.000,2.972,6.657,8.362,7.527,8.241,8.797,9.879,20.880,21.603,24.685,20.274,21.459,22.492,22.261,20.131,19.370,24.338,21.001,19.569,27.529,28.448,24.330,20.758,23.632,25.698,27.001,21.780,25.646
C07后,15.843,13.579,15.271,14.686,13.091,11.203,14.702,18.252,12.504,15.017,15.327,15.784,15.905,16.681,13.033,14.511,11.617,9.589,3.768,3.647,3.411,2.972,0.000,6.056,7.565,6.774,7.776,8.157,9.490,20.625,21.560,24.913,20.607,21.853,22.563,22.403,20.014,19.446,24.241,20.843,19.174,27.924,28.890,24.598,20.737,23.911,25.841,27.216,21.634,25.848
C08退,13.349,11.247,12.714,12.186,9.353,8.776,11.557,13.945,8.143,11.247,11.181,11.165,11.333,12.054,9.196,9.827,12.219,10.383,7.270,7.385,6.218,6.657,6.056,0.000,5.337,3.916,4.974,4.169,4.902,18.809,19.190,22.574,17.785,18.743,19.047,19.127,17.306,16.404,20.781,17.287,15.387,25.721,26.748,22.056,17.783,20.852,23.013,24.972,18.914,23.749
C09出,9.522,7.741,8.872,8.172,8.211,6.208,8.416,12.492,6.603,8.358,8.957,10.031,9.478,10.348,7.586,8.917,8.792,7.379,10.249,8.903,7.222,8.362,7.565,5.337,0.000,2.664,4.073,4.011,4.650,15.313,16.202,19.706,15.388,17.056,17.179,17.630,14.700,13.650,19.481,15.222,13.184,22.574,23.977,18.558,14.114,17.546,19.473,21.494,14.952,19.866
C10发,11.220,9.011,10.481,9.619,8.084,6.519,9.282,12.508,7.266,9.484,9.721,10.238,9.697,10.647,7.911,8.728,10.282,8.621,9.109,7.783,6.565,7.527,6.774,3.916,2.664,0.000,4.089,3.434,4.311,16.549,17.069,20.395,15.941,17.080,17.435,17.634,15.307,14.251,19.536,15.618,13.745,23.543,24.707,19.682,15.219,18.615,20.573,22.588,16.412,21.210
C11等,10.602,8.555,9.980,9.041,7.508,6.187,8.551,12.087,6.796,8.457,8.594,9.485,9.543,10.233,6.896,8.805,10.075,8.696,9.901,8.786,7.240,8.241,7.776,4.974,4.073,4.089,0.000,3.853,3.873,15.844,16.163,20.058,15.377,16.572,16.691,17.060,14.608,13.769,19.245,15.297,13.276,23.162,24.105,19.397,15.150,18.282,20.384,22.201,15.890,20.704
C12待,10.977,9.012,10.289,9.349,7.175,7.134,9.264,11.424,5.377,8.311,8.365,8.720,8.450,9.257,6.600,7.178,10.697,9.321,9.926,9.417,7.882,8.797,8.157,4.169,4.011,3.434,3.853,0.000,2.450,16.717,17.123,20.663,15.462,16.914,16.916,17.164,15.000,13.856,18.785,15.173,13.055,23.583,24.865,19.671,15.267,18.403,20.636,22.808,16.312,21.433
C14行,10.430,8.623,9.894,9.046,6.573,6.610,8.269,10.437,4.427,7.442,7.262,7.472,7.374,8.082,5.673,6.050,11.587,10.362,11.162,10.705,9.129,9.879,9.490,4.902,4.650,4.311,3.873,2.450,0.000,16.321,16.521,19.968,14.823,16.096,15.974,16.411,14.497,13.162,18.165,14.343,12.164,22.890,24.070,18.870,14.461,17.491,19.784,22.059,15.594,20.832
C24过,9.124,10.022,9.176,9.629,14.268,13.287,11.991,13.440,16.308,12.732,12.960,13.995,13.826,13.921,15.026,15.613,16.158,16.760,23.418,20.562,20.206,20.880,20.625,18.809,15.313,16.549,15.844,16.717,16.321,0.000,7.590,10.941,12.087,13.627,12.251,13.368,9.659,10.650,14.311,9.660,9.226,16.099,16.133,14.641,10.919,12.574,10.627,10.790,7.654,9.882
C38劳,11.305,10.242,10.389,10.556,12.604,13.205,10.515,10.828,16.078,12.127,11.851,12.626,12.644,12.737,14.259,15.166,16.584,17.014,23.971,20.959,20.378,21.603,21.560,19.190,16.202,17.069,16.163,17.123,16.521,7.590,0.000,8.166,9.423,8.631,7.425,8.644,5.243,7.961,12.056,8.160,9.581,12.751,12.808,12.098,9.288,10.098,9.585,9.730,8.237,9.116
C46边,15.147,14.142,15.213,15.208,15.290,16.435,14.048,13.339,19.573,17.067,16.444,16.125,16.013,16.540,18.706,18.307,20.965,21.543,27.019,24.168,24.133,24.685,24.913,22.574,19.706,20.395,20.058,20.663,19.968,10.941,8.166,0.000,9.338,8.633,8.888,9.137,8.306,9.085,10.299,8.945,11.499,11.175,8.572,11.944,11.096,10.792,9.223,8.304,11.593,9.833
C49前,12.515,10.715,11.980,11.459,10.136,12.311,9.399,8.930,14.191,12.270,11.574,10.854,10.923,11.452,13.141,13.058,16.578,17.143,22.309,20.169,19.610,20.274,20.607,17.785,15.388,15.941,15.377,15.462,14.823,12.087,9.423,9.338,0.000,7.272,8.584,8.414,7.010,6.068,11.295,9.096,9.895,11.367,11.477,9.755,8.398,8.722,10.683,11.312,11.299,12.700
C34张,15.089,12.804,14.139,13.523,10.852,13.304,10.582,8.113,15.937,13.807,12.601,11.397,11.723,12.136,13.984,13.879,18.765,19.044,23.395,21.043,20.704,21.459,21.853,18.743,17.056,17.080,16.572,16.914,16.096,13.627,8.631,8.633,7.272,0.000,5.240,3.969,6.248,6.461,9.488,8.340,10.303,13.410,12.062,12.784,10.796,11.220,12.325,13.054,13.272,14.239
C32功,13.900,12.384,13.135,12.748,11.193,14.096,11.181,7.106,15.314,12.723,11.345,10.449,10.984,11.040,13.814,13.377,19.392,19.583,24.385,22.114,21.638,22.492,22.563,19.047,17.179,17.435,16.691,16.916,15.974,12.251,7.425,8.888,8.584,5.240,0.000,3.385,5.224,7.195,7.257,5.693,8.235,14.101,13.213,13.435,10.781,11.111,11.378,12.968,11.672,13.334
C35平,15.261,13.305,14.403,13.676,11.365,14.324,11.958,7.828,16.194,13.951,12.653,11.232,11.852,12.014,14.427,13.776,19.677,19.869,24.035,21.688,21.530,22.261,22.403,19.127,17.630,17.634,17.060,17.164,16.411,13.368,8.644,9.137,8.414,3.969,3.385,0.000,5.727,7.513,6.741,6.713,9.237,14.725,13.347,14.407,12.176,12.510,12.935,13.953,13.567,14.887
C48边,11.530,9.801,10.447,9.702,9.779,11.830,9.037,7.752,14.062,10.931,10.184,10.179,10.340,10.643,12.478,12.748,15.748,16.162,22.144,19.475,19.068,20.131,20.014,17.306,14.700,15.307,14.608,15.000,14.497,9.659,5.243,8.306,7.010,6.248,5.224,5.727,0.000,5.153,9.174,6.291,7.755,13.003,12.796,11.899,8.856,10.106,10.638,11.720,9.788,11.769
C50面,10.668,9.242,10.054,9.299,8.726,10.423,7.317,6.709,12.476,10.123,9.424,9.113,8.724,9.351,11.152,10.987,15.335,15.839,21.421,19.211,18.495,19.370,19.446,16.404,13.650,14.251,13.769,13.856,13.162,10.650,7.961,9.085,6.068,6.461,7.195,7.513,5.153,0.000,10.625,7.539,7.831,12.800,13.148,10.483,7.101,8.636,10.188,11.668,9.194,12.001
C23难,16.614,15.388,16.322,15.807,13.523,16.970,15.421,10.354,17.880,16.363,14.998,13.493,13.977,14.225,17.446,15.520,22.477,22.643,25.826,23.728,23.996,24.338,24.241,20.781,19.481,19.536,19.245,18.785,18.165,14.311,12.056,10.299,11.295,9.488,7.257,6.741,9.174,10.625,0.000,6.284,9.123,17.063,15.268,17.107,14.631,14.987,14.374,15.602,15.224,16.587
C21开,11.341,10.436,10.869,10.806,10.516,12.782,10.804,7.430,13.976,11.584,10.535,9.796,9.899,10.081,13.273,11.918,18.293,18.450,22.926,20.634,20.443,21.001,20.843,17.287,15.222,15.618,15.297,15.173,14.343,9.660,8.160,8.945,9.096,8.340,5.693,6.713,6.291,7.539,6.284,0.000,4.237,15.376,14.634,13.896,10.200,11.465,11.004,12.648,10.228,13.056
C22心,9.419,9.435,9.158,8.595,9.690,11.029,9.267,7.000,11.979,9.423,8.739,8.042,8.072,8.045,10.992,9.585,16.924,17.094,21.411,19.397,18.983,19.569,19.174,15.387,13.184,13.745,13.276,13.055,12.164,9.226,9.581,11.499,9.895,10.303,8.235,9.237,7.755,7.831,9.123,4.237,0.000,17.408,16.987,14.694,10.216,12.387,12.333,14.165,9.781,14.267
C41上,18.111,16.896,17.520,17.857,18.120,19.729,16.398,16.933,21.503,18.865,18.465,18.932,18.617,18.987,21.146,21.341,21.833,22.679,29.797,27.249,26.601,27.529,27.924,25.721,22.574,23.543,23.162,23.583,22.890,16.099,12.751,11.175,11.367,13.410,14.101,14.725,13.003,12.800,17.063,15.376,17.408,0.000,7.291,7.014,10.523,7.633,8.740,8.126,13.637,11.256
C47右,19.855,18.589,19.545,19.510,18.873,20.375,17.519,17.522,23.478,20.869,20.200,20.089,20.093,20.518,22.461,22.559,24.199,24.995,30.686,27.985,27.903,28.448,28.890,26.748,23.977,24.707,24.105,24.865,24.070,16.133,12.808,8.572,11.477,12.062,13.213,13.347,12.796,13.148,15.268,14.634,16.987,7.291,0.000,10.712,13.213,11.445,11.174,8.831,15.833,13.082
C40松,14.390,13.438,13.757,13.885,15.093,16.091,12.186,14.095,17.158,14.544,14.618,15.338,14.468,14.857,16.873,17.224,18.150,19.036,26.674,24.407,23.218,24.330,24.598,22.056,18.558,19.682,19.397,19.671,18.870,14.641,12.098,11.944,9.755,12.784,13.435,14.407,11.899,10.483,17.107,13.896,14.694,7.014,10.712,0.000,6.579,5.000,8.425,9.377,10.613,10.768
C42方,10.007,9.319,8.948,9.169,11.089,11.805,7.896,9.940,12.998,9.918,9.865,11.139,9.832,10.364,12.574,12.726,15.001,15.636,23.035,20.768,19.595,20.758,20.737,17.783,14.114,15.219,15.150,15.267,14.461,10.919,9.288,11.096,8.398,10.796,10.781,12.176,8.856,7.101,14.631,10.200,10.216,10.523,13.213,6.579,0.000,4.761,7.189,9.759,6.934,10.091
C43下,12.535,11.875,11.824,12.466,13.718,15.076,11.081,11.746,15.599,12.830,12.502,13.172,12.486,12.751,15.414,15.492,17.783,18.532,25.961,23.820,22.592,23.632,23.911,20.852,17.546,18.615,18.282,18.403,17.491,12.574,10.098,10.792,8.722,11.220,11.111,12.510,10.106,8.636,14.987,11.465,12.387,7.633,11.445,5.000,4.761,0.000,5.564,8.187,8.097,9.065
C44方,13.514,13.569,13.132,13.748,16.182,17.005,13.606,13.612,18.305,15.127,14.837,15.444,14.845,14.992,17.897,17.608,20.006,20.787,28.186,25.669,24.841,25.698,25.841,23.013,19.473,20.573,20.384,20.636,19.784,10.627,9.585,9.223,10.683,12.325,11.378,12.935,10.638,10.188,14.374,11.004,12.333,8.740,11.174,8.425,7.189,5.564,0.000,5.657,7.742,7.110
C45左,15.177,15.168,15.030,15.819,18.148,18.434,15.488,16.167,21.102,17.713,17.585,18.073,17.704,17.891,20.126,20.243,21.465,22.357,29.569,26.763,26.248,27.001,27.216,24.972,21.494,22.588,22.201,22.808,22.059,10.790,9.730,8.304,11.312,13.054,12.968,13.953,11.720,11.668,15.602,12.648,14.165,8.126,8.831,9.377,9.759,8.187,5.657,0.000,9.880,7.416
C17通,7.634,8.891,7.550,8.806,13.489,13.292,10.225,11.754,13.896,10.325,10.758,12.224,11.469,11.487,13.621,14.168,15.477,16.161,24.302,21.955,20.608,21.780,21.634,18.914,14.952,16.412,15.890,16.312,15.594,7.654,8.237,11.593,11.299,13.272,11.672,13.567,9.788,9.194,15.224,10.228,9.781,13.637,15.833,10.613,6.934,8.097,7.742,9.880,0.000,7.229
C18过,13.085,13.392,13.191,14.266,17.585,17.709,14.741,15.903,19.328,16.112,16.272,17.338,16.801,17.037,19.039,19.712,19.226,20.058,28.347,25.595,24.586,25.646,25.848,23.749,19.866,21.210,20.704,21.433,20.832,9.882,9.116,9.833,12.700,14.239,13.334,14.887,11.769,12.001,16.587,13.056,14.267,11.256,13.082,10.768,10.091,9.065,7.110,7.416,7.229,0.000
