cls,C33,C38,C05,C39,C21,C19,C26,C20,C25,C27,C24,C22,C23,C14,C15,C16,C04,C13,C37,C02,C12,C08,C06,C07,C10,C11,C01,C03,C09,C48,C49,C50,C45,C47,C40,C42,C44,C41,C43,C17,C18,C46,C32,C29,C30,C28,C36,C31,C34,C35
C33紧,0.000,8.981,13.334,15.252,9.520,11.080,10.815,11.819,11.349,10.180,11.183,10.996,11.071,10.726,10.880,11.590,10.980,10.932,11.139,10.963,11.160,11.942,12.206,12.135,11.101,11.088,11.316,12.266,11.912,10.342,10.860,11.153,11.951,11.806,11.089,10.770,11.530,11.291,11.234,10.486,12.100,11.760,7.801,6.675,8.780,9.432,8.615,8.625,9.914,7.925
C38劳,8.981,0.000,15.378,16.391,9.395,13.578,11.681,11.805,11.892,11.595,12.219,12.242,11.177,12.852,12.602,12.916,12.288,12.584,12.144,12.261,13.026,13.336,13.625,13.488,12.993,12.925,12.527,13.887,13.251,11.665,11.695,11.632,12.387,12.232,11.145,10.752,11.712,11.382,11.289,12.719,12.914,12.077,8.908,9.984,11.929,8.788,11.441,10.050,10.645,8.574
C05前,13.334,15.378,0.000,6.534,10.327,9.298,12.085,10.193,10.222,8.149,8.354,8.275,8.891,7.521,8.321,8.714,7.259,8.111,8.336,6.925,7.705,6.464,5.663,5.338,6.752,7.256,5.470,3.338,4.682,7.462,7.958,7.780,9.806,9.312,9.948,9.540,9.127,9.574,9.353,9.827,9.533,8.991,10.834,9.656,9.432,10.414,10.068,9.774,9.529,9.907
C39放,15.252,16.391,6.534,0.000,12.655,13.263,14.566,13.419,12.026,10.678,12.326,12.486,12.634,11.870,12.488,12.858,11.934,11.444,11.639,11.270,11.936,11.054,10.361,10.084,11.232,11.743,9.602,8.213,9.248,10.592,10.391,10.441,12.105,11.861,12.306,12.015,12.179,12.122,12.032,12.857,12.735,11.860,12.645,11.219,12.439,11.502,12.771,11.523,11.817,11.921
C21开,9.520,9.395,10.327,12.655,0.000,8.073,8.321,6.459,7.038,5.925,6.653,6.575,6.069,7.916,7.664,7.819,9.501,8.490,9.352,8.700,8.132,8.554,8.735,8.769,8.686,8.235,8.478,9.164,8.703,8.750,9.701,9.775,10.301,10.416,9.720,9.583,9.313,9.447,9.406,8.391,8.930,9.034,8.498,7.878,8.591,7.281,9.992,9.752,11.038,9.755
C19完,11.080,13.578,9.298,13.263,8.073,0.000,6.853,5.153,6.708,6.457,5.114,5.369,6.526,5.621,5.264,5.390,7.024,6.228,7.444,6.710,5.554,6.260,6.683,6.708,6.159,5.398,8.240,7.664,6.818,6.327,7.976,8.142,7.823,8.149,8.616,8.358,7.754,8.217,8.014,6.048,6.483,7.487,8.697,7.934,6.276,8.748,7.636,8.687,9.951,9.604
C26气,10.815,11.681,12.085,14.566,8.321,6.853,0.000,5.643,5.182,6.027,7.214,7.746,8.111,9.029,8.782,9.024,10.040,9.849,10.358,10.049,9.460,10.123,10.495,10.300,10.122,9.406,10.883,10.947,10.267,8.175,9.751,9.857,9.269,9.768,10.048,9.599,9.582,9.654,9.491,9.253,10.138,10.197,8.532,8.204,8.046,8.759,8.988,9.010,11.659,10.330
C20成,11.819,11.805,10.193,13.419,6.459,5.153,5.643,0.000,5.038,5.091,3.902,4.548,4.859,6.787,6.466,6.390,8.236,7.329,8.170,7.610,6.846,7.124,7.550,7.489,7.502,6.700,8.367,8.575,7.545,6.677,8.226,8.233,7.432,7.865,7.971,7.865,7.169,7.485,7.367,7.485,7.120,7.806,7.995,8.990,7.997,8.061,9.655,8.934,10.374,9.837
C25生,11.349,11.892,10.222,12.026,7.038,6.708,5.182,5.038,0.000,4.905,6.309,7.014,7.299,8.460,8.596,8.736,10.010,8.769,9.562,9.647,8.517,9.078,9.229,8.983,9.191,8.568,9.614,9.479,8.948,7.776,9.014,9.146,9.251,9.776,9.954,9.320,9.410,9.572,9.378,8.702,9.193,9.725,8.968,7.863,8.324,7.371,8.854,8.524,11.174,9.970
C27满,10.180,11.595,8.149,10.678,5.925,6.457,6.027,5.091,4.905,0.000,5.127,5.357,5.799,6.388,6.573,6.936,8.147,7.762,8.244,7.644,7.248,7.458,7.541,7.377,7.778,7.197,7.651,7.264,7.110,6.336,7.944,7.966,8.392,8.549,8.575,7.941,7.912,8.016,7.864,7.932,8.573,8.537,7.944,7.186,7.134,7.279,8.282,7.880,9.981,9.146
C24过,11.183,12.219,8.354,12.326,6.653,5.114,7.214,3.902,6.309,5.127,0.000,2.699,3.049,4.662,4.468,4.523,6.357,5.126,5.937,5.446,4.256,4.634,5.046,5.014,4.998,4.168,6.053,6.510,5.271,5.260,6.602,6.592,6.896,6.920,7.055,6.637,5.815,6.379,6.261,5.977,5.774,6.179,7.949,8.806,7.482,8.007,8.373,7.904,8.915,8.740
C22心,10.996,12.242,8.275,12.486,6.575,5.369,7.746,4.548,7.014,5.357,2.699,0.000,2.345,4.412,4.283,4.294,6.454,5.150,5.624,5.253,4.686,4.433,4.894,4.911,4.717,3.981,5.885,6.352,5.115,5.496,6.522,6.518,6.968,6.797,6.858,6.348,5.354,6.085,5.898,6.288,5.816,6.062,8.168,9.013,7.582,8.224,8.399,8.146,8.690,8.759
C23难,11.071,11.177,8.891,12.634,6.069,6.526,8.111,4.859,7.299,5.799,3.049,2.345,0.000,5.029,4.190,4.038,6.651,5.182,5.534,5.329,4.759,4.903,5.323,5.332,5.238,4.632,5.727,6.783,5.407,5.699,6.362,6.320,6.807,6.739,6.279,5.696,4.926,5.527,5.350,5.875,5.322,5.329,8.052,9.149,8.342,7.370,8.607,8.017,8.471,8.457
C14行,10.726,12.852,7.521,11.870,7.916,5.621,9.029,6.787,8.460,6.388,4.662,4.412,5.029,0.000,3.555,4.278,4.984,4.302,4.970,5.053,3.680,3.882,4.229,4.392,3.737,3.273,5.922,5.751,4.663,5.947,6.633,6.401,7.564,7.408,7.463,6.785,6.439,6.924,6.479,6.044,6.371,6.191,8.749,8.834,6.507,7.891,6.889,7.385,7.901,8.324
C15返,10.880,12.602,8.321,12.488,7.664,5.264,8.782,6.466,8.596,6.573,4.468,4.283,4.190,3.555,0.000,1.454,5.166,4.328,5.026,4.282,3.243,4.411,4.862,5.000,4.381,3.853,5.869,5.922,4.732,5.625,6.432,6.355,6.918,6.951,6.605,5.785,5.293,5.850,5.522,4.062,4.564,4.605,8.608,8.629,7.621,7.679,7.219,7.953,8.290,8.648
C16回,11.590,12.916,8.714,12.858,7.819,5.390,9.024,6.390,8.736,6.936,4.523,4.294,4.038,4.278,1.454,0.000,5.724,4.772,5.300,4.539,3.507,4.564,5.020,5.163,4.737,4.135,6.031,6.238,5.021,5.966,6.695,6.666,6.989,7.094,6.682,6.012,5.356,5.940,5.737,4.280,4.243,4.473,9.097,9.196,8.044,8.000,7.837,8.452,8.801,9.198
C04止,10.980,12.288,7.259,11.934,9.501,7.024,10.040,8.236,10.010,8.147,6.357,6.454,6.651,4.984,5.166,5.724,0.000,6.026,5.406,3.763,5.034,4.515,4.657,4.510,4.087,4.518,5.380,5.333,4.493,5.347,6.117,5.504,7.290,6.575,6.940,6.495,6.101,6.714,6.299,7.454,7.014,5.909,8.248,8.616,7.156,8.679,7.429,7.578,6.697,7.125
C13运,10.932,12.584,8.111,11.444,8.490,6.228,9.849,7.329,8.769,7.762,5.126,5.150,5.182,4.302,4.328,4.772,6.026,0.000,3.024,4.458,3.404,3.635,3.990,4.230,3.188,3.110,5.479,5.778,4.256,5.005,4.946,5.070,6.030,5.972,6.085,5.235,4.986,5.377,5.047,4.597,4.356,4.310,8.169,9.057,7.810,7.315,6.887,6.833,6.497,7.325
C37疲,11.139,12.144,8.336,11.639,9.352,7.444,10.358,8.170,9.562,8.244,5.937,5.624,5.534,4.970,5.026,5.300,5.406,3.024,0.000,3.860,4.125,3.671,4.023,4.084,3.381,3.375,5.261,5.806,4.478,4.736,4.121,4.128,5.909,5.363,5.425,4.352,4.510,4.704,4.479,6.204,5.261,4.262,8.296,9.571,7.895,7.574,6.600,6.430,5.543,6.559
C02始,10.963,12.261,6.925,11.270,8.700,6.710,10.049,7.610,9.647,7.644,5.446,5.253,5.329,5.053,4.282,4.539,3.763,4.458,3.860,0.000,3.831,3.037,3.183,3.150,3.328,3.255,3.481,4.037,3.217,4.135,4.698,4.709,5.954,5.265,5.493,5.115,4.573,4.830,4.810,6.257,5.300,4.578,7.836,8.550,7.450,8.323,7.549,7.572,6.132,6.858
C12待,11.160,13.026,7.705,11.936,8.132,5.554,9.460,6.846,8.517,7.248,4.256,4.686,4.759,3.680,3.243,3.507,5.034,3.404,4.125,3.831,0.000,3.017,3.376,3.593,3.109,2.354,4.920,5.421,4.190,5.487,6.044,6.132,6.989,7.008,6.921,6.384,6.013,6.351,6.166,4.604,4.608,5.005,8.747,8.906,7.296,7.604,7.101,7.690,7.767,8.197
C08退,11.942,13.336,6.464,11.054,8.554,6.260,10.123,7.124,9.078,7.458,4.634,4.433,4.903,3.882,4.411,4.564,4.515,3.635,3.671,3.037,3.017,0.000,1.125,1.455,2.172,1.809,3.945,4.049,2.751,5.104,5.522,5.356,6.693,6.272,6.701,6.320,5.495,6.032,5.840,6.501,5.376,5.046,8.962,9.570,7.476,8.519,7.915,8.075,7.243,8.082
C06进,12.206,13.625,5.663,10.361,8.735,6.683,10.495,7.550,9.229,7.541,5.046,4.894,5.323,4.229,4.862,5.020,4.657,3.990,4.023,3.183,3.376,1.125,0.000,0.770,2.422,2.407,3.397,3.372,2.328,5.193,5.536,5.391,6.901,6.453,6.934,6.593,5.805,6.304,6.116,6.815,5.725,5.359,9.202,9.580,7.681,8.647,8.118,8.227,7.296,8.171
C07后,12.135,13.488,5.338,10.084,8.769,6.708,10.300,7.489,8.983,7.377,5.014,4.911,5.332,4.392,5.000,5.163,4.510,4.230,4.084,3.150,3.593,1.455,0.770,0.000,2.535,2.607,3.252,3.107,2.038,4.912,5.277,5.104,6.830,6.336,6.884,6.462,5.752,6.261,6.063,6.933,5.836,5.423,9.064,9.367,7.603,8.560,7.969,7.982,7.155,7.929
C10发,11.101,12.993,6.752,11.232,8.686,6.159,10.122,7.502,9.191,7.778,4.998,4.717,5.238,3.737,4.381,4.737,4.087,3.188,3.381,3.328,3.109,2.172,2.422,2.535,0.000,1.736,4.395,4.650,2.983,4.820,5.186,4.988,6.469,5.964,6.458,6.053,5.241,5.932,5.683,5.898,5.226,4.678,8.200,9.078,7.008,8.244,7.447,7.296,6.724,7.505
C11等,11.088,12.925,7.256,11.743,8.235,5.398,9.406,6.700,8.568,7.197,4.168,3.981,4.632,3.273,3.853,4.135,4.518,3.110,3.375,3.255,2.354,1.809,2.407,2.607,1.736,0.000,4.675,4.905,3.495,4.862,5.467,5.461,6.550,6.191,6.554,6.093,5.404,5.907,5.724,5.707,5.019,4.957,8.357,9.057,6.829,8.122,7.197,7.519,7.159,7.767
C01开,11.316,12.527,5.470,9.602,8.478,8.240,10.883,8.367,9.614,7.651,6.053,5.885,5.727,5.922,5.869,6.031,5.380,5.479,5.261,3.481,4.920,3.945,3.397,3.252,4.395,4.675,0.000,3.386,3.256,5.142,5.089,5.096,6.870,6.384,6.371,6.211,5.769,5.954,5.924,7.172,6.424,5.749,8.501,8.604,8.246,8.289,8.380,7.906,6.570,7.173
C03停,12.266,13.887,3.338,8.213,9.164,7.664,10.947,8.575,9.479,7.264,6.510,6.352,6.783,5.751,5.922,6.238,5.333,5.778,5.806,4.037,5.421,4.049,3.372,3.107,4.650,4.905,3.386,0.000,2.386,5.452,5.909,5.800,7.786,7.222,7.671,7.011,6.665,7.062,6.862,7.773,7.051,6.542,9.526,8.972,8.493,8.999,8.478,8.434,7.615,8.313
C09出,11.912,13.251,4.682,9.248,8.703,6.818,10.267,7.545,8.948,7.110,5.271,5.115,5.407,4.663,4.732,5.021,4.493,4.256,4.478,3.217,4.190,2.751,2.328,2.038,2.983,3.495,3.256,2.386,0.000,4.524,4.904,4.669,6.417,5.888,6.407,5.861,5.105,5.759,5.492,6.422,5.513,4.843,8.528,8.885,7.962,8.324,8.135,7.683,6.935,7.757
C48边,10.342,11.665,7.462,10.592,8.750,6.327,8.175,6.677,7.776,6.336,5.260,5.496,5.699,5.947,5.625,5.966,5.347,5.005,4.736,4.135,5.487,5.104,5.193,4.912,4.820,4.862,5.142,5.452,4.524,0.000,2.845,2.971,4.227,3.671,4.783,4.298,4.147,4.241,4.201,6.325,5.955,5.235,5.978,7.336,6.604,7.533,6.916,5.556,5.788,5.833
C49前,10.860,11.695,7.958,10.391,9.701,7.976,9.751,8.226,9.014,7.944,6.602,6.522,6.362,6.633,6.432,6.695,6.117,4.946,4.121,4.698,6.044,5.522,5.536,5.277,5.186,5.467,5.089,5.909,4.904,2.845,0.000,1.906,4.326,3.604,4.274,3.604,4.096,3.884,3.792,6.713,5.998,4.857,6.798,8.151,7.763,7.498,7.013,5.304,4.631,5.288
C50面,11.153,11.632,7.780,10.441,9.775,8.142,9.857,8.233,9.146,7.966,6.592,6.518,6.320,6.401,6.355,6.666,5.504,5.070,4.128,4.709,6.132,5.356,5.391,5.104,4.988,5.461,5.096,5.800,4.669,2.971,1.906,0.000,4.588,3.749,4.513,3.640,3.916,4.141,3.822,7.072,6.256,4.734,7.052,8.508,7.893,7.571,7.099,5.357,4.663,5.447
C45左,11.951,12.387,9.806,12.105,10.301,7.823,9.269,7.432,9.251,8.392,6.896,6.968,6.807,7.564,6.918,6.989,7.290,6.030,5.909,5.954,6.989,6.693,6.901,6.830,6.469,6.550,6.870,7.786,6.417,4.227,4.326,4.588,0.000,1.990,3.480,4.442,3.588,3.085,3.416,6.744,5.922,4.928,6.271,9.052,8.039,8.143,8.896,7.137,6.550,7.428
C47右,11.806,12.232,9.312,11.861,10.416,8.149,9.768,7.865,9.776,8.549,6.920,6.797,6.739,7.408,6.951,7.094,6.575,5.972,5.363,5.265,7.008,6.272,6.453,6.336,5.964,6.191,6.384,7.222,5.888,3.671,3.604,3.749,1.990,0.000,3.221,4.073,3.045,2.713,3.070,7.348,6.217,4.819,6.164,9.215,8.130,8.722,8.985,7.049,5.882,6.900
C40松,11.089,11.145,9.948,12.306,9.720,8.616,10.048,7.971,9.954,8.575,7.055,6.858,6.279,7.463,6.605,6.682,6.940,6.085,5.425,5.493,6.921,6.701,6.934,6.884,6.458,6.554,6.371,7.671,6.407,4.783,4.274,4.513,3.480,3.221,0.000,3.421,3.238,2.546,2.991,6.840,5.985,4.574,6.269,9.021,8.637,7.802,8.800,6.857,5.814,6.619
C42方,10.770,10.752,9.540,12.015,9.583,8.358,9.599,7.865,9.320,7.941,6.637,6.348,5.696,6.785,5.785,6.012,6.495,5.235,4.352,5.115,6.384,6.320,6.593,6.462,6.053,6.093,6.211,7.011,5.861,4.298,3.604,3.640,4.442,4.073,3.421,0.000,2.770,2.515,2.043,6.303,5.533,4.314,7.010,8.902,8.914,6.933,7.272,5.687,4.944,5.902
C44方,11.530,11.712,9.127,12.179,9.313,7.754,9.582,7.169,9.410,7.912,5.815,5.354,4.926,6.439,5.293,5.356,6.101,4.986,4.510,4.573,6.013,5.495,5.805,5.752,5.241,5.404,5.769,6.665,5.105,4.147,4.096,3.916,3.588,3.045,3.238,2.770,0.000,1.905,1.813,6.126,4.924,3.425,7.006,9.438,8.849,8.157,8.608,7.223,6.216,7.240
C41上,11.291,11.382,9.574,12.122,9.447,8.217,9.654,7.485,9.572,8.016,6.379,6.085,5.527,6.924,5.850,5.940,6.714,5.377,4.704,4.830,6.351,6.032,6.304,6.261,5.932,5.907,5.954,7.062,5.759,4.241,3.884,4.141,3.085,2.713,2.546,2.515,1.905,0.000,1.457,6.374,5.303,3.930,6.599,9.224,8.754,7.853,8.575,7.073,5.906,6.891
C43下,11.234,11.289,9.353,12.032,9.406,8.014,9.491,7.367,9.378,7.864,6.261,5.898,5.350,6.479,5.522,5.737,6.299,5.047,4.479,4.810,6.166,5.840,6.116,6.063,5.683,5.724,5.924,6.862,5.492,4.201,3.792,3.822,3.416,3.070,2.991,2.043,1.813,1.457,0.000,6.170,5.229,3.788,6.836,9.129,8.688,7.517,8.108,6.703,5.565,6.649
C17通,10.486,12.719,9.827,12.857,8.391,6.048,9.253,7.485,8.702,7.932,5.977,6.288,5.875,6.044,4.062,4.280,7.454,4.597,6.204,6.257,4.604,6.501,6.815,6.933,5.898,5.707,7.172,7.773,6.422,6.325,6.713,7.072,6.744,7.348,6.840,6.303,6.126,6.374,6.170,0.000,3.870,4.831,8.214,8.271,8.367,7.149,7.554,7.787,8.596,8.772
C18过,12.100,12.914,9.533,12.735,8.930,6.483,10.138,7.120,9.193,8.573,5.774,5.816,5.322,6.371,4.564,4.243,7.014,4.356,5.261,5.300,4.608,5.376,5.725,5.836,5.226,5.019,6.424,7.051,5.513,5.955,5.998,6.256,5.922,6.217,5.985,5.533,4.924,5.303,5.229,3.870,0.000,3.828,8.512,9.555,9.189,7.750,8.672,8.266,7.905,8.664
C46边,11.760,12.077,8.991,11.860,9.034,7.487,10.197,7.806,9.725,8.537,6.179,6.062,5.329,6.191,4.605,4.473,5.909,4.310,4.262,4.578,5.005,5.046,5.359,5.423,4.678,4.957,5.749,6.542,4.843,5.235,4.857,4.734,4.928,4.819,4.574,4.314,3.425,3.930,3.788,4.831,3.828,0.000,7.914,9.405,8.656,7.485,8.375,7.627,7.060,7.926
C32功,7.801,8.908,10.834,12.645,8.498,8.697,8.532,7.995,8.968,7.944,7.949,8.168,8.052,8.749,8.608,9.097,8.248,8.169,8.296,7.836,8.747,8.962,9.202,9.064,8.200,8.357,8.501,9.526,8.528,5.978,6.798,7.052,6.271,6.164,6.269,7.010,7.006,6.599,6.836,8.214,8.512,7.914,0.000,6.339,7.044,7.499,9.098,6.290,7.107,5.960
C29失,6.675,9.984,9.656,11.219,7.878,7.934,8.204,8.990,7.863,7.186,8.806,9.013,9.149,8.834,8.629,9.196,8.616,9.057,9.571,8.550,8.906,9.570,9.580,9.367,9.078,9.057,8.604,8.972,8.885,7.336,8.151,8.508,9.052,9.215,9.021,8.902,9.438,9.224,9.129,8.271,9.555,9.405,6.339,0.000,6.260,6.979,7.094,6.957,8.581,6.692
C30败,8.780,11.929,9.432,12.439,8.591,6.276,8.046,7.997,8.324,7.134,7.482,7.582,8.342,6.507,7.621,8.044,7.156,7.810,7.895,7.450,7.296,7.476,7.681,7.603,7.008,6.829,8.246,8.493,7.962,6.604,7.763,7.893,8.039,8.130,8.637,8.914,8.849,8.754,8.688,8.367,9.189,8.656,7.044,6.260,0.000,7.960,6.800,6.941,8.662,7.747
C28意,9.432,8.788,10.414,11.502,7.281,8.748,8.759,8.061,7.371,7.279,8.007,8.224,7.370,7.891,7.679,8.000,8.679,7.315,7.574,8.323,7.604,8.519,8.647,8.560,8.244,8.122,8.289,8.999,8.324,7.533,7.498,7.571,8.143,8.722,7.802,6.933,8.157,7.853,7.517,7.149,7.750,7.485,7.499,6.979,7.960,0.000,6.784,5.758,7.695,6.879
C36静,8.615,11.441,10.068,12.771,9.992,7.636,8.988,9.655,8.854,8.282,8.373,8.399,8.607,6.889,7.219,7.837,7.429,6.887,6.600,7.549,7.101,7.915,8.118,7.969,7.447,7.197,8.380,8.478,8.135,6.916,7.013,7.099,8.896,8.985,8.800,7.272,8.608,8.575,8.108,7.554,8.672,8.375,9.098,7.094,6.800,6.784,0.000,5.360,6.985,6.183
C31成,8.625,10.050,9.774,11.523,9.752,8.687,9.010,8.934,8.524,7.880,7.904,8.146,8.017,7.385,7.953,8.452,7.578,6.833,6.430,7.572,7.690,8.075,8.227,7.982,7.296,7.519,7.906,8.434,7.683,5.556,5.304,5.357,7.137,7.049,6.857,5.687,7.223,7.073,6.703,7.787,8.266,7.627,6.290,6.957,6.941,5.758,5.360,0.000,5.187,4.334
C34张,9.914,10.645,9.529,11.817,11.038,9.951,11.659,10.374,11.174,9.981,8.915,8.690,8.471,7.901,8.290,8.801,6.697,6.497,5.543,6.132,7.767,7.243,7.296,7.155,6.724,7.159,6.570,7.615,6.935,5.788,4.631,4.663,6.550,5.882,5.814,4.944,6.216,5.906,5.565,8.596,7.905,7.060,7.107,8.581,8.662,7.695,6.985,5.187,0.000,3.182
C35平,7.925,8.574,9.907,11.921,9.755,9.604,10.330,9.837,9.970,9.146,8.740,8.759,8.457,8.324,8.648,9.198,7.125,7.325,6.559,6.858,8.197,8.082,8.171,7.929,7.505,7.767,7.173,8.313,7.757,5.833,5.288,5.447,7.428,6.900,6.619,5.902,7.240,6.891,6.649,8.772,8.664,7.926,5.960,6.692,7.747,6.879,6.183,4.334,3.182,0.000
