cls,C34,C49,C31,C32,C48,C46,C50,C28,C29,C36,C30,C33,C23,C27,C26,C20,C16,C14,C15,C21,C22,C25,C19,C06,C07,C11,C35,C38,C10,C13,C02,C04,C01,C05,C08,C40,C45,C47,C41,C43,C37,C39,C42,C44,C18,C09,C17,C03,C12,C24
C34张,0.000,3.501,3.643,3.647,4.670,3.554,3.743,3.941,4.212,4.451,5.167,4.312,6.493,6.285,6.609,7.500,6.291,6.735,7.137,5.960,6.726,5.590,6.273,5.690,6.225,5.955,4.550,4.593,5.903,6.396,6.808,6.495,5.305,5.667,6.149,12.107,10.784,10.912,13.039,13.138,6.374,7.032,7.446,8.195,7.475,8.620,8.381,11.273,10.341,9.887
C49前,3.501,0.000,3.522,3.901,4.055,3.232,3.642,3.442,3.909,3.614,4.182,4.207,4.863,4.765,5.352,6.439,5.001,5.545,5.913,4.941,5.613,4.334,5.159,4.567,5.067,4.936,4.834,4.316,4.985,5.903,5.666,5.580,4.306,4.412,4.577,11.593,10.328,10.336,12.509,12.603,5.414,6.711,6.878,7.746,7.105,7.427,7.708,10.458,9.312,8.700
C31成,3.643,3.522,0.000,2.739,4.047,3.155,3.430,2.975,3.505,3.580,4.241,3.927,5.274,4.791,5.767,6.581,4.991,5.319,5.973,4.727,5.413,4.698,5.283,5.065,5.647,4.942,4.591,4.025,4.887,5.571,6.322,5.836,5.055,4.876,5.167,11.731,10.459,10.543,12.696,12.605,5.544,6.596,7.040,7.841,7.213,7.655,7.858,10.761,9.203,8.573
C32功,3.647,3.901,2.739,0.000,3.487,3.669,3.521,3.991,3.195,4.142,3.575,3.455,5.657,5.315,5.474,6.195,5.314,5.455,5.879,4.576,5.062,4.716,5.069,5.348,5.428,4.906,5.581,4.760,6.204,7.213,7.436,6.961,5.605,5.917,5.866,13.108,11.751,11.800,14.067,14.164,6.933,7.970,8.406,9.185,8.434,9.085,9.324,12.262,10.677,9.903
C48边,4.670,4.055,4.047,3.487,0.000,3.912,2.949,4.302,3.364,4.375,3.486,4.089,4.906,4.912,4.477,5.028,4.735,4.636,4.896,3.778,4.228,4.027,4.104,3.886,4.134,4.062,6.435,5.730,6.498,7.676,7.060,6.909,4.865,5.478,5.228,13.925,12.635,12.720,14.686,14.778,7.386,8.728,9.067,9.798,9.113,9.331,10.176,12.392,11.083,10.494
C46边,3.554,3.232,3.155,3.669,3.912,0.000,2.826,3.628,4.629,4.346,4.958,5.066,5.127,5.109,6.050,7.070,5.418,5.734,6.391,4.907,5.805,5.125,5.669,5.018,5.580,5.337,4.933,4.095,5.068,5.363,6.365,6.185,5.051,4.971,4.924,11.470,10.017,10.089,12.327,12.392,5.664,6.502,6.567,7.282,6.951,7.606,7.861,10.724,9.448,8.769
C50面,3.743,3.642,3.430,3.521,2.949,2.826,0.000,3.692,3.908,4.114,4.184,3.920,5.463,5.282,5.516,6.284,5.125,5.278,5.721,4.861,5.423,4.714,4.924,4.654,5.057,4.834,5.526,5.095,5.619,6.453,6.638,6.392,4.749,5.228,5.280,12.599,11.329,11.396,13.349,13.490,6.428,7.343,7.624,8.486,7.942,8.521,8.988,11.648,10.432,10.022
C28意,3.941,3.442,2.975,3.991,4.302,3.628,3.692,0.000,3.483,3.060,4.663,4.181,4.707,4.033,5.695,6.693,4.710,5.040,5.884,4.733,5.595,4.276,5.119,4.327,5.380,4.644,4.254,4.065,3.780,5.062,5.165,4.645,4.127,3.819,4.012,11.181,10.045,10.112,11.945,11.962,4.708,5.832,6.548,7.112,6.489,6.719,7.077,9.683,8.132,7.873
C29失,4.212,3.909,3.505,3.195,3.364,4.629,3.908,3.483,0.000,2.845,2.940,3.161,5.116,4.528,4.830,5.042,4.356,4.496,4.758,3.920,4.385,3.396,3.987,4.211,4.429,3.850,5.819,5.295,5.901,7.335,6.728,6.302,4.710,5.150,5.066,13.433,12.231,12.335,14.286,14.289,6.585,8.237,8.724,9.480,8.583,8.850,9.331,11.843,10.417,9.765
C36静,4.451,3.614,3.580,4.142,4.375,4.346,4.114,3.060,2.845,0.000,3.753,4.034,4.920,3.991,5.030,5.700,4.345,4.941,5.355,4.512,4.993,3.434,4.656,4.397,4.966,4.468,5.244,4.521,5.007,6.199,5.791,5.328,4.489,4.518,4.536,11.891,10.794,10.889,12.720,12.756,4.880,6.892,7.174,8.022,7.595,7.591,8.064,10.455,9.113,8.297
C30败,5.167,4.182,4.241,3.575,3.486,4.958,4.184,4.663,2.940,3.753,0.000,3.453,4.888,4.173,4.013,4.245,4.392,4.427,4.301,3.582,3.682,3.094,3.660,4.517,4.116,4.016,6.920,5.731,6.650,8.030,7.203,6.957,5.126,5.714,5.506,14.009,12.666,12.747,14.892,14.950,7.232,8.836,9.347,10.155,9.565,9.444,10.104,12.592,11.023,10.205
C33紧,4.312,4.207,3.927,3.455,4.089,5.066,3.920,4.181,3.161,4.034,3.453,0.000,5.727,5.401,5.030,5.219,5.076,4.998,5.053,4.767,4.926,4.308,4.412,4.853,4.788,4.219,6.478,5.796,6.102,7.434,7.257,6.783,5.152,5.632,5.795,13.797,12.704,12.752,14.685,14.772,7.345,8.550,9.086,9.961,9.096,9.322,9.715,12.527,11.080,10.478
C23难,6.493,4.863,5.274,5.657,4.906,5.127,5.463,4.707,5.116,4.920,4.888,5.727,0.000,3.084,4.931,5.554,3.775,3.950,4.806,3.360,4.024,4.188,4.716,3.704,4.648,4.305,7.124,5.944,5.429,6.553,5.751,5.643,4.535,4.384,3.662,12.685,11.621,11.538,13.383,13.514,6.364,8.162,8.327,8.986,8.089,7.646,8.841,10.481,8.883,8.098
C27满,6.285,4.765,4.791,5.315,4.912,5.109,5.282,4.033,4.528,3.991,4.173,5.401,3.084,0.000,4.408,5.380,3.830,4.040,4.627,3.755,4.327,3.471,4.637,3.851,4.530,4.197,6.827,5.334,4.981,6.402,5.360,5.085,4.247,4.174,3.703,12.209,11.097,11.126,12.960,13.055,5.549,7.452,7.858,8.489,7.954,7.246,8.380,10.176,8.399,7.623
C26气,6.609,5.352,5.767,5.474,4.477,6.050,5.516,5.695,4.830,5.030,4.013,5.030,4.931,4.408,0.000,3.870,4.998,4.541,4.323,3.822,3.983,3.633,3.726,4.121,3.653,4.102,8.177,6.559,6.725,8.093,6.935,6.715,4.943,5.546,5.155,14.292,13.295,13.316,15.086,15.390,7.686,9.535,9.730,10.381,9.604,9.227,10.388,12.327,10.971,10.229
C20成,7.500,6.439,6.581,6.195,5.028,7.070,6.284,6.693,5.042,5.700,4.245,5.219,5.554,5.380,3.870,0.000,4.388,3.950,2.768,3.752,2.851,3.630,3.120,4.073,2.910,3.239,9.760,8.283,7.938,9.432,8.396,8.251,5.908,6.611,6.141,16.365,15.218,15.308,17.099,17.121,9.350,11.292,11.576,12.372,11.194,10.827,11.965,13.992,12.573,11.799
C16回,6.291,5.001,4.991,5.314,4.735,5.418,5.125,4.710,4.356,4.345,4.392,5.076,3.775,3.830,4.998,4.388,0.000,2.959,3.070,3.490,3.365,3.196,3.905,3.229,3.748,3.211,7.723,6.556,5.804,7.128,6.515,6.213,4.677,4.818,4.416,13.790,12.721,12.773,14.475,14.510,7.007,8.799,8.997,10.049,8.859,8.521,9.376,11.507,9.993,9.396
C14行,6.735,5.545,5.319,5.455,4.636,5.734,5.278,5.040,4.496,4.941,4.427,4.998,3.950,4.040,4.541,3.950,2.959,0.000,2.572,3.047,3.247,3.566,3.569,3.344,3.708,2.651,8.281,7.197,5.977,7.407,7.059,6.791,5.068,5.144,4.622,14.496,13.388,13.380,15.213,15.154,7.764,9.381,9.828,10.575,9.412,8.957,9.891,12.266,10.479,10.082
C15返,7.137,5.913,5.973,5.879,4.896,6.391,5.721,5.884,4.758,5.355,4.301,5.053,4.806,4.627,4.323,2.768,3.070,2.572,0.000,3.347,2.791,3.473,3.454,3.506,2.981,2.773,9.270,8.014,7.031,8.519,7.832,7.620,5.435,5.967,5.418,15.645,14.503,14.518,16.346,16.298,8.680,10.545,10.796,11.629,10.530,9.974,11.041,13.274,11.752,11.151
C21开,5.960,4.941,4.727,4.576,3.778,4.907,4.861,4.733,3.920,4.512,3.582,4.767,3.360,3.755,3.822,3.752,3.490,3.047,3.347,0.000,2.355,3.280,3.131,3.189,3.231,2.889,7.574,6.360,6.116,7.522,6.908,6.707,4.739,5.076,4.486,14.283,13.047,13.075,15.085,15.163,7.546,9.334,9.687,10.264,9.188,9.040,10.053,12.189,10.514,9.719
C22心,6.726,5.613,5.413,5.062,4.228,5.805,5.423,5.595,4.385,4.993,3.682,4.926,4.024,4.327,3.983,2.851,3.365,3.247,2.791,2.355,0.000,3.246,3.040,3.587,3.152,3.015,8.627,7.254,7.152,8.478,7.688,7.536,5.402,5.898,5.355,15.313,14.049,14.055,15.959,16.073,8.331,10.222,10.494,11.268,10.257,9.960,11.002,13.097,11.441,10.573
C25生,5.590,4.334,4.698,4.716,4.027,5.125,4.714,4.276,3.396,3.434,3.094,4.308,4.188,3.471,3.633,3.630,3.196,3.566,3.473,3.280,3.246,0.000,2.971,3.197,3.005,3.038,7.164,5.785,5.676,7.216,6.195,5.905,4.276,4.535,4.052,13.584,12.348,12.469,14.304,14.383,6.681,8.509,8.788,9.665,8.639,8.345,9.298,11.440,10.047,9.381
C19完,6.273,5.159,5.283,5.069,4.104,5.669,4.924,5.119,3.987,4.656,3.660,4.412,4.716,4.637,3.726,3.120,3.905,3.569,3.454,3.131,3.040,2.971,0.000,3.219,2.674,2.544,7.901,6.832,6.374,7.786,6.925,6.772,4.636,5.063,4.751,14.700,13.497,13.561,15.332,15.465,7.923,9.628,9.927,10.713,9.289,9.296,10.153,12.407,10.948,10.375
C06进,5.690,4.567,5.065,5.348,3.886,5.018,4.654,4.327,4.211,4.397,4.517,4.853,3.704,3.851,4.121,4.073,3.229,3.344,3.506,3.189,3.587,3.197,3.219,0.000,2.260,2.187,7.247,6.419,5.209,6.666,5.353,5.459,2.925,3.553,3.361,13.704,12.632,12.671,14.324,14.347,6.880,8.729,8.941,9.672,8.475,8.052,9.254,10.954,9.735,9.414
C07后,6.225,5.067,5.647,5.428,4.134,5.580,5.057,5.380,4.429,4.966,4.116,4.788,4.648,4.530,3.653,2.910,3.748,3.708,2.981,3.231,3.152,3.005,2.674,2.260,0.000,2.059,8.264,6.971,6.160,7.797,6.511,6.533,3.841,4.678,4.186,14.805,13.610,13.713,15.486,15.534,8.015,9.833,9.977,10.742,9.432,9.033,10.286,12.241,11.006,10.414
C11等,5.955,4.936,4.942,4.906,4.062,5.337,4.834,4.644,3.850,4.468,4.016,4.219,4.305,4.197,4.102,3.239,3.211,2.651,2.773,2.889,3.015,3.038,2.544,2.187,2.059,0.000,7.758,6.713,5.491,7.132,6.289,6.144,3.811,4.325,4.014,14.422,13.261,13.305,15.119,15.065,7.505,9.301,9.677,10.404,9.104,8.637,9.706,11.939,10.344,9.964
C35平,4.550,4.834,4.591,5.581,6.435,4.933,5.526,4.254,5.819,5.244,6.920,6.478,7.124,6.827,8.177,9.760,7.723,8.281,9.270,7.574,8.627,7.164,7.901,7.247,8.264,7.758,0.000,3.565,5.041,5.348,5.598,5.217,6.016,5.405,6.099,8.856,7.709,7.836,9.804,9.911,4.465,4.483,5.176,5.580,5.408,6.454,6.083,8.465,7.440,7.122
C38劳,4.593,4.316,4.025,4.760,5.730,4.095,5.095,4.065,5.295,4.521,5.731,5.796,5.944,5.334,6.559,8.283,6.556,7.197,8.014,6.360,7.254,5.785,6.832,6.419,6.971,6.713,3.565,0.000,4.590,5.099,5.415,4.725,5.385,4.783,5.089,9.516,8.347,8.585,10.541,10.753,4.367,5.061,5.257,5.941,5.768,6.323,6.533,8.955,7.691,6.726
C10发,5.903,4.985,4.887,6.204,6.498,5.068,5.619,3.780,5.901,5.007,6.650,6.102,5.429,4.981,6.725,7.938,5.804,5.977,7.031,6.116,7.152,5.676,6.374,5.209,6.160,5.491,5.041,4.590,0.000,3.103,3.605,2.844,4.032,2.704,3.185,9.747,8.800,8.931,10.534,10.399,4.434,5.218,5.667,6.036,4.894,4.132,5.146,7.612,6.079,6.161
C13运,6.396,5.903,5.571,7.213,7.676,5.363,6.453,5.062,7.335,6.199,8.030,7.434,6.553,6.402,8.093,9.432,7.128,7.407,8.519,7.522,8.478,7.216,7.786,6.666,7.797,7.132,5.348,5.099,3.103,0.000,4.672,4.283,5.611,4.365,5.007,8.682,7.721,7.910,9.397,9.245,4.467,4.587,4.743,5.053,4.742,4.519,4.481,7.217,6.009,6.207
C02始,6.808,5.666,6.322,7.436,7.060,6.365,6.638,5.165,6.728,5.791,7.203,7.257,5.751,5.360,6.935,8.396,6.515,7.059,7.832,6.908,7.688,6.195,6.925,5.353,6.511,6.289,5.598,5.415,3.605,4.672,0.000,1.899,3.181,2.479,3.643,9.606,8.725,8.798,10.082,10.146,4.434,5.778,6.023,6.355,5.728,4.335,5.697,6.330,5.694,6.064
C04止,6.495,5.580,5.836,6.961,6.909,6.185,6.392,4.645,6.302,5.328,6.957,6.783,5.643,5.085,6.715,8.251,6.213,6.791,7.620,6.707,7.536,5.905,6.772,5.459,6.533,6.144,5.217,4.725,2.844,4.283,1.899,0.000,3.578,2.480,3.498,9.438,8.634,8.785,10.017,10.094,4.087,5.406,5.728,6.112,5.293,4.064,5.428,6.472,5.559,5.711
C01开,5.305,4.306,5.055,5.605,4.865,5.051,4.749,4.127,4.710,4.489,5.126,5.152,4.535,4.247,4.943,5.908,4.677,5.068,5.435,4.739,5.402,4.276,4.636,2.925,3.841,3.811,6.016,5.385,4.032,5.611,3.181,3.578,0.000,2.297,3.031,12.036,10.991,11.052,12.661,12.732,5.619,7.344,7.628,8.213,7.178,6.592,7.765,9.252,8.316,8.210
C05前,5.667,4.412,4.876,5.917,5.478,4.971,5.228,3.819,5.150,4.518,5.714,5.632,4.384,4.174,5.546,6.611,4.818,5.144,5.967,5.076,5.898,4.535,5.063,3.553,4.678,4.325,5.405,4.783,2.704,4.365,2.479,2.480,2.297,0.000,2.025,10.810,9.813,9.870,11.412,11.419,4.862,6.298,6.521,7.094,5.889,5.039,6.269,7.949,6.845,6.767
C08退,6.149,4.577,5.167,5.866,5.228,4.924,5.280,4.012,5.066,4.536,5.506,5.795,3.662,3.703,5.155,6.141,4.416,4.622,5.418,4.486,5.355,4.052,4.751,3.361,4.186,4.014,6.099,5.089,3.185,5.007,3.643,3.498,3.031,2.025,0.000,11.309,10.252,10.358,11.935,11.958,5.333,6.818,6.957,7.497,6.313,5.368,6.952,8.616,7.353,6.993
C40松,12.107,11.593,11.731,13.108,13.925,11.470,12.599,11.181,13.433,11.891,14.009,13.797,12.685,12.209,14.292,16.365,13.790,14.496,15.645,14.283,15.313,13.584,14.700,13.704,14.805,14.422,8.856,9.516,9.747,8.682,9.606,9.438,12.036,10.810,11.309,0.000,3.168,3.094,3.273,3.554,7.901,6.163,5.690,5.131,7.205,7.312,6.226,6.169,6.763,7.102
C45左,10.784,10.328,10.459,11.751,12.635,10.017,11.329,10.045,12.231,10.794,12.666,12.704,11.621,11.097,13.295,15.218,12.721,13.388,14.503,13.047,14.049,12.348,13.497,12.632,13.610,13.261,7.709,8.347,8.800,7.721,8.725,8.634,10.991,9.813,10.252,3.168,0.000,2.061,4.132,4.231,7.018,5.133,4.819,4.250,6.475,6.585,5.408,6.195,6.536,6.685
C47右,10.912,10.336,10.543,11.800,12.720,10.089,11.396,10.112,12.335,10.889,12.747,12.752,11.538,11.126,13.316,15.308,12.773,13.380,14.518,13.075,14.055,12.469,13.561,12.671,13.713,13.305,7.836,8.585,8.931,7.910,8.798,8.785,11.052,9.870,10.358,3.094,2.061,0.000,3.960,4.365,7.079,5.447,4.967,4.298,6.625,6.665,5.500,6.326,6.429,6.682
C41上,13.039,12.509,12.696,14.067,14.686,12.327,13.349,11.945,14.286,12.720,14.892,14.685,13.383,12.960,15.086,17.099,14.475,15.213,16.346,15.085,15.959,14.304,15.332,14.324,15.486,15.119,9.804,10.541,10.534,9.397,10.082,10.017,12.661,11.412,11.935,3.273,4.132,3.960,0.000,3.650,8.729,7.064,6.467,5.835,8.065,7.792,6.982,6.095,7.151,7.749
C43下,13.138,12.603,12.605,14.164,14.778,12.392,13.490,11.962,14.289,12.756,14.950,14.772,13.514,13.055,15.390,17.121,14.510,15.154,16.298,15.163,16.073,14.383,15.465,14.347,15.534,15.065,9.911,10.753,10.399,9.245,10.146,10.094,12.732,11.419,11.958,3.554,4.231,4.365,3.650,0.000,8.757,7.112,6.772,6.093,8.171,7.609,6.782,6.022,6.986,7.836
C37疲,6.374,5.414,5.544,6.933,7.386,5.664,6.428,4.708,6.585,4.880,7.232,7.345,6.364,5.549,7.686,9.350,7.007,7.764,8.680,7.546,8.331,6.681,7.923,6.880,8.015,7.505,4.465,4.367,4.434,4.467,4.434,4.087,5.619,4.862,5.333,7.901,7.018,7.079,8.729,8.757,0.000,3.705,4.107,4.550,5.421,4.950,5.124,6.900,5.756,5.289
C39放,7.032,6.711,6.596,7.970,8.728,6.502,7.343,5.832,8.237,6.892,8.836,8.550,8.162,7.452,9.535,11.292,8.799,9.381,10.545,9.334,10.222,8.509,9.628,8.729,9.833,9.301,4.483,5.061,5.218,4.587,5.778,5.406,7.344,6.298,6.818,6.163,5.133,5.447,7.064,7.112,3.705,0.000,2.949,3.218,4.749,5.008,4.259,6.709,5.654,5.905
C42方,7.446,6.878,7.040,8.406,9.067,6.567,7.624,6.548,8.724,7.174,9.347,9.086,8.327,7.858,9.730,11.576,8.997,9.828,10.796,9.687,10.494,8.788,9.927,8.941,9.977,9.677,5.176,5.257,5.667,4.743,6.023,5.728,7.628,6.521,6.957,5.690,4.819,4.967,6.467,6.772,4.107,2.949,0.000,2.744,4.463,4.677,4.125,6.283,6.081,5.862
C44方,8.195,7.746,7.841,9.185,9.798,7.282,8.486,7.112,9.480,8.022,10.155,9.961,8.986,8.489,10.381,12.372,10.049,10.575,11.629,10.264,11.268,9.665,10.713,9.672,10.742,10.404,5.580,5.941,6.036,5.053,6.355,6.112,8.213,7.094,7.497,5.131,4.250,4.298,5.835,6.093,4.550,3.218,2.744,0.000,4.524,4.688,4.294,5.845,5.726,5.639
C18过,7.475,7.105,7.213,8.434,9.113,6.951,7.942,6.489,8.583,7.595,9.565,9.096,8.089,7.954,9.604,11.194,8.859,9.412,10.530,9.188,10.257,8.639,9.289,8.475,9.432,9.104,5.408,5.768,4.894,4.742,5.728,5.293,7.178,5.889,6.313,7.205,6.475,6.625,8.065,8.171,5.421,4.749,4.463,4.524,0.000,4.582,3.958,6.245,5.846,5.917
C09出,8.620,7.427,7.655,9.085,9.331,7.606,8.521,6.719,8.850,7.591,9.444,9.322,7.646,7.246,9.227,10.827,8.521,8.957,9.974,9.040,9.960,8.345,9.296,8.052,9.033,8.637,6.454,6.323,4.132,4.519,4.335,4.064,6.592,5.039,5.368,7.312,6.585,6.665,7.792,7.609,4.950,5.008,4.677,4.688,4.582,0.000,3.674,4.544,4.143,4.624
C17通,8.381,7.708,7.858,9.324,10.176,7.861,8.988,7.077,9.331,8.064,10.104,9.715,8.841,8.380,10.388,11.965,9.376,9.891,11.041,10.053,11.002,9.298,10.153,9.254,10.286,9.706,6.083,6.533,5.146,4.481,5.697,5.428,7.765,6.269,6.952,6.226,5.408,5.500,6.982,6.782,5.124,4.259,4.125,4.294,3.958,3.674,0.000,5.181,4.693,5.451
C03停,11.273,10.458,10.761,12.262,12.392,10.724,11.648,9.683,11.843,10.455,12.592,12.527,10.481,10.176,12.327,13.992,11.507,12.266,13.274,12.189,13.097,11.440,12.407,10.954,12.241,11.939,8.465,8.955,7.612,7.217,6.330,6.472,9.252,7.949,8.616,6.169,6.195,6.326,6.095,6.022,6.900,6.709,6.283,5.845,6.245,4.544,5.181,0.000,4.167,5.348
C12待,10.341,9.312,9.203,10.677,11.083,9.448,10.432,8.132,10.417,9.113,11.023,11.080,8.883,8.399,10.971,12.573,9.993,10.479,11.752,10.514,11.441,10.047,10.948,9.735,11.006,10.344,7.440,7.691,6.079,6.009,5.694,5.559,8.316,6.845,7.353,6.763,6.536,6.429,7.151,6.986,5.756,5.654,6.081,5.726,5.846,4.143,4.693,4.167,0.000,3.571
C24过,9.887,8.700,8.573,9.903,10.494,8.769,10.022,7.873,9.765,8.297,10.205,10.478,8.098,7.623,10.229,11.799,9.396,10.082,11.151,9.719,10.573,9.381,10.375,9.414,10.414,9.964,7.122,6.726,6.161,6.207,6.064,5.711,8.210,6.767,6.993,7.102,6.685,6.682,7.749,7.836,5.289,5.905,5.862,5.639,5.917,4.624,5.451,5.348,3.571,0.000
