cls,C18,C43,C17,C24,C25,C44,C40,C41,C42,C45,C47,C39,C46,C49,C04,C05,C07,C03,C06,C11,C12,C14,C13,C08,C09,C10,C27,C22,C23,C15,C19,C16,C20,C21,C32,C38,C34,C48,C50,C26,C01,C02,C37,C29,C30,C28,C31,C36,C33,C35
C18过,0.000,9.158,6.779,7.474,8.658,6.388,6.977,7.109,6.809,6.316,7.043,8.394,7.057,11.488,13.157,13.045,11.388,11.300,12.061,11.319,12.143,11.534,9.153,11.091,10.022,10.844,9.884,7.829,9.083,11.360,11.113,9.394,9.061,10.032,9.286,8.729,9.845,9.734,9.419,10.657,9.555,10.347,11.426,11.493,11.642,11.290,10.809,12.761,13.253,13.218
C43下,9.158,0.000,7.505,8.947,7.931,7.675,5.469,5.603,5.855,7.246,7.070,6.598,6.786,7.686,10.547,10.399,9.850,10.147,9.838,9.029,8.591,8.571,7.151,9.593,8.397,9.474,5.833,7.000,6.962,7.047,7.879,6.492,5.942,6.730,6.240,7.468,5.945,5.955,5.722,7.564,6.501,7.500,8.149,7.124,6.619,7.893,6.516,8.553,8.693,8.730
C17通,6.779,7.505,0.000,6.453,6.929,6.761,6.434,6.610,5.948,6.567,7.133,6.341,6.143,9.800,10.500,10.346,9.104,9.231,9.860,8.555,9.048,8.371,6.767,9.122,7.952,8.357,7.390,6.060,7.213,8.272,8.405,6.669,6.728,7.409,6.664,6.520,7.821,6.665,6.293,7.844,7.297,7.972,8.679,8.095,8.468,8.040,7.724,9.493,9.934,10.008
C24过,7.474,8.947,6.453,0.000,4.693,7.472,7.271,6.645,5.363,6.722,5.682,5.579,5.357,9.914,10.615,10.396,8.111,8.774,9.596,7.363,8.669,8.266,5.633,7.737,6.488,7.224,7.825,5.772,7.221,9.967,9.445,8.332,7.528,8.338,7.373,6.459,8.319,7.896,7.997,7.700,7.186,7.890,8.679,8.778,9.024,9.602,8.661,11.053,11.429,11.885
C25生,8.658,7.931,6.929,4.693,0.000,8.017,7.165,6.284,5.180,7.605,6.313,4.822,6.173,8.788,9.096,9.252,7.603,7.957,8.702,6.253,6.827,6.953,5.506,7.450,5.907,6.925,6.648,5.712,7.114,8.640,7.809,7.350,6.138,7.396,6.561,5.735,7.490,6.884,7.354,6.178,6.010,6.336,7.797,6.956,7.379,8.216,7.510,9.424,9.763,10.556
C44方,6.388,7.675,6.761,7.472,8.017,0.000,5.788,5.571,5.447,5.008,5.521,7.025,6.009,10.343,13.205,13.196,11.663,11.881,12.367,11.064,11.556,11.047,8.548,11.083,9.773,10.827,8.878,7.406,8.393,10.450,10.668,8.611,8.445,9.448,8.179,8.136,8.837,8.763,8.256,9.343,9.060,10.023,10.556,10.596,10.467,10.399,9.751,12.000,12.403,12.509
C40松,6.977,5.469,6.434,7.271,7.165,5.788,0.000,3.124,3.386,4.260,4.362,6.099,5.468,8.858,11.926,11.947,10.260,10.754,10.995,10.067,10.558,10.310,7.539,10.179,8.692,9.910,7.969,7.410,8.146,9.663,9.801,7.989,7.446,8.810,7.067,7.204,7.601,7.446,6.753,8.298,7.431,8.603,9.723,9.139,9.026,9.664,8.590,10.978,11.198,11.200
C41上,7.109,5.603,6.610,6.645,6.284,5.571,3.124,0.000,2.883,4.752,4.304,5.920,5.161,8.788,11.860,11.831,10.012,10.454,10.707,9.658,9.953,9.982,7.126,9.825,8.323,9.889,7.258,6.679,7.443,9.321,9.410,7.313,6.725,8.346,7.088,7.153,7.620,7.152,6.995,7.361,6.738,7.954,9.582,8.998,8.687,9.758,8.729,10.983,11.323,11.471
C42方,6.809,5.855,5.948,5.363,5.180,5.447,3.386,2.883,0.000,4.626,4.065,4.728,3.980,8.606,10.712,10.715,8.642,9.281,9.661,8.307,9.035,8.860,5.755,8.430,6.687,8.177,6.745,5.838,6.812,8.745,8.678,6.838,6.199,7.741,6.394,6.152,7.001,6.724,6.154,6.890,6.130,7.192,8.568,8.269,8.118,8.754,7.928,10.082,10.664,10.909
C45左,6.316,7.246,6.567,6.722,7.605,5.008,4.260,4.752,4.626,0.000,4.095,6.022,5.256,9.553,12.663,12.866,11.082,11.609,12.154,10.760,11.415,10.808,8.111,10.618,9.178,10.202,8.925,7.681,8.622,10.597,10.853,8.911,8.767,9.653,7.476,7.302,8.126,8.402,7.793,9.286,8.680,9.588,10.244,10.098,10.122,10.105,9.119,11.874,12.284,12.024
C47右,7.043,7.070,7.133,5.682,6.313,5.521,4.362,4.304,4.065,4.095,0.000,5.347,4.387,8.850,12.127,12.146,10.194,10.624,11.082,9.645,10.275,10.057,7.112,9.806,8.439,9.628,7.930,6.676,7.444,10.324,10.339,8.639,8.007,9.001,6.949,7.070,7.410,7.534,7.131,8.410,7.960,8.969,9.383,9.614,9.272,10.101,8.620,11.524,11.813,11.857
C39放,8.394,6.598,6.341,5.579,4.822,7.025,6.099,5.920,4.728,6.022,5.347,0.000,4.532,7.496,9.048,9.167,7.761,8.380,8.663,6.406,6.693,6.385,4.348,6.887,5.510,6.306,5.388,5.132,6.019,8.076,7.799,6.999,6.268,6.952,5.889,6.286,5.629,6.230,5.109,6.385,6.267,6.666,5.891,6.845,6.405,7.146,5.874,8.463,9.055,9.473
C46边,7.057,6.786,6.143,5.357,6.173,6.009,5.468,5.161,3.980,5.256,4.387,4.532,0.000,8.384,10.674,10.548,8.430,8.898,9.265,7.863,8.623,8.135,4.856,7.750,6.368,7.589,6.333,4.465,5.163,8.467,7.881,6.391,6.110,6.769,6.437,6.753,6.281,6.227,5.902,7.776,6.536,7.486,7.422,8.665,7.972,8.463,7.416,9.587,10.557,10.434
C49前,11.488,7.686,9.800,9.914,8.788,10.343,8.858,8.788,8.606,9.553,8.850,7.496,8.384,0.000,9.468,9.781,9.932,9.943,9.928,8.864,8.494,8.500,7.947,9.768,8.928,9.191,7.312,8.232,8.306,8.644,8.264,8.553,7.886,7.896,7.201,8.086,6.719,7.516,7.897,8.458,7.722,7.940,7.653,7.284,7.158,7.469,6.462,8.145,8.261,7.996
C04止,13.157,10.547,10.500,10.615,9.096,13.205,11.926,11.860,10.712,12.663,12.127,9.048,10.674,9.468,0.000,2.786,5.362,5.134,5.327,5.259,6.018,6.320,7.542,6.394,6.089,5.473,7.767,9.254,9.312,7.768,7.223,9.000,8.122,7.933,7.710,8.462,8.651,8.367,8.723,8.243,7.522,5.547,7.252,6.186,6.617,7.376,7.148,7.239,7.770,7.536
C05前,13.045,10.399,10.346,10.396,9.252,13.196,11.947,11.831,10.715,12.866,12.146,9.167,10.548,9.781,2.786,0.000,4.445,4.038,3.692,4.750,5.493,5.687,7.199,5.536,5.890,5.112,7.338,8.742,8.687,7.453,7.085,8.641,7.845,7.368,8.121,8.996,8.667,8.273,8.586,8.372,7.387,5.807,6.822,6.533,6.525,7.887,7.337,7.398,7.985,7.966
C07后,11.388,9.850,9.104,8.111,7.603,11.663,10.260,10.012,8.642,11.082,10.194,7.761,8.430,9.932,5.362,4.445,0.000,2.798,2.840,4.461,5.890,6.161,5.416,3.600,3.505,3.902,7.347,7.475,7.745,8.263,7.622,8.124,7.211,7.649,8.278,8.836,8.422,8.009,8.236,7.999,6.263,5.200,7.065,7.840,7.337,8.904,8.283,8.879,9.867,10.029
C03停,11.300,10.147,9.231,8.774,7.957,11.881,10.754,10.454,9.281,11.609,10.624,8.380,8.898,9.943,5.134,4.038,2.798,0.000,2.227,4.931,6.184,6.299,6.119,4.628,5.023,5.170,7.434,7.431,7.692,8.299,7.379,8.167,7.158,7.438,8.413,8.857,8.429,8.003,8.405,8.335,6.690,5.365,7.131,8.064,7.646,8.876,8.361,8.570,9.547,9.724
C06进,12.061,9.838,9.860,9.596,8.702,12.367,10.995,10.707,9.661,12.154,11.082,8.663,9.265,9.928,5.327,3.692,2.840,2.227,0.000,5.021,5.709,6.163,6.301,4.560,5.167,5.470,6.954,7.651,7.510,7.832,7.282,8.012,7.045,7.188,8.668,9.638,8.339,7.908,8.280,8.291,6.711,5.594,6.860,7.969,7.036,9.022,8.230,8.301,9.304,9.524
C11等,11.319,9.029,8.555,7.363,6.253,11.064,10.067,9.658,8.307,10.760,9.645,6.406,7.863,8.864,5.259,4.750,4.461,4.931,5.021,0.000,3.686,3.726,4.292,4.388,3.706,3.391,5.379,6.334,6.555,6.637,5.729,6.936,5.842,5.928,6.521,7.044,7.192,6.539,6.997,6.418,5.774,4.986,5.287,5.516,5.350,7.081,6.247,7.143,7.605,8.337
C12待,12.143,8.591,9.048,8.669,6.827,11.556,10.558,9.953,9.035,11.415,10.275,6.693,8.623,8.494,6.018,5.493,5.890,6.184,5.709,3.686,0.000,3.286,5.398,5.654,5.275,5.306,5.071,6.803,6.714,5.957,5.774,6.789,5.994,5.818,7.115,8.229,6.945,6.687,7.213,6.414,6.140,5.475,5.426,5.295,4.628,6.801,5.860,6.437,6.934,8.023
C14行,11.534,8.571,8.371,8.266,6.953,11.047,10.310,9.982,8.860,10.808,10.057,6.385,8.135,8.500,6.320,5.687,6.161,6.299,6.163,3.726,3.286,0.000,5.141,5.295,5.313,4.589,5.187,6.041,6.394,5.209,5.133,6.031,5.905,5.051,6.740,7.516,7.125,6.797,7.171,6.909,7.111,6.531,5.010,5.314,5.081,6.032,5.423,5.632,6.639,7.724
C13运,9.153,7.151,6.767,5.633,5.506,8.548,7.539,7.126,5.755,8.111,7.112,4.348,4.856,7.947,7.542,7.199,5.416,6.119,6.301,4.292,5.398,5.141,0.000,4.758,3.582,4.318,4.739,4.505,4.894,6.834,6.190,6.009,5.079,5.639,6.139,6.488,5.999,5.897,5.570,6.182,5.005,5.178,5.338,6.447,5.954,6.874,6.008,7.693,8.551,8.923
C08退,11.091,9.593,9.122,7.737,7.450,11.083,10.179,9.825,8.430,10.618,9.806,6.887,7.750,9.768,6.394,5.536,3.600,4.628,4.560,4.388,5.654,5.295,4.758,0.000,3.265,3.658,6.678,6.579,6.897,7.880,7.273,7.562,6.941,7.025,8.132,8.702,8.234,8.094,8.038,7.915,6.925,6.128,6.421,7.805,7.079,8.488,7.789,8.545,9.836,10.111
C09出,10.022,8.397,7.952,6.488,5.907,9.773,8.692,8.323,6.687,9.178,8.439,5.510,6.368,8.928,6.089,5.890,3.505,5.023,5.167,3.706,5.275,5.313,3.582,3.265,0.000,2.850,6.001,5.930,6.444,7.272,6.608,6.791,5.930,6.552,6.784,7.276,7.347,6.994,6.856,6.689,5.381,4.736,6.153,6.800,6.325,7.758,7.032,8.251,9.381,9.573
C10发,10.844,9.474,8.357,7.224,6.925,10.827,9.910,9.889,8.177,10.202,9.628,6.306,7.589,9.191,5.473,5.112,3.902,5.170,5.470,3.391,5.306,4.589,4.318,3.658,2.850,0.000,6.792,6.726,7.385,7.530,6.795,7.629,6.995,6.876,7.182,7.454,7.884,7.785,7.548,7.691,6.686,5.866,5.978,6.694,6.804,7.158,6.787,7.858,8.763,9.075
C27满,9.884,5.833,7.390,7.825,6.648,8.878,7.969,7.258,6.745,8.925,7.930,5.388,6.333,7.312,7.767,7.338,7.347,7.434,6.954,5.379,5.071,5.187,4.739,6.678,6.001,6.792,0.000,4.328,3.854,4.971,5.147,4.611,3.607,3.715,5.107,6.625,4.754,4.003,4.575,4.978,5.084,5.388,4.957,4.941,3.405,6.025,4.306,5.905,6.468,7.022
C22心,7.829,7.000,6.060,5.772,5.712,7.406,7.410,6.679,5.838,7.681,6.676,5.132,4.465,8.232,9.254,8.742,7.475,7.431,7.651,6.334,6.803,6.041,4.505,6.579,5.930,6.726,4.328,0.000,3.252,6.718,5.925,4.618,3.942,4.218,6.186,6.707,6.359,5.420,5.959,6.505,6.174,6.727,6.137,7.305,6.380,7.446,6.290,7.692,8.924,9.288
C23难,9.083,6.962,7.213,7.221,7.114,8.393,8.146,7.443,6.812,8.622,7.444,6.019,5.163,8.306,9.312,8.687,7.745,7.692,7.510,6.555,6.714,6.394,4.894,6.897,6.444,7.385,3.854,3.252,0.000,6.452,6.114,5.054,4.485,4.217,6.351,7.539,5.734,4.817,5.634,6.729,6.152,6.816,6.130,7.334,5.935,7.690,6.145,7.624,8.597,8.780
C15返,11.360,7.047,8.272,9.967,8.640,10.450,9.663,9.321,8.745,10.597,10.324,8.076,8.467,8.644,7.768,7.453,8.263,8.299,7.832,6.637,5.957,5.209,6.834,7.880,7.272,7.530,4.971,6.718,6.452,0.000,4.211,3.752,4.939,4.229,5.886,7.533,7.249,6.113,7.166,6.732,6.933,6.811,7.009,5.356,5.015,6.327,5.844,5.533,6.365,6.813
C19完,11.113,7.879,8.405,9.445,7.809,10.668,9.801,9.410,8.678,10.853,10.339,7.799,7.881,8.264,7.223,7.085,7.622,7.379,7.282,5.729,5.774,5.133,6.190,7.273,6.608,6.795,5.147,5.925,6.114,4.211,0.000,4.060,3.933,3.255,6.233,7.299,7.028,5.774,7.179,6.971,6.188,5.923,6.077,5.467,4.938,6.165,5.937,5.167,6.451,6.563
C16回,9.394,6.492,6.669,8.332,7.350,8.611,7.989,7.313,6.838,8.911,8.639,6.999,6.391,8.553,9.000,8.641,8.124,8.167,8.012,6.936,6.789,6.031,6.009,7.562,6.791,7.629,4.611,4.618,5.054,3.752,4.060,0.000,3.295,3.499,6.031,7.146,6.975,5.615,6.726,6.296,6.259,6.664,7.059,6.581,5.728,7.064,6.516,6.623,7.907,8.287
C20成,9.061,5.942,6.728,7.528,6.138,8.445,7.446,6.725,6.199,8.767,8.007,6.268,6.110,7.886,8.122,7.845,7.211,7.158,7.045,5.842,5.994,5.905,5.079,6.941,5.930,6.995,3.607,3.942,4.485,4.939,3.933,3.295,0.000,3.058,5.466,6.635,6.137,4.461,5.830,5.539,4.680,5.144,6.392,5.832,4.754,6.969,5.946,6.512,7.486,7.951
C21开,10.032,6.730,7.409,8.338,7.396,9.448,8.810,8.346,7.741,9.653,9.001,6.952,6.769,7.896,7.933,7.368,7.649,7.438,7.188,5.928,5.818,5.051,5.639,7.025,6.552,6.876,3.715,4.218,4.217,4.229,3.255,3.499,3.058,0.000,5.459,6.860,5.978,4.548,6.076,6.366,6.007,6.238,5.800,5.413,4.303,6.055,4.894,5.290,6.539,6.650
C32功,9.286,6.240,6.664,7.373,6.561,8.179,7.067,7.088,6.394,7.476,6.949,5.889,6.437,7.201,7.710,8.121,8.278,8.413,8.668,6.521,7.115,6.740,6.139,8.132,6.784,7.182,5.107,6.186,6.351,5.886,6.233,6.031,5.466,5.459,0.000,3.574,5.122,4.193,5.066,5.925,5.684,5.823,6.822,4.368,4.917,5.881,4.212,7.129,6.703,6.192
C38劳,8.729,7.468,6.520,6.459,5.735,8.136,7.204,7.153,6.152,7.302,7.070,6.286,6.753,8.086,8.462,8.996,8.836,8.857,9.638,7.044,8.229,7.516,6.488,8.702,7.276,7.454,6.625,6.707,7.539,7.533,7.299,7.146,6.635,6.860,3.574,0.000,6.547,5.858,6.438,6.540,6.467,6.524,7.829,5.288,6.933,5.980,5.691,7.997,7.679,7.542
C34张,9.845,5.945,7.821,8.319,7.490,8.837,7.601,7.620,7.001,8.126,7.410,5.629,6.281,6.719,8.651,8.667,8.422,8.429,8.339,7.192,6.945,7.125,5.999,8.234,7.347,7.884,4.754,6.359,5.734,7.249,7.028,6.975,6.137,5.978,5.122,6.547,0.000,4.439,4.416,6.956,5.368,6.044,5.854,5.851,5.097,5.852,4.112,6.591,6.312,6.217
C48边,9.734,5.955,6.665,7.896,6.884,8.763,7.446,7.152,6.724,8.402,7.534,6.230,6.227,7.516,8.367,8.273,8.009,8.003,7.908,6.539,6.687,6.797,5.897,8.094,6.994,7.785,4.003,5.420,4.817,6.113,5.774,5.615,4.461,4.548,4.193,5.858,4.439,0.000,3.739,5.872,4.932,5.567,6.231,5.240,4.524,6.501,4.781,6.642,6.688,6.306
C50面,9.419,5.722,6.293,7.997,7.354,8.256,6.753,6.995,6.154,7.793,7.131,5.109,5.902,7.897,8.723,8.586,8.236,8.405,8.280,6.997,7.213,7.171,5.570,8.038,6.856,7.548,4.575,5.959,5.634,7.166,7.179,6.726,5.830,6.076,5.066,6.438,4.416,3.739,0.000,6.654,5.787,6.366,5.842,6.030,5.374,6.519,4.855,7.147,7.456,7.091
C26气,10.657,7.564,7.844,7.700,6.178,9.343,8.298,7.361,6.890,9.286,8.410,6.385,7.776,8.458,8.243,8.372,7.999,8.335,8.291,6.418,6.414,6.909,6.182,7.915,6.689,7.691,4.978,6.505,6.729,6.732,6.971,6.296,5.539,6.366,5.925,6.540,6.956,5.872,6.654,0.000,5.637,5.692,7.294,5.569,5.474,7.418,6.506,7.835,8.014,8.645
C01开,9.555,6.501,7.297,7.186,6.010,9.060,7.431,6.738,6.130,8.680,7.960,6.267,6.536,7.722,7.522,7.387,6.263,6.690,6.711,5.774,6.140,7.111,5.005,6.925,5.381,6.686,5.084,6.174,6.152,6.933,6.188,6.259,4.680,6.007,5.684,6.467,5.368,4.932,5.787,5.637,0.000,2.550,6.852,5.635,5.393,7.414,6.478,8.133,8.040,7.954
C02始,10.347,7.500,7.972,7.890,6.336,10.023,8.603,7.954,7.192,9.588,8.969,6.666,7.486,7.940,5.547,5.807,5.200,5.365,5.594,4.986,5.475,6.531,5.178,6.128,4.736,5.866,5.388,6.727,6.816,6.811,5.923,6.664,5.144,6.238,5.823,6.524,6.044,5.567,6.366,5.692,2.550,0.000,6.485,5.295,5.217,7.035,6.385,7.590,7.753,7.572
C37疲,11.426,8.149,8.679,8.679,7.797,10.556,9.723,9.582,8.568,10.244,9.383,5.891,7.422,7.653,7.252,6.822,7.065,7.131,6.860,5.287,5.426,5.010,5.338,6.421,6.153,5.978,4.957,6.137,6.130,7.009,6.077,7.059,6.392,5.800,6.822,7.829,5.854,6.231,5.842,7.294,6.852,6.485,0.000,6.021,5.132,6.239,5.191,5.940,7.039,7.173
C29失,11.493,7.124,8.095,8.778,6.956,10.596,9.139,8.998,8.269,10.098,9.614,6.845,8.665,7.284,6.186,6.533,7.840,8.064,7.969,5.516,5.295,5.314,6.447,7.805,6.800,6.694,4.941,7.305,7.334,5.356,5.467,6.581,5.832,5.413,4.368,5.288,5.851,5.240,6.030,5.569,5.635,5.295,6.021,0.000,3.355,4.459,3.637,5.330,4.681,4.868
C30败,11.642,6.619,8.468,9.024,7.379,10.467,9.026,8.687,8.118,10.122,9.272,6.405,7.972,7.158,6.617,6.525,7.337,7.646,7.036,5.350,4.628,5.081,5.954,7.079,6.325,6.804,3.405,6.380,5.935,5.015,4.938,5.728,4.754,4.303,4.917,6.933,5.097,4.524,5.374,5.474,5.393,5.217,5.132,3.355,0.000,5.719,3.688,5.128,5.472,5.607
C28意,11.290,7.893,8.040,9.602,8.216,10.399,9.664,9.758,8.754,10.105,10.101,7.146,8.463,7.469,7.376,7.887,8.904,8.876,9.022,7.081,6.801,6.032,6.874,8.488,7.758,7.158,6.025,7.446,7.690,6.327,6.165,7.064,6.969,6.055,5.881,5.980,5.852,6.501,6.519,7.418,7.414,7.035,6.239,4.459,5.719,0.000,3.597,4.147,4.543,4.814
C31成,10.809,6.516,7.724,8.661,7.510,9.751,8.590,8.729,7.928,9.119,8.620,5.874,7.416,6.462,7.148,7.337,8.283,8.361,8.230,6.247,5.860,5.423,6.008,7.789,7.032,6.787,4.306,6.290,6.145,5.844,5.937,6.516,5.946,4.894,4.212,5.691,4.112,4.781,4.855,6.506,6.478,6.385,5.191,3.637,3.688,3.597,0.000,4.659,4.662,4.595
C36静,12.761,8.553,9.493,11.053,9.424,12.000,10.978,10.983,10.082,11.874,11.524,8.463,9.587,8.145,7.239,7.398,8.879,8.570,8.301,7.143,6.437,5.632,7.693,8.545,8.251,7.858,5.905,7.692,7.624,5.533,5.167,6.623,6.512,5.290,7.129,7.997,6.591,6.642,7.147,7.835,8.133,7.590,5.940,5.330,5.128,4.147,4.659,0.000,4.126,4.810
C33紧,13.253,8.693,9.934,11.429,9.763,12.403,11.198,11.323,10.664,12.284,11.813,9.055,10.557,8.261,7.770,7.985,9.867,9.547,9.304,7.605,6.934,6.639,8.551,9.836,9.381,8.763,6.468,8.924,8.597,6.365,6.451,7.907,7.486,6.539,6.703,7.679,6.312,6.688,7.456,8.014,8.040,7.753,7.039,4.681,5.472,4.543,4.662,4.126,0.000,3.727
C35平,13.218,8.730,10.008,11.885,10.556,12.509,11.200,11.471,10.909,12.024,11.857,9.473,10.434,7.996,7.536,7.966,10.029,9.724,9.524,8.337,8.023,7.724,8.923,10.111,9.573,9.075,7.022,9.288,8.780,6.813,6.563,8.287,7.951,6.650,6.192,7.542,6.217,6.306,7.091,8.645,7.954,7.572,7.173,4.868,5.607,4.814,4.595,4.810,3.727,0.000
