cls,C25,C16,C19,C20,C08,C09,C10,C11,C15,C12,C14,C37,C39,C33,C26,C27,C13,C36,C30,C28,C29,C01,C02,C06,C03,C04,C05,C07,C47,C23,C32,C34,C35,C38,C48,C31,C21,C22,C49,C50,C17,C24,C42,C40,C43,C18,C44,C45,C41,C46
C25生,0.000,3.561,3.182,2.250,6.260,4.145,4.702,4.618,5.060,5.001,5.021,3.246,2.881,3.889,2.589,3.576,4.337,5.023,4.835,4.211,4.348,5.019,5.597,8.502,6.887,6.920,7.241,6.971,12.731,10.286,7.694,8.669,8.518,7.121,6.473,5.766,6.330,4.977,6.521,5.631,4.390,6.115,4.411,6.664,6.712,7.840,7.958,8.982,9.731,8.825
C16回,3.561,0.000,2.653,2.128,6.942,5.030,5.784,5.546,5.642,5.838,5.829,4.630,4.655,5.338,4.422,5.113,5.541,6.230,5.913,5.693,5.812,5.926,6.402,8.864,7.648,7.506,7.372,7.480,12.942,10.754,8.623,9.542,9.466,7.644,7.506,6.920,6.773,5.519,6.871,6.298,3.723,5.353,5.366,7.186,6.943,7.148,8.026,8.433,9.994,8.794
C19完,3.182,2.653,0.000,2.115,6.030,4.327,4.751,4.791,4.896,4.944,5.000,3.514,3.644,4.611,3.976,4.249,4.080,5.380,4.896,4.728,4.893,5.415,5.684,7.873,6.417,6.543,6.388,6.604,12.070,9.578,7.359,8.146,8.060,6.822,6.286,5.602,5.723,4.991,5.801,5.189,4.091,5.815,4.737,6.477,6.366,7.134,7.650,8.356,9.100,8.004
C20成,2.250,2.128,2.115,0.000,6.369,4.311,4.998,5.028,5.078,5.212,5.324,3.925,3.862,4.504,3.413,4.196,4.827,5.582,5.243,4.851,4.979,4.959,5.552,8.448,7.088,6.976,7.018,6.961,12.863,10.470,8.135,9.106,8.974,7.308,6.949,6.272,6.396,5.185,6.638,5.921,3.721,5.621,4.688,6.834,6.632,7.351,7.846,8.571,9.756,8.782
C08退,6.260,6.942,6.030,6.369,0.000,2.765,2.040,2.957,3.258,1.873,2.312,4.425,6.041,4.219,5.005,5.178,4.405,4.672,5.446,5.347,5.773,6.547,5.669,3.195,3.734,3.365,3.267,3.032,16.640,12.834,10.850,11.604,11.424,11.565,10.470,7.565,9.706,8.596,9.869,9.161,9.402,11.084,9.066,11.204,11.053,12.676,12.686,13.792,13.921,12.934
C09出,4.145,5.030,4.327,4.311,2.765,0.000,1.204,2.498,3.390,2.179,2.780,3.150,4.734,3.750,3.742,4.557,4.187,4.768,5.437,4.964,5.435,4.423,3.901,4.656,3.760,3.424,3.597,3.178,15.471,12.383,10.172,10.969,10.831,10.179,9.279,7.308,8.772,7.567,8.904,8.089,7.531,9.189,7.460,9.610,9.668,10.866,11.155,12.107,12.565,11.564
C10发,4.702,5.784,4.751,4.998,2.040,1.204,0.000,2.495,3.289,1.822,2.418,3.221,4.881,3.664,4.030,4.545,3.894,4.398,5.191,4.750,5.240,5.175,4.475,4.171,3.369,3.259,3.418,2.967,15.574,12.199,10.037,10.796,10.634,10.376,9.342,7.041,8.776,7.681,8.961,8.155,8.086,9.762,7.750,9.899,9.925,11.349,11.457,12.506,12.746,11.754
C11等,4.618,5.546,4.791,5.028,2.957,2.498,2.495,0.000,3.216,2.195,2.134,2.960,4.436,3.135,3.448,3.879,3.581,4.538,4.877,4.726,5.062,5.493,4.923,4.847,4.179,3.814,4.081,3.965,15.280,12.138,9.675,10.509,10.380,9.923,9.062,6.780,8.735,7.521,8.700,7.907,7.806,9.394,7.756,9.819,9.744,11.045,11.349,12.336,12.590,11.616
C15返,5.060,5.642,4.896,5.078,3.258,3.390,3.289,3.216,0.000,1.888,1.781,4.046,4.824,2.582,3.282,3.176,3.180,2.989,3.454,3.374,3.702,6.469,6.266,5.794,6.056,5.459,5.357,5.400,15.434,11.531,9.419,10.367,10.174,10.418,9.305,5.852,8.356,7.103,8.280,7.579,7.660,9.942,7.382,9.540,9.117,11.166,10.958,12.319,12.398,11.744
C12待,5.001,5.838,4.944,5.212,1.873,2.179,1.822,2.195,1.888,0.000,1.140,3.478,4.891,2.894,3.612,3.827,3.306,3.620,4.320,4.121,4.558,5.805,5.275,4.347,4.391,3.939,3.917,3.794,15.717,11.985,9.865,10.705,10.517,10.573,9.451,6.504,8.741,7.533,8.757,8.013,8.163,10.043,7.883,10.041,9.852,11.553,11.548,12.726,12.865,11.976
C14行,5.021,5.829,5.000,5.324,2.312,2.780,2.418,2.134,1.781,1.140,0.000,3.278,4.533,2.501,3.373,3.399,2.916,3.093,3.795,3.677,4.073,6.470,6.002,4.924,4.947,4.592,4.540,4.486,15.417,11.660,9.481,10.338,10.174,10.357,9.249,6.054,8.442,7.152,8.445,7.709,8.011,9.938,7.667,9.830,9.595,11.426,11.315,12.509,12.665,11.742
C37疲,3.246,4.630,3.514,3.925,4.425,3.150,3.221,2.960,4.046,3.478,3.278,0.000,2.539,3.025,2.944,3.372,2.895,4.036,4.197,3.788,4.136,5.644,5.505,6.532,5.086,5.293,5.475,5.408,13.210,10.449,7.938,8.602,8.570,8.039,7.148,5.410,6.860,5.720,6.791,5.928,6.147,7.715,5.755,7.727,7.841,9.243,9.339,10.235,10.585,9.491
C39放,2.881,4.655,3.644,3.862,6.041,4.734,4.881,4.436,4.824,4.891,4.533,2.539,0.000,3.351,2.743,2.809,2.911,4.214,3.681,3.193,3.369,6.518,6.743,8.391,6.888,7.090,7.355,7.334,11.613,9.279,6.420,7.082,7.185,6.611,5.657,4.201,5.642,4.501,5.198,4.304,4.944,6.803,3.875,5.868,5.985,7.904,7.635,8.726,8.853,8.119
C33紧,3.889,5.338,4.611,4.504,4.219,3.750,3.664,3.135,2.582,2.894,2.501,3.025,3.351,0.000,1.940,2.067,2.895,2.625,2.755,2.548,2.672,6.311,6.296,6.822,6.323,5.930,6.165,6.071,14.462,10.948,8.333,9.262,9.114,9.135,8.129,4.980,7.561,6.145,7.405,6.613,6.839,8.939,6.442,8.649,8.341,10.351,10.124,11.375,11.604,10.846
C26气,2.589,4.422,3.976,3.413,5.005,3.742,4.030,3.448,3.282,3.612,3.373,2.944,2.743,1.940,0.000,1.678,3.105,3.505,3.339,2.802,2.924,5.784,5.965,7.591,6.615,6.346,6.732,6.515,13.772,10.660,7.930,9.002,8.838,8.218,7.385,5.068,7.006,5.546,6.994,6.110,5.650,7.781,5.403,7.748,7.446,9.221,9.124,10.406,10.744,10.101
C27满,3.576,5.113,4.249,4.196,5.178,4.557,4.545,3.879,3.176,3.827,3.399,3.372,2.809,2.067,1.678,0.000,2.260,2.958,2.181,1.957,1.959,6.837,6.940,7.845,7.050,6.936,7.163,7.074,13.208,9.627,6.961,8.098,7.885,7.921,6.872,3.798,6.297,5.035,6.322,5.500,5.927,8.081,5.300,7.590,7.068,9.275,8.833,10.325,10.292,9.715
C13运,4.337,5.541,4.080,4.827,4.405,4.187,3.894,3.581,3.180,3.306,2.916,2.895,2.911,2.895,3.105,2.260,0.000,2.969,2.484,2.439,2.764,7.003,6.825,6.828,5.960,6.199,6.228,6.301,12.808,9.123,6.844,7.645,7.516,8.046,6.714,3.637,6.079,5.195,6.003,5.240,6.567,8.468,5.626,7.626,7.354,9.528,9.068,10.451,10.122,9.361
C36静,5.023,6.230,5.380,5.582,4.672,4.768,4.398,4.538,2.989,3.620,3.093,4.036,4.214,2.625,3.505,2.958,2.969,0.000,2.330,1.705,2.147,8.036,8.000,7.529,7.257,7.211,7.145,7.023,14.279,9.960,8.007,8.923,8.687,9.610,8.287,4.264,6.979,5.634,7.128,6.408,7.420,9.573,6.489,8.694,8.291,10.839,9.960,11.456,11.550,10.675
C30败,4.835,5.913,4.896,5.243,5.446,5.437,5.191,4.877,3.454,4.320,3.795,4.197,3.681,2.755,3.339,2.181,2.484,2.330,0.000,1.628,1.230,8.129,8.168,8.180,7.713,7.691,7.663,7.738,13.110,8.844,6.622,7.622,7.385,8.348,7.047,2.901,5.931,4.732,5.946,5.342,6.587,8.757,5.757,7.834,7.169,9.766,8.922,10.506,10.382,9.657
C28意,4.211,5.693,4.728,4.851,5.347,4.964,4.750,4.726,3.374,4.121,3.677,3.788,3.193,2.548,2.802,1.957,2.439,1.705,1.628,0.000,0.957,7.706,7.822,8.199,7.537,7.555,7.627,7.538,13.126,9.097,6.844,7.821,7.623,8.359,7.056,3.199,5.954,4.679,6.031,5.251,6.315,8.582,5.183,7.436,6.969,9.620,8.713,10.319,10.270,9.590
C29失,4.348,5.812,4.893,4.979,5.773,5.435,5.240,5.062,3.702,4.558,4.073,4.136,3.369,2.672,2.924,1.959,2.764,2.147,1.230,0.957,0.000,7.995,8.147,8.616,7.956,7.941,8.036,7.979,13.016,8.916,6.560,7.615,7.381,8.157,6.899,2.948,5.821,4.513,5.914,5.195,6.229,8.511,5.211,7.435,6.831,9.522,8.576,10.220,10.168,9.532
C01开,5.019,5.926,5.415,4.959,6.547,4.423,5.175,5.493,6.469,5.805,6.470,5.644,6.518,6.311,5.784,6.837,7.003,8.036,8.129,7.706,7.995,0.000,1.736,7.038,5.709,5.075,5.576,5.371,15.750,13.944,11.470,12.121,12.051,10.382,9.863,9.485,10.291,9.435,10.042,9.286,7.887,9.165,8.319,9.862,10.246,10.591,11.610,12.180,12.611,12.076
C02始,5.597,6.402,5.684,5.552,5.669,3.901,4.475,4.923,6.266,5.275,6.002,5.505,6.743,6.296,5.965,6.940,6.825,8.000,8.168,7.822,8.147,1.736,0.000,5.728,4.317,3.630,4.339,4.083,16.278,14.241,11.766,12.402,12.314,10.836,10.270,9.644,10.672,9.872,10.494,9.732,8.631,9.855,8.986,10.604,10.933,11.297,12.342,12.955,13.232,12.613
C06进,8.502,8.864,7.873,8.448,3.195,4.656,4.171,4.847,5.794,4.347,4.924,6.532,8.391,6.822,7.591,7.845,6.828,7.529,8.180,8.199,8.616,7.038,5.728,0.000,3.074,2.489,2.009,2.184,18.377,14.941,13.064,13.617,13.480,13.480,12.435,10.078,12.021,11.161,11.995,11.355,11.589,12.966,11.455,13.303,13.333,14.517,14.935,15.795,15.788,14.803
C03停,6.887,7.648,6.417,7.088,3.734,3.760,3.369,4.179,6.056,4.391,4.947,5.086,6.888,6.323,6.615,7.050,5.960,7.257,7.713,7.537,7.956,5.709,4.317,3.074,0.000,1.925,2.392,2.136,16.347,13.543,11.445,11.928,11.816,11.318,10.417,9.094,10.445,9.783,10.512,9.800,9.989,11.000,9.812,11.521,11.780,12.564,13.151,13.876,13.864,12.796
C04止,6.920,7.506,6.543,6.976,3.365,3.424,3.259,3.814,5.459,3.939,4.592,5.293,7.090,5.930,6.346,6.936,6.199,7.211,7.691,7.555,7.941,5.075,3.630,2.489,1.925,0.000,1.620,1.503,17.245,14.429,12.138,12.710,12.621,11.991,11.183,9.476,11.159,10.291,11.046,10.328,10.102,11.408,10.142,11.932,12.099,12.954,13.655,14.405,14.511,13.614
C05前,7.241,7.372,6.388,7.018,3.267,3.597,3.418,4.081,5.357,3.917,4.540,5.475,7.355,6.165,6.732,7.163,6.228,7.145,7.663,7.627,8.036,5.576,4.339,2.009,2.392,1.620,0.000,1.427,17.196,14.201,12.196,12.737,12.641,12.202,11.338,9.467,11.004,10.159,10.933,10.300,10.143,11.418,10.260,12.012,12.128,13.003,13.637,14.324,14.555,13.494
C07后,6.971,7.480,6.604,6.961,3.032,3.178,2.967,3.965,5.400,3.794,4.486,5.408,7.334,6.071,6.515,7.074,6.301,7.023,7.738,7.538,7.979,5.371,4.083,2.184,2.136,1.503,1.427,0.000,17.484,14.372,12.337,12.983,12.828,12.326,11.425,9.573,11.096,10.156,11.217,10.491,10.230,11.488,10.250,12.169,12.318,13.224,13.769,14.533,14.810,13.727
C47右,12.731,12.942,12.070,12.863,16.640,15.471,15.574,15.280,15.434,15.717,15.417,13.210,11.613,14.462,13.772,13.208,12.808,14.279,13.110,13.126,13.016,15.750,16.278,18.377,16.347,17.245,17.196,17.484,0.000,7.429,7.491,6.452,7.042,6.845,7.094,10.804,8.252,9.882,7.716,8.319,10.344,9.557,9.335,7.344,7.887,7.799,6.679,6.312,4.457,4.741
C23难,10.286,10.754,9.578,10.470,12.834,12.383,12.199,12.138,11.531,11.985,11.660,10.449,9.279,10.948,10.660,9.627,9.123,9.960,8.844,9.097,8.916,13.944,14.241,14.941,13.543,14.429,14.201,14.372,7.429,0.000,3.964,4.166,3.515,6.757,5.482,6.329,4.291,6.146,5.566,5.882,9.039,9.272,7.864,7.775,7.203,8.890,6.810,8.283,7.068,5.648
C32功,7.694,8.623,7.359,8.135,10.850,10.172,10.037,9.675,9.419,9.865,9.481,7.938,6.420,8.333,7.930,6.961,6.844,8.007,6.622,6.844,6.560,11.470,11.766,13.064,11.445,12.138,12.196,12.337,7.491,3.964,0.000,2.103,1.475,4.108,2.831,4.051,3.089,4.563,3.671,3.559,6.721,7.401,5.473,5.738,5.127,7.094,5.523,7.193,5.902,5.046
C34张,8.669,9.542,8.146,9.106,11.604,10.969,10.796,10.509,10.367,10.705,10.338,8.602,7.082,9.262,9.002,8.098,7.645,8.923,7.622,7.821,7.615,12.121,12.402,13.617,11.928,12.710,12.737,12.983,6.452,4.166,2.103,0.000,1.354,4.562,3.340,5.054,4.103,5.681,3.788,3.937,7.624,8.139,6.099,5.690,5.502,7.436,5.872,7.141,5.343,4.675
C35平,8.518,9.466,8.060,8.974,11.424,10.831,10.634,10.380,10.174,10.517,10.174,8.570,7.185,9.114,8.838,7.885,7.516,8.687,7.385,7.623,7.381,12.051,12.314,13.480,11.816,12.621,12.641,12.828,7.042,3.515,1.475,1.354,0.000,4.586,3.193,4.763,3.679,5.397,4.009,4.099,7.637,8.117,6.279,6.169,5.801,7.647,6.051,7.525,5.880,4.984
C38劳,7.121,7.644,6.822,7.308,11.565,10.179,10.376,9.923,10.418,10.573,10.357,8.039,6.611,9.135,8.218,7.921,8.046,9.610,8.348,8.359,8.157,10.382,10.836,13.480,11.318,11.991,12.202,12.326,6.845,6.757,4.108,4.562,4.586,0.000,2.474,6.641,4.506,5.529,4.691,4.502,5.249,4.673,5.194,4.974,4.885,4.376,4.551,5.068,5.006,3.838
C48边,6.473,7.506,6.286,6.949,10.470,9.279,9.342,9.062,9.305,9.451,9.249,7.148,5.657,8.129,7.385,6.872,6.714,8.287,7.047,7.056,6.899,9.863,10.270,12.435,10.417,11.183,11.338,11.425,7.094,5.482,2.831,3.340,3.193,2.474,0.000,5.064,3.290,4.510,3.518,3.130,5.538,5.735,4.536,4.630,4.663,5.644,4.861,6.055,5.122,4.023
C31成,5.766,6.920,5.602,6.272,7.565,7.308,7.041,6.780,5.852,6.504,6.054,5.410,4.201,4.980,5.068,3.798,3.637,4.264,2.901,3.199,2.948,9.485,9.644,10.078,9.094,9.476,9.467,9.573,10.804,6.329,4.051,5.054,4.763,6.641,5.064,0.000,4.012,3.739,4.147,3.567,6.373,8.178,4.938,6.524,5.818,8.647,7.306,9.080,8.404,7.682
C21开,6.330,6.773,5.723,6.396,9.706,8.772,8.776,8.735,8.356,8.741,8.442,6.860,5.642,7.561,7.006,6.297,6.079,6.979,5.931,5.954,5.821,10.291,10.672,12.021,10.445,11.159,11.004,11.096,8.252,4.291,3.089,4.103,3.679,4.506,3.290,4.012,0.000,2.370,3.231,3.031,5.227,5.895,4.281,5.169,4.653,6.372,4.812,6.249,6.339,4.497
C22心,4.977,5.519,4.991,5.185,8.596,7.567,7.681,7.521,7.103,7.533,7.152,5.720,4.501,6.145,5.546,5.035,5.195,5.634,4.732,4.679,4.513,9.435,9.872,11.161,9.783,10.291,10.159,10.156,9.882,6.146,4.563,5.681,5.397,5.529,4.510,3.739,2.370,0.000,3.892,3.416,4.462,5.607,3.809,5.575,5.016,6.882,5.574,6.893,7.755,6.007
C49前,6.521,6.871,5.801,6.638,9.869,8.904,8.961,8.700,8.280,8.757,8.445,6.791,5.198,7.405,6.994,6.322,6.003,7.128,5.946,6.031,5.914,10.042,10.494,11.995,10.512,11.046,10.933,11.217,7.716,5.566,3.671,3.788,4.009,4.691,3.518,4.147,3.231,3.892,0.000,2.528,5.268,6.239,3.928,3.978,3.689,5.971,4.671,5.916,5.335,4.608
C50面,5.631,6.298,5.189,5.921,9.161,8.089,8.155,7.907,7.579,8.013,7.709,5.928,4.304,6.613,6.110,5.500,5.240,6.408,5.342,5.251,5.195,9.286,9.732,11.355,9.800,10.328,10.300,10.491,8.319,5.882,3.559,3.937,4.099,4.502,3.130,3.567,3.031,3.416,2.528,0.000,4.627,5.986,3.276,3.932,3.682,5.978,4.830,6.205,5.770,4.908
C17通,4.390,3.723,4.091,3.721,9.402,7.531,8.086,7.806,7.660,8.163,8.011,6.147,4.944,6.839,5.650,5.927,6.567,7.420,6.587,6.315,6.229,7.887,8.631,11.589,9.989,10.102,10.143,10.230,10.344,9.039,6.721,7.624,7.637,5.249,5.538,6.373,5.227,4.462,5.268,4.627,0.000,3.413,3.304,4.689,4.177,4.268,4.881,5.487,7.229,6.393
C24过,6.115,5.353,5.815,5.621,11.084,9.189,9.762,9.394,9.942,10.043,9.938,7.715,6.803,8.939,7.781,8.081,8.468,9.573,8.757,8.582,8.511,9.165,9.855,12.966,11.000,11.408,11.418,11.488,9.557,9.272,7.401,8.139,8.117,4.673,5.735,8.178,5.895,5.607,6.239,5.986,3.413,0.000,5.328,5.914,5.739,3.678,5.196,4.798,7.382,5.691
C42方,4.411,5.366,4.737,4.688,9.066,7.460,7.750,7.756,7.382,7.883,7.667,5.755,3.875,6.442,5.403,5.300,5.626,6.489,5.757,5.183,5.211,8.319,8.986,11.455,9.812,10.142,10.260,10.250,9.335,7.864,5.473,6.099,6.279,5.194,4.536,4.938,4.281,3.809,3.928,3.276,3.304,5.328,0.000,2.945,2.938,5.489,4.304,5.746,6.052,5.887
C40松,6.664,7.186,6.477,6.834,11.204,9.610,9.899,9.819,9.540,10.041,9.830,7.727,5.868,8.649,7.748,7.590,7.626,8.694,7.834,7.436,7.435,9.862,10.604,13.303,11.521,11.932,12.012,12.169,7.344,7.775,5.738,5.690,6.169,4.974,4.630,6.524,5.169,5.575,3.978,3.932,4.689,5.914,2.945,0.000,2.527,4.751,3.483,4.456,3.938,4.659
C43下,6.712,6.943,6.366,6.632,11.053,9.668,9.925,9.744,9.117,9.852,9.595,7.841,5.985,8.341,7.446,7.068,7.354,8.291,7.169,6.969,6.831,10.246,10.933,13.333,11.780,12.099,12.128,12.318,7.887,7.203,5.127,5.502,5.801,4.885,4.663,5.818,4.653,5.016,3.689,3.682,4.177,5.739,2.938,2.527,0.000,4.539,2.809,4.605,4.314,5.057
C18过,7.840,7.148,7.134,7.351,12.676,10.866,11.349,11.045,11.166,11.553,11.426,9.243,7.904,10.351,9.221,9.275,9.528,10.839,9.766,9.620,9.522,10.591,11.297,14.517,12.564,12.954,13.003,13.224,7.799,8.890,7.094,7.436,7.647,4.376,5.644,8.647,6.372,6.882,5.971,5.978,4.268,3.678,5.489,4.751,4.539,0.000,3.761,3.351,5.133,4.688
C44方,7.958,8.026,7.650,7.846,12.686,11.155,11.457,11.349,10.958,11.548,11.315,9.339,7.635,10.124,9.124,8.833,9.068,9.960,8.922,8.713,8.576,11.610,12.342,14.935,13.151,13.655,13.637,13.769,6.679,6.810,5.523,5.872,6.051,4.551,4.861,7.306,4.812,5.574,4.671,4.830,4.881,5.196,4.304,3.483,2.809,3.761,0.000,3.016,3.765,3.815
C45左,8.982,8.433,8.356,8.571,13.792,12.107,12.506,12.336,12.319,12.726,12.509,10.235,8.726,11.375,10.406,10.325,10.451,11.456,10.506,10.319,10.220,12.180,12.955,15.795,13.876,14.405,14.324,14.533,6.312,8.283,7.193,7.141,7.525,5.068,6.055,9.080,6.249,6.893,5.916,6.205,5.487,4.798,5.746,4.456,4.605,3.351,3.016,0.000,4.419,3.710
C41上,9.731,9.994,9.100,9.756,13.921,12.565,12.746,12.590,12.398,12.865,12.665,10.585,8.853,11.604,10.744,10.292,10.122,11.550,10.382,10.270,10.168,12.611,13.232,15.788,13.864,14.511,14.555,14.810,4.457,7.068,5.902,5.343,5.880,5.006,5.122,8.404,6.339,7.755,5.335,5.770,7.229,7.382,6.052,3.938,4.314,5.133,3.765,4.419,0.000,3.893
C46边,8.825,8.794,8.004,8.782,12.934,11.564,11.754,11.616,11.744,11.976,11.742,9.491,8.119,10.846,10.101,9.715,9.361,10.675,9.657,9.590,9.532,12.076,12.613,14.803,12.796,13.614,13.494,13.727,4.741,5.648,5.046,4.675,4.984,3.838,4.023,7.682,4.497,6.007,4.608,4.908,6.393,5.691,5.887,4.659,5.057,4.688,3.815,3.710,3.893,0.000
