cls,C23,C20,C25,C21,C22,C19,C24,C17,C18,C41,C44,C13,C43,C39,C29,C30,C33,C32,C35,C50,C38,C40,C26,C27,C31,C48,C28,C36,C34,C49,C42,C46,C45,C47,C12,C06,C11,C04,C37,C08,C09,C10,C01,C02,C05,C03,C07,C16,C14,C15
C23难,0.000,5.684,5.916,5.654,6.462,7.886,8.930,7.997,7.326,7.542,7.999,5.208,6.674,15.341,7.034,8.352,9.658,10.207,8.783,8.797,10.068,9.181,12.613,12.905,13.198,11.103,11.217,11.758,11.128,9.955,11.559,10.918,11.049,9.818,14.232,12.686,13.269,11.534,11.698,10.546,9.355,10.157,9.130,9.389,10.107,10.263,10.736,9.587,9.596,10.825
C20成,5.684,0.000,2.141,2.499,2.953,3.904,4.468,5.513,5.407,5.210,5.043,4.753,4.920,10.944,4.767,4.567,6.517,6.642,5.584,5.519,5.972,5.897,8.234,8.275,9.040,6.936,6.758,7.346,7.481,6.213,7.448,6.881,7.134,6.134,9.615,8.095,8.645,7.067,7.294,6.186,4.992,5.721,5.091,5.280,5.811,5.825,6.200,5.401,5.279,6.258
C25生,5.916,2.141,0.000,3.363,3.727,3.978,5.105,5.982,5.823,5.321,5.465,5.077,5.097,11.213,4.311,4.329,6.265,6.602,5.549,5.631,6.083,5.928,8.062,8.555,9.141,7.103,6.921,7.388,7.523,6.343,7.799,7.330,7.428,6.344,9.895,8.443,8.983,7.364,7.699,6.699,5.603,6.264,5.469,5.596,6.159,6.266,6.624,6.059,5.772,6.823
C21开,5.654,2.499,3.363,0.000,2.319,3.674,4.018,4.932,4.828,4.726,4.669,4.604,5.107,10.786,4.887,4.949,6.100,6.321,5.344,5.529,5.861,5.658,8.287,8.244,8.750,6.887,6.603,7.261,7.208,6.101,7.246,6.487,6.817,5.836,9.528,8.086,8.512,7.132,7.178,6.035,4.871,5.671,5.227,5.447,5.846,5.790,6.228,4.872,5.137,6.113
C22心,6.462,2.953,3.727,2.319,0.000,3.688,3.446,4.688,5.045,4.513,4.577,5.216,5.384,9.865,5.265,4.714,5.973,5.805,5.198,5.059,5.332,5.433,7.650,7.473,7.928,6.206,5.900,6.559,6.822,5.535,6.311,5.722,6.196,5.272,8.638,7.360,7.715,6.528,6.465,5.473,4.254,5.043,4.789,4.971,5.281,5.180,5.594,4.430,4.361,5.278
C19完,7.886,3.904,3.978,3.674,3.688,0.000,3.770,5.562,5.659,5.264,5.363,6.000,5.922,9.225,5.166,4.466,5.233,5.458,4.776,5.403,4.951,5.357,6.897,6.869,7.322,5.945,5.250,5.771,5.728,5.129,6.369,5.671,6.099,5.264,7.807,6.499,6.869,5.573,5.941,4.714,4.183,4.727,4.585,4.690,4.687,4.646,4.998,4.640,4.550,5.159
C24过,8.930,4.468,5.105,4.018,3.446,3.770,0.000,5.494,6.041,5.407,4.851,6.869,6.684,7.742,6.431,4.865,5.500,5.238,5.191,4.949,4.074,4.826,5.792,5.212,6.183,4.614,4.197,4.777,5.794,4.741,4.825,4.178,4.905,4.650,6.500,5.231,5.463,4.887,4.643,3.763,3.310,3.725,4.158,4.218,4.065,3.711,3.801,3.267,3.653,3.747
C17通,7.997,5.513,5.982,4.932,4.688,5.562,5.494,0.000,4.585,5.479,4.815,5.122,5.845,9.751,6.106,6.316,6.210,5.792,5.318,4.278,6.345,5.794,8.490,8.801,7.899,5.828,6.382,6.990,6.881,6.402,6.715,6.127,6.442,5.668,9.080,7.783,8.117,7.386,6.660,6.517,5.052,5.459,5.479,5.682,5.887,5.904,6.335,5.242,5.570,6.345
C18过,7.326,5.407,5.823,4.828,5.045,5.659,6.041,4.585,0.000,5.152,4.662,5.384,5.435,10.867,5.861,6.491,6.485,6.069,5.424,5.138,6.475,5.772,9.483,9.663,8.859,7.083,7.200,8.026,7.034,6.491,7.378,7.044,6.686,5.911,10.365,9.009,9.316,8.145,7.871,7.435,5.956,6.371,6.431,6.691,6.857,6.946,7.604,6.641,6.773,7.540
C41上,7.542,5.210,5.321,4.726,4.513,5.264,5.407,5.479,5.152,0.000,4.019,5.005,4.624,9.578,5.419,5.372,5.724,5.038,4.456,4.714,5.032,4.190,8.432,8.520,7.806,6.315,6.288,6.753,5.464,4.406,5.675,5.233,5.076,3.951,9.587,8.259,8.564,7.172,6.918,6.352,5.113,5.798,5.676,5.909,6.396,6.199,6.657,5.941,6.081,6.702
C44方,7.999,5.043,5.465,4.669,4.577,5.363,4.851,4.815,4.662,4.019,0.000,5.394,4.897,8.890,5.910,5.321,5.590,5.018,4.808,4.074,4.834,4.306,7.810,7.883,7.247,5.515,5.390,6.185,5.577,4.563,5.273,4.773,4.798,4.135,8.740,7.399,7.762,6.569,6.045,5.745,4.491,4.849,5.184,5.376,5.655,5.526,5.949,5.301,5.450,5.878
C13运,5.208,4.753,5.077,4.604,5.216,6.000,6.869,5.122,5.384,5.005,5.394,0.000,4.450,12.340,5.464,6.725,7.269,7.336,6.006,6.064,7.488,6.389,10.567,10.855,10.296,8.383,8.457,8.893,8.011,7.050,8.583,7.898,8.191,6.905,11.591,10.022,10.522,8.927,8.804,8.063,6.569,7.157,6.652,6.951,7.642,7.693,8.138,7.454,7.280,8.373
C43下,6.674,4.920,5.097,5.107,5.384,5.922,6.684,5.845,5.435,4.624,4.897,4.450,0.000,11.150,5.417,5.857,6.614,6.554,5.548,5.310,6.563,5.384,9.740,9.851,9.353,7.588,7.685,8.135,7.007,6.133,7.592,7.179,7.308,6.118,10.702,9.146,9.696,7.925,7.775,7.510,5.983,6.577,6.058,6.182,6.734,6.972,7.486,7.315,6.735,7.701
C39放,15.341,10.944,11.213,10.786,9.865,9.225,7.742,9.751,10.867,9.578,8.890,12.340,11.150,0.000,11.104,8.888,7.912,6.908,8.546,8.002,6.419,7.937,6.033,4.949,3.757,5.548,4.933,5.008,6.232,6.668,4.655,5.193,5.501,6.750,4.241,4.806,4.204,5.712,4.779,5.916,6.841,6.132,7.754,7.558,6.687,6.309,6.000,7.349,7.077,5.687
C29失,7.034,4.767,4.311,4.887,5.265,5.166,6.431,6.106,5.861,5.419,5.910,5.464,5.417,11.104,0.000,3.620,4.919,5.250,3.645,5.255,5.761,5.680,9.044,9.545,8.580,6.962,6.993,7.199,6.507,6.072,7.828,7.604,7.147,5.872,10.390,8.828,9.288,7.430,7.781,7.226,5.836,6.429,5.333,5.588,6.289,6.515,6.997,7.110,6.585,7.569
C30败,8.352,4.567,4.329,4.949,4.714,4.466,4.865,6.316,6.491,5.372,5.321,6.725,5.857,8.888,3.620,0.000,4.117,4.351,3.474,4.428,4.017,4.810,6.727,6.903,6.616,5.186,5.065,4.954,5.296,4.622,6.013,5.994,5.450,4.587,8.242,6.763,7.320,5.437,5.838,5.455,4.637,4.894,4.163,4.193,4.645,4.797,5.150,5.578,5.070,5.565
C33紧,9.658,6.517,6.265,6.100,5.973,5.233,5.500,6.210,6.485,5.724,5.590,7.269,6.614,7.912,4.919,4.117,0.000,3.372,3.747,4.489,3.665,4.334,6.599,6.916,5.350,4.892,4.472,4.675,4.101,4.376,5.476,5.368,5.180,4.667,7.601,6.461,6.665,5.135,5.398,5.389,4.903,4.538,4.772,4.760,4.700,4.911,5.288,5.876,5.275,5.524
C32功,10.207,6.642,6.602,6.321,5.805,5.458,5.238,5.792,6.069,5.038,5.018,7.336,6.554,6.908,5.250,4.351,3.372,0.000,2.935,3.970,3.409,4.329,6.520,6.710,4.378,3.942,3.650,4.297,3.384,3.848,4.262,4.286,3.698,3.211,7.127,6.099,6.149,5.100,4.918,5.018,4.173,4.168,4.704,4.758,4.695,4.611,4.994,5.813,5.224,5.400
C35平,8.783,5.584,5.549,5.344,5.198,4.776,5.191,5.318,5.424,4.456,4.808,6.006,5.548,8.546,3.645,3.474,3.747,2.935,0.000,3.686,3.907,4.233,7.718,7.881,6.129,4.776,4.831,5.018,3.843,4.008,5.509,5.221,4.760,3.528,8.303,6.711,7.186,5.500,5.526,5.463,4.227,4.487,3.854,4.080,4.588,4.597,5.096,5.756,5.436,5.948
C50面,8.797,5.519,5.631,5.529,5.059,5.403,4.949,4.278,5.138,4.714,4.074,6.064,5.310,8.002,5.255,4.428,4.489,3.970,3.686,0.000,3.928,3.582,6.864,7.206,5.987,3.574,4.727,5.035,4.970,4.419,4.843,4.635,4.590,3.860,7.839,6.380,6.842,5.690,5.034,5.557,4.092,4.149,4.092,4.151,4.487,4.515,4.992,5.295,4.847,5.377
C38劳,10.068,5.972,6.083,5.861,5.332,4.951,4.074,6.345,6.475,5.032,4.834,7.488,6.563,6.419,5.761,4.017,3.665,3.409,3.907,3.928,0.000,3.340,5.510,5.290,4.473,3.505,3.239,3.547,3.689,3.349,3.312,3.320,3.615,3.594,6.398,5.062,5.219,3.943,3.903,4.037,3.389,3.224,4.013,4.039,3.832,3.662,3.886,4.629,4.245,4.047
C40松,9.181,5.897,5.928,5.658,5.433,5.357,4.826,5.794,5.772,4.190,4.306,6.389,5.384,7.937,5.680,4.810,4.334,4.329,4.233,3.582,3.340,0.000,7.026,7.208,6.268,4.757,5.141,5.277,4.600,3.916,4.353,4.459,4.468,3.996,8.093,6.674,6.964,5.713,5.422,5.499,4.473,4.582,4.761,4.846,5.118,4.979,5.461,5.504,5.229,5.524
C26气,12.613,8.234,8.062,8.287,7.650,6.897,5.792,8.490,9.483,8.432,7.810,10.567,9.740,6.033,9.044,6.727,6.599,6.520,7.718,6.864,5.510,7.026,0.000,3.497,5.030,4.913,4.478,4.441,6.686,6.156,5.645,5.732,5.998,6.682,5.010,4.930,4.906,4.932,5.034,5.169,6.109,5.696,6.503,6.161,5.541,5.306,5.151,5.924,5.499,4.749
C27满,12.905,8.275,8.555,8.244,7.473,6.869,5.212,8.801,9.663,8.520,7.883,10.855,9.851,4.949,9.545,6.903,6.916,6.710,7.881,7.206,5.290,7.208,3.497,0.000,4.634,4.956,3.930,4.154,6.432,6.007,4.875,4.913,5.568,6.362,3.628,3.733,3.577,4.239,4.075,4.249,5.458,4.999,6.211,5.956,5.086,4.698,4.296,5.243,5.053,3.681
C31成,13.198,9.040,9.141,8.750,7.928,7.322,6.183,7.899,8.859,7.806,7.247,10.296,9.353,3.757,8.580,6.616,5.350,4.378,6.129,5.987,4.473,6.268,5.030,4.634,0.000,3.896,3.031,3.459,4.321,4.901,3.708,4.195,4.214,4.967,4.516,4.300,3.966,4.086,3.616,4.830,5.218,4.462,6.002,5.784,4.970,4.766,4.660,6.027,5.479,4.567
C48边,11.103,6.936,7.103,6.887,6.206,5.945,4.614,5.828,7.083,6.315,5.515,8.383,7.588,5.548,6.962,5.186,4.892,3.942,4.776,3.574,3.505,4.757,4.913,4.956,3.896,0.000,3.081,3.282,4.459,4.407,3.575,3.416,3.689,4.056,5.360,4.158,4.431,4.103,3.391,4.275,3.811,3.498,4.184,4.055,3.722,3.426,3.593,4.644,4.438,3.999
C28意,11.217,6.758,6.921,6.603,5.900,5.250,4.197,6.382,7.200,6.288,5.390,8.457,7.685,4.933,6.993,5.065,4.472,3.650,4.831,4.727,3.239,5.141,4.478,3.930,3.031,3.081,0.000,2.702,3.615,3.612,3.213,2.971,3.284,3.652,4.321,3.484,3.500,3.058,2.640,2.912,3.239,2.634,4.149,4.059,3.375,2.986,2.941,4.215,3.832,2.951
C36静,11.758,7.346,7.388,7.261,6.559,5.771,4.777,6.990,8.026,6.753,6.185,8.893,8.135,5.008,7.199,4.954,4.675,4.297,5.018,5.035,3.547,5.277,4.441,4.154,3.459,3.282,2.702,0.000,3.978,3.972,3.648,3.853,3.926,4.193,4.499,3.583,3.686,3.363,2.872,3.626,4.062,3.482,4.370,4.190,3.596,3.376,3.263,5.000,4.205,3.667
C34张,11.128,7.481,7.523,7.208,6.822,5.728,5.794,6.881,7.034,5.464,5.577,8.011,7.007,6.232,6.507,5.296,4.101,3.384,3.843,4.970,3.689,4.600,6.686,6.432,4.321,4.459,3.615,3.978,0.000,3.003,4.088,3.872,3.736,3.391,6.340,5.129,5.387,3.991,4.199,4.377,4.240,3.889,4.543,4.540,4.253,4.146,4.505,5.857,5.403,5.152
C49前,9.955,6.213,6.343,6.101,5.535,5.129,4.741,6.402,6.491,4.406,4.563,7.050,6.133,6.668,6.072,4.622,4.376,3.848,4.008,4.419,3.349,3.916,6.156,6.007,4.901,4.407,3.612,3.972,3.003,0.000,3.605,3.455,3.452,2.770,6.613,5.342,5.703,4.107,4.025,4.030,3.566,3.521,4.084,4.065,4.105,3.991,4.260,4.949,4.450,4.447
C42方,11.559,7.448,7.799,7.246,6.311,6.369,4.825,6.715,7.378,5.675,5.273,8.583,7.592,4.655,7.828,6.013,5.476,4.262,5.509,4.843,3.312,4.353,5.645,4.875,3.708,3.575,3.213,3.648,4.088,3.605,0.000,2.178,2.700,3.532,5.373,4.556,4.404,4.325,3.351,4.087,3.847,3.536,5.068,5.037,4.615,4.146,4.195,4.759,4.570,3.767
C46边,10.918,6.881,7.330,6.487,5.722,5.671,4.178,6.127,7.044,5.233,4.773,7.898,7.179,5.193,7.604,5.994,5.368,4.286,5.221,4.635,3.320,4.459,5.732,4.913,4.195,3.416,2.971,3.853,3.872,3.455,2.178,0.000,2.756,3.269,5.376,4.394,4.359,4.274,3.253,3.450,3.297,3.095,4.637,4.696,4.258,3.707,3.703,4.178,4.200,3.448
C45左,11.049,7.134,7.428,6.817,6.196,6.099,4.905,6.442,6.686,5.076,4.798,8.191,7.308,5.501,7.147,5.450,5.180,3.698,4.760,4.590,3.615,4.468,5.998,5.568,4.214,3.689,3.284,3.926,3.736,3.452,2.700,2.756,0.000,2.280,6.386,5.561,5.544,5.124,4.375,4.470,4.283,4.169,5.319,5.367,5.154,4.649,4.861,5.095,5.253,4.612
C47右,9.818,6.134,6.344,5.836,5.272,5.264,4.650,5.668,5.911,3.951,4.135,6.905,6.118,6.750,5.872,4.587,4.667,3.211,3.528,3.860,3.594,3.996,6.682,6.362,4.967,4.056,3.652,4.193,3.391,2.770,3.532,3.269,2.280,0.000,7.021,5.862,6.078,5.155,4.551,4.496,3.796,4.025,4.443,4.567,4.651,4.351,4.688,4.961,4.807,4.810
C12待,14.232,9.615,9.895,9.528,8.638,7.807,6.500,9.080,10.365,9.587,8.740,11.591,10.702,4.241,10.390,8.242,7.601,7.127,8.303,7.839,6.398,8.093,5.010,3.628,4.516,5.360,4.321,4.499,6.340,6.613,5.373,5.376,6.386,7.021,0.000,2.556,1.913,4.172,3.808,4.374,5.822,5.124,6.378,6.078,5.054,4.702,4.342,6.175,5.468,4.321
C06进,12.686,8.095,8.443,8.086,7.360,6.499,5.231,7.783,9.009,8.259,7.399,10.022,9.146,4.806,8.828,6.763,6.461,6.099,6.711,6.380,5.062,6.674,4.930,3.733,4.300,4.158,3.484,3.583,5.129,5.342,4.556,4.394,5.561,5.862,2.556,0.000,1.723,2.535,2.327,3.102,4.173,3.579,4.331,4.063,3.080,2.725,2.361,4.888,4.335,3.213
C11等,13.269,8.645,8.983,8.512,7.715,6.869,5.463,8.117,9.316,8.564,7.762,10.522,9.696,4.204,9.288,7.320,6.665,6.149,7.186,6.842,5.219,6.964,4.906,3.577,3.966,4.431,3.500,3.686,5.387,5.703,4.404,4.359,5.544,6.078,1.913,1.723,0.000,3.308,2.811,3.418,4.591,3.977,5.315,5.097,3.938,3.674,3.237,5.285,4.539,3.500
C04止,11.534,7.067,7.364,7.132,6.528,5.573,4.887,7.386,8.145,7.172,6.569,8.927,7.925,5.712,7.430,5.437,5.135,5.100,5.500,5.690,3.943,5.713,4.932,4.239,4.086,4.103,3.058,3.363,3.991,4.107,4.325,4.274,5.124,5.155,4.172,2.535,3.308,0.000,2.573,2.883,3.477,2.860,3.548,3.220,2.454,2.262,2.364,4.669,3.952,3.065
C37疲,11.698,7.294,7.699,7.178,6.465,5.941,4.643,6.660,7.871,6.918,6.045,8.804,7.775,4.779,7.781,5.838,5.398,4.918,5.526,5.034,3.903,5.422,5.034,4.075,3.616,3.391,2.640,2.872,4.199,4.025,3.351,3.253,4.375,4.551,3.808,2.327,2.811,2.573,0.000,3.008,3.186,2.464,3.783,3.589,2.768,2.465,2.226,4.262,3.588,2.731
C08退,10.546,6.186,6.699,6.035,5.473,4.714,3.763,6.517,7.435,6.352,5.745,8.063,7.510,5.916,7.226,5.455,5.389,5.018,5.463,5.557,4.037,5.499,5.169,4.249,4.830,4.275,2.912,3.626,4.377,4.030,4.087,3.450,4.470,4.496,4.374,3.102,3.418,2.883,3.008,0.000,2.638,2.692,3.506,3.456,2.874,2.318,2.153,3.655,3.319,2.601
C09出,9.355,4.992,5.603,4.871,4.254,4.183,3.310,5.052,5.956,5.113,4.491,6.569,5.983,6.841,5.836,4.637,4.903,4.173,4.227,4.092,3.389,4.473,6.109,5.458,5.218,3.811,3.239,4.062,4.240,3.566,3.847,3.297,4.283,3.796,5.822,4.173,4.591,3.477,3.186,2.638,0.000,1.830,2.610,2.770,2.566,2.286,2.507,3.345,2.765,3.055
C10发,10.157,5.721,6.264,5.671,5.043,4.727,3.725,5.459,6.371,5.798,4.849,7.157,6.577,6.132,6.429,4.894,4.538,4.168,4.487,4.149,3.224,4.582,5.696,4.999,4.462,3.498,2.634,3.482,3.889,3.521,3.536,3.095,4.169,4.025,5.124,3.579,3.977,2.860,2.464,2.692,1.830,0.000,2.965,2.978,2.386,2.186,2.274,3.640,2.844,2.603
C01开,9.130,5.091,5.469,5.227,4.789,4.585,4.158,5.479,6.431,5.676,5.184,6.652,6.058,7.754,5.333,4.163,4.772,4.704,3.854,4.092,4.013,4.761,6.503,6.211,6.002,4.184,4.149,4.370,4.543,4.084,5.068,4.637,5.319,4.443,6.378,4.331,5.315,3.548,3.783,3.506,2.610,2.965,0.000,0.854,2.042,2.000,2.569,4.268,3.766,4.005
C02始,9.389,5.280,5.596,5.447,4.971,4.690,4.218,5.682,6.691,5.909,5.376,6.951,6.182,7.558,5.588,4.193,4.760,4.758,4.080,4.151,4.039,4.846,6.161,5.956,5.784,4.055,4.059,4.190,4.540,4.065,5.037,4.696,5.367,4.567,6.078,4.063,5.097,3.220,3.589,3.456,2.770,2.978,0.854,0.000,1.723,1.817,2.467,4.262,3.640,3.881
C05前,10.107,5.811,6.159,5.846,5.281,4.687,4.065,5.887,6.857,6.396,5.655,7.642,6.734,6.687,6.289,4.645,4.700,4.695,4.588,4.487,3.832,5.118,5.541,5.086,4.970,3.722,3.375,3.596,4.253,4.105,4.615,4.258,5.154,4.651,5.054,3.080,3.938,2.454,2.768,2.874,2.566,2.386,2.042,1.723,0.000,1.426,1.934,4.029,2.899,3.133
C03停,10.263,5.825,6.266,5.790,5.180,4.646,3.711,5.904,6.946,6.199,5.526,7.693,6.972,6.309,6.515,4.797,4.911,4.611,4.597,4.515,3.662,4.979,5.306,4.698,4.766,3.426,2.986,3.376,4.146,3.991,4.146,3.707,4.649,4.351,4.702,2.725,3.674,2.262,2.465,2.318,2.286,2.186,2.000,1.817,1.426,0.000,1.404,3.590,3.095,2.671
C07后,10.736,6.200,6.624,6.228,5.594,4.998,3.801,6.335,7.604,6.657,5.949,8.138,7.486,6.000,6.997,5.150,5.288,4.994,5.096,4.992,3.886,5.461,5.151,4.296,4.660,3.593,2.941,3.263,4.505,4.260,4.195,3.703,4.861,4.688,4.342,2.361,3.237,2.364,2.226,2.153,2.507,2.274,2.569,2.467,1.934,1.404,0.000,3.722,3.244,2.579
C16回,9.587,5.401,6.059,4.872,4.430,4.640,3.267,5.242,6.641,5.941,5.301,7.454,7.315,7.349,7.110,5.578,5.876,5.813,5.756,5.295,4.629,5.504,5.924,5.243,6.027,4.644,4.215,5.000,5.857,4.949,4.759,4.178,5.095,4.961,6.175,4.888,5.285,4.669,4.262,3.655,3.345,3.640,4.268,4.262,4.029,3.590,3.722,0.000,3.393,2.922
C14行,9.596,5.279,5.772,5.137,4.361,4.550,3.653,5.570,6.773,6.081,5.450,7.280,6.735,7.077,6.585,5.070,5.275,5.224,5.436,4.847,4.245,5.229,5.499,5.053,5.479,4.438,3.832,4.205,5.403,4.450,4.570,4.200,5.253,4.807,5.468,4.335,4.539,3.952,3.588,3.319,2.765,2.844,3.766,3.640,2.899,3.095,3.244,3.393,0.000,2.547
C15返,10.825,6.258,6.823,6.113,5.278,5.159,3.747,6.345,7.540,6.702,5.878,8.373,7.701,5.687,7.569,5.565,5.524,5.400,5.948,5.377,4.047,5.524,4.749,3.681,4.567,3.999,2.951,3.667,5.152,4.447,3.767,3.448,4.612,4.810,4.321,3.213,3.500,3.065,2.731,2.601,3.055,2.603,4.005,3.881,3.133,2.671,2.579,2.922,2.547,0.000
