cls,C18,C13,C17,C23,C43,C08,C09,C10,C14,C15,C37,C04,C11,C12,C07,C05,C06,C03,C01,C02,C19,C26,C27,C20,C25,C16,C24,C21,C22,C40,C44,C41,C45,C47,C42,C46,C48,C50,C33,C34,C49,C36,C29,C30,C38,C39,C28,C35,C31,C32
C18过,0.000,6.652,5.619,6.677,7.122,6.749,5.726,5.777,6.527,6.388,6.695,7.760,6.578,7.082,7.120,7.137,7.431,6.853,7.215,7.548,6.633,7.389,6.954,6.300,7.032,6.404,5.859,5.770,5.681,6.533,5.331,6.303,5.212,5.686,5.380,5.830,5.964,5.849,7.173,6.832,6.790,6.765,6.803,7.397,6.036,5.891,5.689,6.179,6.062,5.773
C13运,6.652,0.000,5.171,5.217,5.643,4.768,4.234,4.149,5.001,4.735,5.103,6.200,5.169,5.727,5.154,6.036,5.958,5.435,5.772,6.080,5.406,6.298,5.914,5.033,5.714,5.392,4.889,4.942,4.894,5.780,5.117,5.043,4.997,4.677,4.386,3.703,5.364,5.475,6.474,5.503,5.175,5.062,6.006,6.310,5.309,4.619,4.543,5.296,4.964,5.342
C17通,5.619,5.171,0.000,6.267,6.702,6.245,4.981,4.924,5.630,5.463,5.525,7.226,5.764,6.127,5.796,6.241,6.318,5.835,6.105,6.400,6.675,6.773,6.623,5.898,6.703,5.198,5.761,5.632,5.325,6.764,5.541,6.685,5.888,5.944,5.513,5.184,4.456,4.439,7.147,7.090,7.217,6.077,6.662,7.005,6.389,5.168,5.319,5.947,5.551,5.899
C23难,6.677,5.217,6.267,0.000,6.635,4.015,4.628,5.035,4.703,4.309,5.741,6.317,5.305,5.454,5.304,6.079,6.034,5.495,6.031,6.284,5.034,5.352,4.414,4.033,4.947,4.514,4.398,3.708,3.753,6.777,5.645,5.967,5.746,5.841,5.415,4.853,5.815,6.389,6.678,6.879,6.102,6.022,6.251,6.005,5.658,5.769,4.865,6.566,5.936,6.440
C43下,7.122,5.643,6.702,6.635,0.000,5.309,4.471,4.590,5.109,4.911,4.393,5.339,5.089,5.400,5.318,5.394,5.606,5.193,5.570,5.571,6.048,6.549,5.713,5.596,6.104,6.491,6.194,6.019,5.782,5.523,5.929,5.907,5.681,5.251,4.462,4.790,5.662,5.456,6.399,5.260,5.141,5.553,5.997,5.950,5.345,4.170,4.983,5.631,5.053,5.556
C08退,6.749,4.768,6.245,4.015,5.309,0.000,2.303,2.806,2.764,2.539,3.531,3.228,2.569,2.807,2.601,3.331,3.292,2.816,3.330,3.572,3.218,4.595,3.475,3.231,3.951,3.963,4.244,3.893,3.825,5.762,5.655,5.905,5.538,4.928,4.651,4.388,4.996,5.594,5.418,4.552,4.271,3.973,4.459,4.197,4.374,4.143,3.283,4.704,4.487,5.250
C09出,5.726,4.234,4.981,4.628,4.471,2.303,0.000,1.214,2.035,1.932,2.281,3.187,1.791,2.448,2.072,2.769,2.797,2.200,2.693,3.014,3.563,4.554,3.501,3.068,3.872,3.481,3.657,3.705,3.282,4.861,4.762,5.278,4.740,4.151,3.440,3.378,3.641,4.058,5.093,4.129,3.846,3.333,4.076,4.038,3.627,3.030,2.505,3.806,3.468,4.375
C10发,5.777,4.149,4.924,5.035,4.590,2.806,1.214,0.000,2.091,2.088,2.120,2.959,1.752,2.417,2.164,2.504,2.699,2.170,2.590,2.839,3.848,4.634,3.797,3.564,4.159,3.807,3.972,4.076,3.657,4.810,4.946,5.544,5.033,4.400,3.522,3.612,3.613,3.975,4.646,3.999,3.844,3.196,4.015,4.137,3.591,2.992,2.545,3.730,3.130,4.210
C14行,6.527,5.001,5.630,4.703,5.109,2.764,2.035,2.091,0.000,1.510,2.577,3.215,1.825,2.176,2.462,2.663,2.728,2.495,3.097,3.173,3.745,4.068,2.986,3.080,3.817,3.659,3.906,3.802,3.418,5.411,5.589,6.248,5.976,5.467,4.357,4.465,4.432,4.823,5.336,5.341,4.643,3.583,4.725,4.370,4.260,4.098,3.488,5.095,4.345,5.485
C15返,6.388,4.735,5.463,4.309,4.911,2.539,1.932,2.088,1.510,0.000,2.782,3.237,2.177,2.475,2.328,2.925,2.938,2.481,3.050,3.224,3.515,3.970,2.691,2.840,3.676,3.115,3.503,3.310,2.919,5.305,5.239,5.880,5.534,5.060,4.018,4.009,4.251,4.828,5.136,5.110,4.544,3.583,4.476,4.057,3.949,3.833,3.192,4.828,4.142,5.151
C37疲,6.695,5.103,5.525,5.741,4.393,3.531,2.281,2.120,2.577,2.782,0.000,2.778,2.247,2.470,2.232,2.301,2.325,2.060,2.244,2.264,4.752,4.687,4.035,4.326,4.755,4.365,4.882,4.981,4.666,5.111,5.526,6.234,5.777,4.973,4.074,4.507,3.842,4.054,5.114,4.454,4.069,3.255,4.434,4.170,4.218,3.319,3.357,4.098,3.578,4.885
C04止,7.760,6.200,7.226,6.317,5.339,3.228,3.187,2.959,3.215,3.237,2.778,0.000,2.287,2.355,2.372,1.677,1.994,2.020,2.137,1.936,4.537,4.981,4.182,4.802,4.885,5.211,5.669,5.627,5.472,5.937,6.849,7.248,6.896,6.039,5.356,5.741,5.231,5.773,4.969,4.255,4.444,3.795,4.314,3.982,4.663,4.575,4.041,4.707,4.426,5.550
C11等,6.578,5.169,5.764,5.305,5.089,2.569,1.791,1.752,1.825,2.177,2.247,2.287,0.000,1.431,1.544,1.611,1.616,1.372,1.978,2.105,3.638,4.264,3.412,3.405,3.775,4.085,4.235,4.409,4.115,5.220,5.806,6.536,6.006,5.322,4.483,4.633,4.016,4.541,5.037,4.626,4.555,3.346,4.156,3.969,4.017,3.869,3.132,4.382,3.996,5.051
C12待,7.082,5.727,6.127,5.454,5.400,2.807,2.448,2.417,2.176,2.475,2.470,2.355,1.431,0.000,1.835,1.694,1.623,1.610,2.192,2.134,3.973,4.462,3.392,3.728,3.990,4.349,4.685,4.773,4.282,6.084,6.304,7.056,6.555,5.816,5.205,5.232,4.508,5.065,5.455,5.138,4.952,3.728,4.629,4.159,4.669,4.421,3.499,4.933,4.463,5.597
C07后,7.120,5.154,5.796,5.304,5.318,2.601,2.072,2.164,2.462,2.328,2.232,2.372,1.544,1.835,0.000,1.901,1.553,1.259,1.489,1.702,3.999,4.315,3.522,3.576,3.973,3.970,4.399,4.632,4.290,5.564,5.981,6.503,6.062,5.306,4.645,4.666,3.923,4.621,5.354,4.754,4.612,3.330,4.283,3.888,4.296,3.924,3.321,4.269,4.122,5.186
C05前,7.137,6.036,6.241,6.079,5.394,3.331,2.769,2.504,2.663,2.925,2.301,1.677,1.611,1.694,1.901,0.000,1.139,1.257,1.432,1.266,4.554,4.729,4.038,4.479,4.721,4.856,5.381,5.452,5.143,5.874,6.569,7.368,6.783,6.033,5.228,5.618,4.381,4.854,5.212,4.860,5.009,3.656,4.403,4.105,4.715,4.301,3.888,4.705,4.329,5.509
C06进,7.431,5.958,6.318,6.034,5.606,3.292,2.797,2.699,2.728,2.938,2.325,1.994,1.616,1.623,1.553,1.139,0.000,1.167,1.364,1.275,4.479,4.749,4.043,4.332,4.540,4.651,5.243,5.439,5.124,5.934,6.622,7.405,6.937,6.143,5.322,5.598,4.463,5.005,5.737,5.148,5.148,3.871,4.802,4.391,4.925,4.568,4.079,4.976,4.747,5.930
C03停,6.853,5.435,5.835,5.495,5.193,2.816,2.200,2.170,2.495,2.481,2.060,2.020,1.372,1.610,1.259,1.257,1.167,0.000,1.136,1.271,4.135,4.504,3.723,3.942,4.324,4.139,4.682,4.785,4.503,5.472,6.048,6.689,6.180,5.447,4.717,4.901,3.937,4.542,5.176,4.601,4.712,3.389,4.214,3.949,4.269,3.978,3.494,4.249,4.172,5.209
C01开,7.215,5.772,6.105,6.031,5.570,3.330,2.693,2.590,3.097,3.050,2.244,2.137,1.978,2.192,1.489,1.432,1.364,1.136,0.000,0.845,4.707,4.769,4.180,4.555,4.813,4.636,5.189,5.452,5.080,5.559,6.328,6.937,6.388,5.584,4.920,5.230,3.975,4.548,5.256,4.650,4.737,3.448,4.279,3.935,4.405,3.995,3.792,4.199,4.218,5.299
C02始,7.548,6.080,6.400,6.284,5.571,3.572,3.014,2.839,3.173,3.224,2.264,1.936,2.105,2.134,1.702,1.266,1.275,1.271,0.845,0.000,4.915,4.782,4.229,4.733,4.911,4.839,5.417,5.682,5.333,5.723,6.645,7.283,6.756,5.936,5.176,5.618,4.240,4.753,5.360,4.900,4.948,3.591,4.453,3.982,4.635,4.227,4.072,4.513,4.389,5.577
C19完,6.633,5.406,6.675,5.034,6.048,3.218,3.563,3.848,3.745,3.515,4.752,4.537,3.638,3.973,3.999,4.554,4.479,4.135,4.707,4.915,0.000,4.730,4.088,3.144,3.125,4.358,4.305,3.750,3.985,6.073,6.087,6.100,5.858,5.428,5.290,4.825,5.395,6.253,5.635,5.225,5.054,4.444,4.374,4.537,4.592,5.104,3.820,5.026,5.138,5.484
C26气,7.389,6.298,6.773,5.352,6.549,4.595,4.554,4.634,4.068,3.970,4.687,4.981,4.264,4.462,4.315,4.729,4.749,4.504,4.769,4.782,4.730,0.000,2.914,3.448,3.051,5.209,4.377,4.607,4.395,6.001,6.323,6.754,6.118,5.860,5.254,5.604,4.770,5.558,5.598,6.452,5.506,3.765,4.520,3.691,4.580,4.917,4.057,5.535,4.798,5.411
C27满,6.954,5.914,6.623,4.414,5.713,3.475,3.501,3.797,2.986,2.691,4.035,4.182,3.412,3.392,3.522,4.038,4.043,3.723,4.180,4.229,4.088,2.914,0.000,2.570,2.921,4.001,3.411,3.546,3.295,5.875,6.025,6.138,5.671,5.349,4.667,4.828,4.639,5.543,5.465,5.970,4.981,3.793,4.631,3.529,4.218,4.668,3.611,5.421,4.569,5.406
C20成,6.300,5.033,5.898,4.033,5.596,3.231,3.068,3.564,3.080,2.840,4.326,4.802,3.405,3.728,3.576,4.479,4.332,3.942,4.555,4.733,3.144,3.448,2.570,0.000,2.153,3.634,2.580,2.644,2.525,5.875,5.266,5.660,5.233,5.042,4.501,4.209,4.653,5.504,6.192,6.006,5.167,4.270,4.801,4.338,4.412,4.679,3.400,5.356,4.904,5.449
C25生,7.032,5.714,6.703,4.947,6.104,3.951,3.872,4.159,3.817,3.676,4.755,4.885,3.775,3.990,3.973,4.721,4.540,4.324,4.813,4.911,3.125,3.051,2.921,2.153,0.000,4.661,3.681,3.858,3.648,5.951,5.923,6.131,5.627,5.335,4.972,4.884,4.819,5.726,5.871,5.957,5.253,4.048,4.385,3.881,4.340,4.971,3.416,5.292,4.837,5.418
C16回,6.404,5.392,5.198,4.514,6.491,3.963,3.481,3.807,3.659,3.115,4.365,5.211,4.085,4.349,3.970,4.856,4.651,4.139,4.636,4.839,4.358,5.209,4.001,3.634,4.661,0.000,3.313,3.079,3.334,5.934,5.363,5.762,5.632,5.394,4.595,4.400,4.864,5.615,6.269,6.170,5.530,4.991,5.601,5.325,4.890,5.032,4.328,5.465,5.214,6.018
C24过,5.859,4.889,5.761,4.398,6.194,4.244,3.657,3.972,3.906,3.503,4.882,5.669,4.235,4.685,4.399,5.381,5.243,4.682,5.189,5.417,4.305,4.377,3.411,2.580,3.681,3.313,0.000,2.445,2.415,5.264,4.951,5.207,4.914,4.955,4.241,3.900,4.702,5.520,6.104,6.313,5.321,4.692,5.273,4.993,4.164,4.826,3.949,5.324,5.072,5.393
C21开,5.770,4.942,5.632,3.708,6.019,3.893,3.705,4.076,3.802,3.310,4.981,5.627,4.409,4.773,4.632,5.452,5.439,4.785,5.452,5.682,3.750,4.607,3.546,2.644,3.858,3.079,2.445,0.000,2.227,5.790,4.843,5.102,4.925,4.963,4.539,3.975,5.154,5.937,5.924,6.082,5.412,4.857,5.130,5.033,4.507,5.158,3.899,5.428,5.200,5.434
C22心,5.681,4.894,5.325,3.753,5.782,3.825,3.282,3.657,3.418,2.919,4.666,5.472,4.115,4.282,4.290,5.143,5.124,4.503,5.080,5.333,3.985,4.395,3.295,2.525,3.648,3.334,2.415,2.227,0.000,5.825,4.716,4.931,4.756,4.732,4.217,3.607,4.815,5.434,6.047,6.075,5.185,4.716,5.274,4.936,4.322,4.584,3.545,5.356,4.863,5.249
C40松,6.533,5.780,6.764,6.777,5.523,5.762,4.861,4.810,5.411,5.305,5.111,5.937,5.220,6.084,5.564,5.874,5.934,5.472,5.559,5.723,6.073,6.001,5.875,5.875,5.951,5.934,5.264,5.790,5.825,0.000,5.481,5.256,5.063,4.924,3.333,4.368,4.811,4.654,5.256,5.159,4.895,5.014,5.372,5.568,3.329,4.168,5.131,4.835,4.677,4.970
C44方,5.331,5.117,5.541,5.645,5.929,5.655,4.762,4.946,5.589,5.239,5.526,6.849,5.806,6.304,5.981,6.569,6.622,6.048,6.328,6.645,6.087,6.323,6.025,5.266,5.923,5.363,4.951,4.843,4.716,5.481,0.000,4.890,3.981,4.123,3.694,3.712,5.109,5.170,6.585,5.861,5.199,5.512,6.045,6.135,4.950,4.447,4.234,5.348,5.040,5.047
C41上,6.303,5.043,6.685,5.967,5.907,5.905,5.278,5.544,6.248,5.880,6.234,7.248,6.536,7.056,6.503,7.368,7.405,6.689,6.937,7.283,6.100,6.754,6.138,5.660,6.131,5.762,5.207,5.102,4.931,5.256,4.890,0.000,3.065,3.100,3.675,3.194,5.943,5.986,6.519,5.109,4.374,5.800,6.070,6.236,4.705,4.672,4.945,4.971,5.110,4.821
C45左,5.212,4.997,5.888,5.746,5.681,5.538,4.740,5.033,5.976,5.534,5.777,6.896,6.006,6.555,6.062,6.783,6.937,6.180,6.388,6.756,5.858,6.118,5.671,5.233,5.627,5.632,4.914,4.925,4.756,5.063,3.981,3.065,0.000,1.947,3.090,3.029,4.676,4.953,5.927,4.780,4.384,4.974,4.927,5.237,4.156,3.845,3.907,4.024,4.059,3.572
C47右,5.686,4.677,5.944,5.841,5.251,4.928,4.151,4.400,5.467,5.060,4.973,6.039,5.322,5.816,5.306,6.033,6.143,5.447,5.584,5.936,5.428,5.860,5.349,5.042,5.335,5.394,4.955,4.963,4.732,4.924,4.123,3.100,1.947,0.000,3.037,2.901,4.443,4.660,5.539,3.802,3.444,4.291,4.531,4.665,3.913,3.319,3.364,3.333,3.457,3.253
C42方,5.380,4.386,5.513,5.415,4.462,4.651,3.440,3.522,4.357,4.018,4.074,5.356,4.483,5.205,4.645,5.228,5.322,4.717,4.920,5.176,5.290,5.254,4.667,4.501,4.972,4.595,4.241,4.539,4.217,3.333,3.694,3.675,3.090,3.037,0.000,2.429,3.993,3.908,5.240,4.423,3.646,4.118,4.807,4.796,2.827,2.765,3.488,4.010,3.327,3.833
C46边,5.830,3.703,5.184,4.853,4.790,4.388,3.378,3.612,4.465,4.009,4.507,5.741,4.633,5.232,4.666,5.618,5.598,4.901,5.230,5.618,4.825,5.604,4.828,4.209,4.884,4.400,3.900,3.975,3.607,4.368,3.712,3.194,3.029,2.901,2.429,0.000,4.064,4.380,5.592,4.530,3.895,4.539,5.069,5.261,3.462,3.272,3.399,4.116,3.853,3.946
C48边,5.964,5.364,4.456,5.815,5.662,4.996,3.641,3.613,4.432,4.251,3.842,5.231,4.016,4.508,3.923,4.381,4.463,3.937,3.975,4.240,5.395,4.770,4.639,4.653,4.819,4.864,4.702,5.154,4.815,4.811,5.109,5.943,4.676,4.443,3.993,4.064,0.000,2.284,5.223,5.347,5.312,3.709,4.161,4.270,3.907,3.413,3.534,3.717,3.548,4.006
C50面,5.849,5.475,4.439,6.389,5.456,5.594,4.058,3.975,4.823,4.828,4.054,5.773,4.541,5.065,4.621,4.854,5.005,4.542,4.548,4.753,6.253,5.558,5.543,5.504,5.726,5.615,5.520,5.937,5.434,4.654,5.170,5.986,4.953,4.660,3.908,4.380,2.284,0.000,5.663,5.582,5.574,4.351,4.997,5.135,4.289,3.276,4.141,4.231,3.718,4.331
C33紧,7.173,6.474,7.147,6.678,6.399,5.418,5.093,4.646,5.336,5.136,5.114,4.969,5.037,5.455,5.354,5.212,5.737,5.176,5.256,5.360,5.635,5.598,5.465,6.192,5.871,6.269,6.104,5.924,6.047,5.256,6.585,6.519,5.927,5.539,5.240,5.592,5.223,5.663,0.000,4.375,4.944,4.228,3.407,4.152,3.762,4.715,4.292,4.083,3.499,3.840
C34张,6.832,5.503,7.090,6.879,5.260,4.552,4.129,3.999,5.341,5.110,4.454,4.255,4.626,5.138,4.754,4.860,5.148,4.601,4.650,4.900,5.225,6.452,5.970,6.006,5.957,6.170,6.313,6.082,6.075,5.159,5.861,5.109,4.780,3.802,4.423,4.530,5.347,5.582,4.375,0.000,3.051,4.274,3.849,4.578,4.131,3.968,3.753,2.874,3.459,3.636
C49前,6.790,5.175,7.217,6.102,5.141,4.271,3.846,3.844,4.643,4.544,4.069,4.444,4.555,4.952,4.612,5.009,5.148,4.712,4.737,4.948,5.054,5.506,4.981,5.167,5.253,5.530,5.321,5.412,5.185,4.895,5.199,4.374,4.384,3.444,3.646,3.895,5.312,5.574,4.944,3.051,0.000,3.888,4.403,4.369,3.826,3.582,3.648,3.757,3.640,4.238
C36静,6.765,5.062,6.077,6.022,5.553,3.973,3.333,3.196,3.583,3.583,3.255,3.795,3.346,3.728,3.330,3.656,3.871,3.389,3.448,3.591,4.444,3.765,3.793,4.270,4.048,4.991,4.692,4.857,4.716,5.014,5.512,5.800,4.974,4.291,4.118,4.539,3.709,4.351,4.228,4.274,3.888,0.000,3.003,2.774,3.422,3.481,2.967,3.229,3.171,3.987
C29失,6.803,6.006,6.662,6.251,5.997,4.459,4.076,4.015,4.725,4.476,4.434,4.314,4.156,4.629,4.283,4.403,4.802,4.214,4.279,4.453,4.374,4.520,4.631,4.801,4.385,5.601,5.273,5.130,5.274,5.372,6.045,6.070,4.927,4.531,4.807,5.069,4.161,4.997,3.407,3.849,4.403,3.003,0.000,2.156,3.348,4.005,3.120,2.650,3.130,3.277
C30败,7.397,6.310,7.005,6.005,5.950,4.197,4.038,4.137,4.370,4.057,4.170,3.982,3.969,4.159,3.888,4.105,4.391,3.949,3.935,3.982,4.537,3.691,3.529,4.338,3.881,5.325,4.993,5.033,4.936,5.568,6.135,6.236,5.237,4.665,4.796,5.261,4.270,5.135,4.152,4.578,4.369,2.774,2.156,0.000,3.571,4.090,3.225,3.600,3.455,4.042
C38劳,6.036,5.309,6.389,5.658,5.345,4.374,3.627,3.591,4.260,3.949,4.218,4.663,4.017,4.669,4.296,4.715,4.925,4.269,4.405,4.635,4.592,4.580,4.218,4.412,4.340,4.890,4.164,4.507,4.322,3.329,4.950,4.705,4.156,3.913,2.827,3.462,3.907,4.289,3.762,4.131,3.826,3.422,3.348,3.571,0.000,3.282,3.171,3.300,3.070,3.329
C39放,5.891,4.619,5.168,5.769,4.170,4.143,3.030,2.992,4.098,3.833,3.319,4.575,3.869,4.421,3.924,4.301,4.568,3.978,3.995,4.227,5.104,4.917,4.668,4.679,4.971,5.032,4.826,5.158,4.584,4.168,4.447,4.672,3.845,3.319,2.765,3.272,3.413,3.276,4.715,3.968,3.582,3.481,4.005,4.090,3.282,0.000,2.890,3.233,2.558,3.217
C28意,5.689,4.543,5.319,4.865,4.983,3.283,2.505,2.545,3.488,3.192,3.357,4.041,3.132,3.499,3.321,3.888,4.079,3.494,3.792,4.072,3.820,4.057,3.611,3.400,3.416,4.328,3.949,3.899,3.545,5.131,4.234,4.945,3.907,3.364,3.488,3.399,3.534,4.141,4.292,3.753,3.648,2.967,3.120,3.225,3.171,2.890,0.000,2.976,2.309,2.951
C35平,6.179,5.296,5.947,6.566,5.631,4.704,3.806,3.730,5.095,4.828,4.098,4.707,4.382,4.933,4.269,4.705,4.976,4.249,4.199,4.513,5.026,5.535,5.421,5.356,5.292,5.465,5.324,5.428,5.356,4.835,5.348,4.971,4.024,3.333,4.010,4.116,3.717,4.231,4.083,2.874,3.757,3.229,2.650,3.600,3.300,3.233,2.976,0.000,2.574,2.351
C31成,6.062,4.964,5.551,5.936,5.053,4.487,3.468,3.130,4.345,4.142,3.578,4.426,3.996,4.463,4.122,4.329,4.747,4.172,4.218,4.389,5.138,4.798,4.569,4.904,4.837,5.214,5.072,5.200,4.863,4.677,5.040,5.110,4.059,3.457,3.327,3.853,3.548,3.718,3.499,3.459,3.640,3.171,3.130,3.455,3.070,2.558,2.309,2.574,0.000,2.080
C32功,5.773,5.342,5.899,6.440,5.556,5.250,4.375,4.210,5.485,5.151,4.885,5.550,5.051,5.597,5.186,5.509,5.930,5.209,5.299,5.577,5.484,5.411,5.406,5.449,5.418,6.018,5.393,5.434,5.249,4.970,5.047,4.821,3.572,3.253,3.833,3.946,4.006,4.331,3.840,3.636,4.238,3.987,3.277,4.042,3.329,3.217,2.951,2.351,2.080,0.000
