cls,C01,C02,C06,C03,C04,C05,C07,C08,C09,C10,C11,C12,C14,C39,C13,C37,C31,C15,C33,C26,C27,C36,C30,C28,C29,C17,C20,C25,C16,C19,C24,C23,C21,C22,C49,C50,C34,C32,C35,C38,C48,C47,C41,C42,C40,C43,C46,C18,C44,C45
C01开,0.000,3.123,12.511,11.110,9.010,10.475,10.111,10.211,7.056,8.259,8.261,8.370,9.215,8.993,9.458,8.505,12.818,9.058,9.031,8.648,9.710,11.030,11.191,10.627,11.191,12.308,7.770,7.603,9.190,7.980,13.085,18.522,14.218,13.470,12.887,12.301,15.796,15.443,15.745,14.106,12.969,20.542,17.576,12.125,14.994,14.869,16.027,15.661,16.248,16.701
C02始,3.123,0.000,10.130,8.563,6.358,8.127,7.711,8.436,5.835,6.694,7.119,7.346,8.349,9.555,9.189,8.051,13.350,9.007,9.281,9.320,10.232,11.088,11.533,11.106,11.780,13.628,8.749,8.661,9.880,8.278,14.086,19.111,14.892,14.260,13.886,13.294,16.426,16.130,16.335,14.930,13.850,21.512,18.779,13.408,16.410,16.225,16.947,16.921,17.561,18.030
C06进,12.511,10.130,0.000,4.192,4.448,3.137,3.291,5.788,8.659,7.450,8.540,8.361,9.169,14.398,11.531,10.809,16.579,12.154,12.810,14.781,14.628,13.117,14.560,14.782,15.627,20.491,15.341,15.052,15.818,13.980,19.933,21.696,18.716,17.989,18.434,18.010,19.978,20.172,19.841,20.744,19.039,26.193,24.945,19.658,23.049,22.564,21.921,23.997,23.749,24.325
C03停,11.110,8.563,4.192,0.000,3.511,3.479,3.081,6.062,7.489,6.297,7.715,8.051,8.917,12.822,10.496,9.196,15.411,12.042,12.190,13.626,13.685,12.557,13.905,13.851,14.720,18.537,13.711,13.232,14.236,12.201,17.470,19.978,16.823,16.339,16.695,16.201,18.001,18.305,17.870,18.181,16.745,23.852,22.767,17.781,21.122,20.724,19.475,21.593,21.553,21.946
C04止,9.010,6.358,4.448,3.511,0.000,2.899,2.713,4.928,5.841,5.054,6.218,6.438,7.367,11.499,9.465,8.296,14.491,9.964,10.359,11.855,12.097,11.296,12.495,12.460,13.282,17.228,12.188,11.934,12.772,10.841,17.028,20.162,16.524,15.854,16.008,15.472,17.742,17.798,17.683,17.651,16.320,23.808,22.047,16.621,19.935,19.549,19.275,20.636,20.791,21.311
C05前,10.475,8.127,3.137,3.479,2.899,0.000,2.246,5.348,6.965,6.049,7.141,7.369,8.147,12.643,10.346,9.142,15.343,11.005,11.505,13.296,13.300,12.151,13.355,13.552,14.371,18.321,13.295,13.156,13.657,11.783,17.611,20.460,17.067,16.393,16.669,16.286,18.413,18.616,18.361,18.703,17.277,24.288,22.973,17.746,21.034,20.566,19.811,21.629,21.619,22.046
C07后,10.111,7.711,3.291,3.081,2.713,2.246,0.000,4.720,6.241,5.280,6.675,6.780,7.720,12.473,10.105,8.835,15.144,10.666,11.132,12.741,12.874,11.643,13.093,13.147,13.983,18.067,12.883,12.531,13.364,11.676,17.385,20.289,16.833,16.010,16.769,16.218,18.567,18.502,18.326,18.576,17.057,24.571,23.110,17.545,21.078,20.583,19.909,21.643,21.557,22.087
C08退,10.211,8.436,5.788,6.062,4.928,5.348,4.720,0.000,4.472,3.202,4.226,3.630,4.070,9.866,6.847,6.714,11.703,7.173,7.966,9.700,9.463,7.925,9.383,9.511,10.334,15.848,10.750,10.441,11.412,9.682,16.031,17.531,14.022,13.034,14.328,13.710,16.034,15.626,15.710,16.573,14.871,22.830,21.220,15.093,18.942,18.101,18.040,19.921,19.337,20.273
C09出,7.056,5.835,8.659,7.489,5.841,6.965,6.241,4.472,0.000,2.071,3.378,3.189,3.801,7.229,5.614,4.658,10.404,5.681,6.508,7.163,7.601,7.058,8.290,7.836,8.769,12.425,7.438,7.012,8.063,6.583,12.984,16.408,12.151,11.071,12.133,11.318,14.563,13.938,14.322,14.020,12.535,20.526,18.416,11.920,15.844,15.145,15.406,16.520,16.258,17.151
C10发,8.259,6.694,7.450,6.297,5.054,6.049,5.280,3.202,2.071,0.000,3.390,2.927,3.681,7.973,5.676,4.856,10.561,6.408,6.856,8.182,8.299,7.078,8.572,8.221,9.168,13.712,8.785,8.206,9.526,7.686,14.018,16.493,12.580,11.621,12.656,11.881,14.634,14.230,14.376,14.704,13.063,21.072,19.265,12.948,16.868,16.151,16.085,17.696,17.250,18.152
C11等,8.261,7.119,8.540,7.715,6.218,7.141,6.675,4.226,3.378,3.390,0.000,3.037,2.965,7.222,5.080,4.504,9.830,5.676,5.817,7.086,7.074,6.737,7.580,7.674,8.400,13.029,8.179,7.561,8.781,7.249,13.297,16.015,12.040,10.859,12.028,11.306,14.088,13.434,13.777,13.910,12.375,20.550,18.888,12.646,16.485,15.641,15.672,17.141,16.841,17.689
C12待,8.370,7.346,8.361,8.051,6.438,7.369,6.780,3.630,3.189,2.927,3.037,0.000,1.923,7.620,4.549,5.134,9.404,4.515,5.491,6.917,6.796,5.625,7.017,6.867,7.749,13.311,8.320,7.760,9.121,7.458,14.057,15.785,12.055,10.896,12.017,11.310,14.310,13.601,13.889,14.570,12.683,21.059,19.067,12.637,16.565,15.683,16.152,17.640,17.049,18.138
C14行,9.215,8.349,9.169,8.917,7.367,8.147,7.720,4.070,3.801,3.681,2.965,1.923,0.000,6.928,4.026,4.756,8.702,3.937,4.818,6.368,6.061,4.794,6.085,6.152,6.943,12.884,8.138,7.608,8.796,7.222,13.835,15.309,11.464,10.215,11.544,10.845,13.718,12.929,13.351,14.144,12.347,20.525,18.646,12.149,16.077,15.121,15.676,17.294,16.542,17.658
C39放,8.993,9.555,14.398,12.822,11.499,12.643,12.473,9.866,7.229,7.973,7.222,7.620,6.928,0.000,4.727,4.941,6.099,6.695,5.154,4.900,4.822,6.181,5.595,4.840,5.444,8.524,6.007,5.102,7.151,5.532,10.371,12.900,8.422,7.606,6.720,5.824,9.119,8.916,9.573,9.289,7.759,14.967,12.913,6.403,10.209,9.552,10.625,12.254,11.152,12.016
C13运,9.458,9.189,11.531,10.496,9.465,10.346,10.105,6.847,5.614,5.676,5.080,4.549,4.026,4.727,0.000,4.509,5.874,4.816,4.916,5.623,4.659,4.623,4.794,4.493,5.404,11.035,7.295,6.625,8.357,6.152,12.187,12.390,8.804,8.116,8.406,7.702,10.377,9.866,10.192,11.410,9.252,17.139,15.451,9.426,13.319,12.347,12.716,14.939,13.749,14.974
C37疲,8.505,8.051,10.809,9.196,8.296,9.142,8.835,6.714,4.658,4.856,4.504,5.134,4.756,4.941,4.509,0.000,8.233,6.716,5.443,6.619,6.605,6.034,6.925,6.548,7.395,11.291,7.197,6.207,7.975,6.162,11.469,14.246,10.096,9.052,9.656,8.773,11.538,11.443,11.579,11.690,10.206,17.841,16.454,10.276,14.136,13.408,13.012,15.086,14.466,15.041
C31成,12.818,13.350,16.579,15.411,14.491,15.343,15.144,11.703,10.404,10.561,9.830,9.404,8.702,6.099,5.874,8.233,0.000,7.848,6.574,6.736,5.136,5.849,4.037,4.185,4.035,9.699,8.402,7.732,9.473,7.919,11.500,8.632,5.752,5.615,6.203,5.282,6.809,5.319,6.097,8.928,6.519,14.993,13.642,8.257,11.936,10.234,10.393,13.226,11.306,13.039
C15返,9.058,9.007,12.154,12.042,9.964,11.005,10.666,7.173,5.681,6.408,5.676,4.515,3.937,6.695,4.816,6.716,7.848,0.000,4.641,4.803,4.586,4.745,4.943,4.867,5.434,11.122,7.015,6.970,7.709,6.540,13.638,14.955,10.976,9.812,10.804,10.096,13.538,12.190,13.094,13.588,11.843,20.002,17.234,10.604,14.312,13.219,15.164,15.805,15.071,16.600
C33紧,9.031,9.281,12.810,12.190,10.359,11.505,11.132,7.966,6.508,6.856,5.817,5.491,4.818,5.154,4.916,5.443,6.574,4.641,0.000,4.137,3.868,3.835,3.855,4.089,4.267,10.964,6.802,6.010,8.162,6.941,12.597,14.402,10.244,8.806,9.787,8.937,11.814,10.818,11.481,12.109,10.464,19.112,16.948,10.206,14.152,13.033,14.422,15.631,14.654,15.797
C26气,8.648,9.320,14.781,13.626,11.855,13.296,12.741,9.700,7.163,8.182,7.086,6.917,6.368,4.900,5.623,6.619,6.736,4.803,4.137,0.000,2.355,5.367,4.618,3.837,3.872,8.294,4.413,3.924,6.133,5.535,10.835,13.795,9.090,7.695,9.230,8.285,11.861,10.114,11.337,10.491,9.279,18.039,15.145,8.077,12.188,10.920,13.172,13.254,12.537,13.889
C27满,9.710,10.232,14.628,13.685,12.097,13.300,12.874,9.463,7.601,8.299,7.074,6.796,6.061,4.822,4.659,6.605,5.136,4.586,3.868,2.355,0.000,4.727,3.102,2.858,2.815,8.919,5.433,5.098,7.051,5.954,11.206,12.523,8.200,7.003,8.555,7.676,10.755,8.937,10.170,10.269,8.691,17.495,14.996,8.257,12.432,10.892,12.793,13.640,12.505,14.055
C36静,11.030,11.088,13.117,12.557,11.296,12.151,11.643,7.925,7.058,7.078,6.737,5.625,4.794,6.181,4.623,6.034,5.849,4.745,3.835,5.367,4.727,0.000,3.530,3.216,3.782,11.497,7.904,6.918,8.858,7.580,13.160,12.967,9.361,7.937,9.586,8.713,11.570,10.532,11.001,12.690,10.624,19.056,17.034,10.329,14.376,13.155,14.159,16.142,14.552,15.992
C30败,11.191,11.533,14.560,13.905,12.495,13.355,13.093,9.383,8.290,8.572,7.580,7.017,6.085,5.595,4.794,6.925,4.037,4.943,3.855,4.618,3.102,3.530,0.000,2.682,2.145,10.069,7.105,6.557,8.202,6.879,12.081,11.621,7.910,6.730,8.231,7.559,10.068,8.501,9.371,10.939,8.996,17.563,15.522,9.266,13.101,11.528,12.839,14.559,13.021,14.635
C28意,10.627,11.106,14.782,13.851,12.460,13.552,13.147,9.511,7.836,8.221,7.674,6.867,6.152,4.840,4.493,6.548,4.185,4.867,4.089,3.837,2.858,3.216,2.682,0.000,1.720,9.430,6.505,5.772,7.899,6.558,11.869,11.879,7.858,6.688,8.028,7.072,10.114,8.754,9.652,10.800,8.858,17.346,15.026,8.111,12.255,10.877,12.504,13.982,12.483,14.114
C29失,11.191,11.780,15.627,14.720,13.282,14.371,13.983,10.334,8.769,9.168,8.400,7.749,6.943,5.444,5.404,7.395,4.035,5.434,4.267,3.872,2.815,3.782,2.145,1.720,0.000,9.238,6.650,5.985,8.051,6.912,11.785,11.675,7.682,6.450,8.103,7.250,10.025,8.319,9.362,10.504,8.708,17.347,14.962,8.279,12.284,10.715,12.594,13.894,12.286,13.993
C17通,12.308,13.628,20.491,18.537,17.228,18.321,18.067,15.848,12.425,13.712,13.029,13.311,12.884,8.524,11.035,11.291,9.699,11.122,10.964,8.294,8.919,11.497,10.069,9.430,9.238,0.000,6.159,7.080,5.910,7.047,6.702,12.888,8.222,7.867,8.522,7.679,11.367,9.390,11.071,7.222,8.068,14.163,10.879,5.678,8.582,6.524,8.769,6.025,6.538,7.577
C20成,7.770,8.749,15.341,13.711,12.188,13.295,12.883,10.750,7.438,8.785,8.179,8.320,8.138,6.007,7.295,7.197,8.402,7.015,6.802,4.413,5.433,7.904,7.105,6.505,6.650,6.159,0.000,3.296,3.430,3.367,7.911,13.675,8.385,7.305,9.008,8.245,12.073,10.429,11.593,9.177,8.780,17.033,14.155,7.415,11.533,10.074,11.533,10.984,10.932,11.708
C25生,7.603,8.661,15.052,13.232,11.934,13.156,12.531,10.441,7.012,8.206,7.561,7.760,7.608,5.102,6.625,6.207,7.732,6.970,6.010,3.924,5.098,6.918,6.557,5.772,5.985,7.080,3.296,0.000,4.920,4.591,8.256,13.202,8.288,6.858,8.546,7.555,11.500,10.006,10.912,9.239,8.113,16.886,14.322,7.456,11.620,10.495,11.476,11.710,11.242,12.275
C16回,9.190,9.880,15.818,14.236,12.772,13.657,13.364,11.412,8.063,9.526,8.781,9.121,8.796,7.151,8.357,7.975,9.473,7.709,8.162,6.133,7.051,8.858,8.202,7.899,8.051,5.910,3.430,4.920,0.000,3.897,7.570,14.065,8.969,7.843,9.514,8.836,12.884,11.152,12.404,9.750,9.647,17.151,14.418,8.245,11.874,10.413,11.367,10.477,10.983,11.579
C19完,7.980,8.278,13.980,12.201,10.841,11.783,11.676,9.682,6.583,7.686,7.249,7.458,7.222,5.532,6.152,6.162,7.919,6.540,6.941,5.535,5.954,7.580,6.879,6.558,6.912,7.047,3.367,4.591,3.897,0.000,8.414,12.929,7.971,7.569,8.139,7.617,11.050,9.867,10.721,8.958,8.348,16.134,13.605,7.740,11.299,10.118,10.581,10.930,11.019,11.751
C24过,13.085,14.086,19.933,17.470,17.028,17.611,17.385,16.031,12.984,14.018,13.297,14.057,13.835,10.371,12.187,11.469,11.500,13.638,12.597,10.835,11.206,13.160,12.081,11.869,11.785,6.702,7.911,8.256,7.570,8.414,0.000,12.387,8.207,7.910,9.674,9.269,11.778,10.304,11.185,6.858,8.203,14.238,13.188,9.455,12.372,10.555,8.393,8.117,8.758,8.563
C23难,18.522,19.111,21.696,19.978,20.162,20.460,20.289,17.531,16.408,16.493,16.015,15.785,15.309,12.900,12.390,14.246,8.632,14.955,14.402,13.795,12.523,12.967,11.621,11.879,11.675,12.888,13.675,13.202,14.065,12.929,12.387,0.000,5.777,7.747,9.155,8.986,7.589,6.191,5.681,9.714,7.740,13.068,14.186,12.414,14.633,12.875,8.927,13.979,11.742,13.292
C21开,14.218,14.892,18.716,16.823,16.524,17.067,16.833,14.022,12.151,12.580,12.040,12.055,11.464,8.422,8.804,10.096,5.752,10.976,10.244,9.090,8.200,9.361,7.910,7.858,7.682,8.222,8.385,8.288,8.969,7.971,8.207,5.777,0.000,3.078,6.458,5.889,6.837,4.522,5.428,6.402,4.952,12.843,12.438,8.215,11.570,9.607,7.047,10.732,8.890,10.284
C22心,13.470,14.260,17.989,16.339,15.854,16.393,16.010,13.034,11.071,11.621,10.859,10.896,10.215,7.606,8.116,9.052,5.615,9.812,8.806,7.695,7.003,7.937,6.730,6.688,6.450,7.867,7.305,6.858,7.843,7.569,7.910,7.747,3.078,0.000,7.100,6.275,8.491,6.257,7.302,7.758,6.305,14.585,13.870,8.250,12.235,10.252,8.763,11.579,9.804,11.090
C49前,12.887,13.886,18.434,16.695,16.008,16.669,16.769,14.328,12.133,12.656,12.028,12.017,11.544,6.720,8.406,9.656,6.203,10.804,9.787,9.230,8.555,9.586,8.231,8.028,8.103,8.522,9.008,8.546,9.514,8.139,9.674,9.155,6.458,7.100,0.000,3.641,5.787,6.243,6.278,7.377,5.300,10.632,9.422,6.337,8.418,7.375,6.875,10.188,8.146,8.987
C50面,12.301,13.294,18.010,16.201,15.472,16.286,16.218,13.710,11.318,11.881,11.306,11.310,10.845,5.824,7.702,8.773,5.282,10.096,8.937,8.285,7.676,8.713,7.559,7.072,7.250,7.679,8.245,7.555,8.836,7.617,9.269,8.986,5.889,6.275,3.641,0.000,5.627,5.705,5.985,6.914,4.530,11.519,10.158,5.789,8.789,7.529,6.852,10.039,8.203,9.293
C34张,15.796,16.426,19.978,18.001,17.742,18.413,18.567,16.034,14.563,14.634,14.088,14.310,13.718,9.119,10.377,11.538,6.809,13.538,11.814,11.861,10.755,11.570,10.068,10.114,10.025,11.367,12.073,11.500,12.884,11.050,11.778,7.589,6.837,8.491,5.787,5.627,0.000,4.390,3.000,7.107,5.458,10.265,10.995,9.336,11.149,9.972,7.005,12.079,10.033,10.913
C32功,15.443,16.130,20.172,18.305,17.798,18.616,18.502,15.626,13.938,14.230,13.434,13.601,12.929,8.916,9.866,11.443,5.319,12.190,10.818,10.114,8.937,10.532,8.501,8.754,8.319,9.390,10.429,10.006,11.152,9.867,10.304,6.191,4.522,6.257,6.243,5.705,4.390,0.000,2.848,5.693,4.137,11.761,11.488,8.678,11.217,9.288,7.346,11.037,9.060,10.732
C35平,15.745,16.335,19.841,17.870,17.683,18.361,18.326,15.710,14.322,14.376,13.777,13.889,13.351,9.573,10.192,11.579,6.097,13.094,11.481,11.337,10.170,11.001,9.371,9.652,9.362,11.071,11.593,10.912,12.404,10.721,11.185,5.681,5.428,7.302,6.278,5.985,3.000,2.848,0.000,6.650,4.553,11.548,11.986,9.927,12.114,10.593,7.498,12.282,10.294,11.552
C38劳,14.106,14.930,20.744,18.181,17.651,18.703,18.576,16.573,14.020,14.704,13.910,14.570,14.144,9.289,11.410,11.690,8.928,13.588,12.109,10.491,10.269,12.690,10.939,10.800,10.504,7.222,9.177,9.239,9.750,8.958,6.858,9.714,6.402,7.758,7.377,6.914,7.107,5.693,6.650,0.000,4.120,11.091,10.174,8.018,10.199,8.445,5.946,7.624,7.389,7.836
C48边,12.969,13.850,19.039,16.745,16.320,17.277,17.057,14.871,12.535,13.063,12.375,12.683,12.347,7.759,9.252,10.206,6.519,11.843,10.464,9.279,8.691,10.624,8.996,8.858,8.708,8.068,8.780,8.113,9.647,8.348,8.203,7.740,4.952,6.305,5.300,4.530,5.458,4.137,4.553,4.120,0.000,11.135,10.408,7.454,10.075,8.678,6.175,9.592,8.256,9.345
C47右,20.542,21.512,26.193,23.852,23.808,24.288,24.571,22.830,20.526,21.072,20.550,21.059,20.525,14.967,17.139,17.841,14.993,20.002,19.112,18.039,17.495,19.056,17.563,17.346,17.347,14.163,17.033,16.886,17.151,16.134,14.238,13.068,12.843,14.585,10.632,11.519,10.265,11.761,11.548,11.091,11.135,0.000,7.028,11.929,9.984,10.638,7.991,11.719,9.662,8.802
C41上,17.576,18.779,24.945,22.767,22.047,22.973,23.110,21.220,18.416,19.265,18.888,19.067,18.646,12.913,15.451,16.454,13.642,17.234,16.948,15.145,14.996,17.034,15.522,15.026,14.962,10.879,14.155,14.322,14.418,13.605,13.188,14.186,12.438,13.870,9.422,10.158,10.995,11.488,11.986,10.174,10.408,7.028,0.000,8.297,5.157,6.010,8.745,8.910,6.600,6.768
C42方,12.125,13.408,19.658,17.781,16.621,17.746,17.545,15.093,11.920,12.948,12.646,12.637,12.149,6.403,9.426,10.276,8.257,10.604,10.206,8.077,8.257,10.329,9.266,8.111,8.279,5.678,7.415,7.456,8.245,7.740,9.455,12.414,8.215,8.250,6.337,5.789,9.336,8.678,9.927,8.018,7.454,11.929,8.297,0.000,5.484,4.359,8.345,8.323,6.060,7.462
C40松,14.994,16.410,23.049,21.122,19.935,21.034,21.078,18.942,15.844,16.868,16.485,16.565,16.077,10.209,13.319,14.136,11.936,14.312,14.152,12.188,12.432,14.376,13.101,12.255,12.284,8.582,11.533,11.620,11.874,11.299,12.372,14.633,11.570,12.235,8.418,8.789,11.149,11.217,12.114,10.199,10.075,9.984,5.157,5.484,0.000,4.291,9.252,8.450,6.610,7.117
C43下,14.869,16.225,22.564,20.724,19.549,20.566,20.583,18.101,15.145,16.151,15.641,15.683,15.121,9.552,12.347,13.408,10.234,13.219,13.033,10.920,10.892,13.155,11.528,10.877,10.715,6.524,10.074,10.495,10.413,10.118,10.555,12.875,9.607,10.252,7.375,7.529,9.972,9.288,10.593,8.445,8.678,10.638,6.010,4.359,4.291,0.000,8.284,7.040,4.387,6.160
C46边,16.027,16.947,21.921,19.475,19.275,19.811,19.909,18.040,15.406,16.085,15.672,16.152,15.676,10.625,12.716,13.012,10.393,15.164,14.422,13.172,12.793,14.159,12.839,12.504,12.594,8.769,11.533,11.476,11.367,10.581,8.393,8.927,7.047,8.763,6.875,6.852,7.005,7.346,7.498,5.946,6.175,7.991,8.745,8.345,9.252,8.284,0.000,7.456,6.406,6.439
C18过,15.661,16.921,23.997,21.593,20.636,21.629,21.643,19.921,16.520,17.696,17.141,17.640,17.294,12.254,14.939,15.086,13.226,15.805,15.631,13.254,13.640,16.142,14.559,13.982,13.894,6.025,10.984,11.710,10.477,10.930,8.117,13.979,10.732,11.579,10.188,10.039,12.079,11.037,12.282,7.624,9.592,11.719,8.910,8.323,8.450,7.040,7.456,0.000,5.510,5.713
C44方,16.248,17.561,23.749,21.553,20.791,21.619,21.557,19.337,16.258,17.250,16.841,17.049,16.542,11.152,13.749,14.466,11.306,15.071,14.654,12.537,12.505,14.552,13.021,12.483,12.286,6.538,10.932,11.242,10.983,11.019,8.758,11.742,8.890,9.804,8.146,8.203,10.033,9.060,10.294,7.389,8.256,9.662,6.600,6.060,6.610,4.387,6.406,5.510,0.000,4.097
C45左,16.701,18.030,24.325,21.946,21.311,22.046,22.087,20.273,17.151,18.152,17.689,18.138,17.658,12.016,14.974,15.041,13.039,16.600,15.797,13.889,14.055,15.992,14.635,14.114,13.993,7.577,11.708,12.275,11.579,11.751,8.563,13.292,10.284,11.090,8.987,9.293,10.913,10.732,11.552,7.836,9.345,8.802,6.768,7.462,7.117,6.160,6.439,5.713,4.097,0.000
