cls,C25,C01,C02,C08,C05,C06,C09,C10,C03,C04,C07,C37,C39,C11,C15,C12,C14,C31,C26,C27,C30,C33,C13,C36,C28,C29,C47,C42,C43,C40,C41,C46,C45,C18,C44,C23,C34,C32,C35,C38,C48,C49,C50,C24,C21,C22,C17,C16,C19,C20
C25生,0.000,2.436,2.562,3.539,3.815,4.170,2.242,2.516,3.582,3.322,3.340,2.125,2.632,2.964,3.437,2.754,3.252,3.190,2.353,3.024,3.473,2.950,2.789,2.882,2.641,2.864,5.723,2.887,3.796,4.174,4.681,4.113,4.676,3.613,3.801,4.694,3.978,3.706,3.609,3.400,2.560,3.498,2.824,3.208,3.365,3.004,2.766,2.985,2.596,2.297
C01开,2.436,0.000,1.373,4.187,3.835,4.305,2.641,3.004,3.655,3.349,3.289,3.450,3.866,4.115,4.406,3.686,4.373,4.915,3.826,4.506,4.974,4.268,4.177,4.248,4.068,4.439,6.734,3.890,4.916,4.710,5.482,5.287,5.762,4.832,4.985,6.250,5.510,5.511,5.309,5.083,4.258,4.907,4.382,4.718,4.938,4.847,4.324,4.255,3.681,3.375
C02始,2.562,1.373,0.000,3.448,3.274,3.484,2.104,2.218,2.489,2.306,2.423,3.151,3.767,3.648,4.262,3.255,3.995,4.839,3.509,4.230,4.849,4.056,3.859,4.082,3.878,4.275,7.152,4.080,5.175,5.187,5.806,5.731,6.151,5.114,5.350,6.480,5.577,5.498,5.356,5.010,4.351,5.225,4.637,4.951,5.084,5.030,4.527,4.360,3.691,3.373
C08退,3.539,4.187,3.448,0.000,1.720,1.397,1.841,1.620,2.572,1.778,1.832,2.417,3.158,1.836,2.287,1.664,1.617,3.504,2.694,2.732,2.926,2.652,2.196,2.541,2.597,2.861,7.193,4.403,4.986,5.722,6.246,5.801,6.261,5.423,5.517,5.807,5.015,4.749,4.946,5.179,4.791,4.679,4.370,5.081,4.379,4.097,4.355,3.521,2.998,3.177
C05前,3.815,3.835,3.274,1.720,0.000,1.247,2.003,1.997,2.561,1.856,1.393,2.799,3.734,2.559,3.016,2.327,2.503,4.322,3.745,3.844,3.779,3.475,3.113,3.291,3.541,3.847,7.244,4.813,5.378,5.856,6.487,5.715,6.327,5.615,5.712,6.091,5.465,5.411,5.430,5.704,5.224,4.905,4.696,5.110,4.718,4.489,4.742,3.671,3.087,3.528
C06进,4.170,4.305,3.484,1.397,1.247,0.000,2.244,2.021,2.247,1.601,1.350,3.088,4.020,2.511,3.116,2.233,2.473,4.529,3.761,3.891,3.979,3.638,3.112,3.418,3.681,3.998,7.835,5.221,5.863,6.374,6.927,6.429,6.997,6.186,6.320,6.506,5.888,5.745,5.804,6.074,5.551,5.385,5.092,5.756,5.275,5.010,5.244,4.227,3.734,4.055
C09出,2.242,2.641,2.104,1.841,2.003,2.244,0.000,0.737,2.257,1.742,1.482,1.974,2.856,2.279,2.649,1.718,2.326,3.580,2.618,3.082,3.418,2.941,2.384,2.579,2.578,3.034,6.577,3.499,4.398,4.830,5.440,4.956,5.521,4.550,4.644,5.404,4.787,4.604,4.614,4.691,4.001,4.187,3.692,4.276,3.968,3.747,3.640,3.069,2.492,2.521
C10发,2.516,3.004,2.218,1.620,1.997,2.021,0.737,0.000,1.809,1.399,1.294,2.033,3.001,2.286,2.868,1.777,2.393,3.624,2.704,3.160,3.498,2.973,2.457,2.653,2.636,3.080,6.814,3.764,4.657,5.130,5.678,5.221,5.787,4.794,4.936,5.563,4.815,4.634,4.621,4.709,4.085,4.407,3.889,4.538,4.151,3.985,3.912,3.406,2.750,2.802
C03停,3.582,3.655,2.489,2.572,2.561,2.247,2.257,1.809,0.000,1.299,1.559,3.051,4.046,3.251,4.355,3.038,3.615,4.878,3.841,4.324,4.839,4.220,3.624,4.081,4.049,4.431,7.553,4.835,5.803,6.105,6.469,6.184,6.753,5.791,6.020,6.577,5.664,5.588,5.480,5.275,4.834,5.610,5.078,5.421,5.287,5.256,5.187,4.747,4.020,4.072
C04止,3.322,3.349,2.306,1.778,1.856,1.601,1.742,1.399,1.299,0.000,1.213,2.535,3.437,2.465,3.437,2.246,2.726,4.322,3.114,3.554,4.034,3.311,2.974,3.377,3.344,3.692,7.469,4.561,5.434,5.819,6.389,6.112,6.584,5.633,5.877,6.488,5.406,5.306,5.321,5.216,4.800,5.207,4.747,5.298,5.059,4.879,4.801,4.198,3.503,3.564
C07后,3.340,3.289,2.423,1.832,1.393,1.350,1.482,1.294,1.559,1.213,0.000,2.784,3.844,2.668,3.426,2.309,2.877,4.535,3.598,3.964,4.197,3.698,3.257,3.457,3.642,4.010,7.514,4.742,5.576,5.955,6.500,5.928,6.539,5.647,5.796,6.232,5.683,5.510,5.469,5.548,4.955,5.216,4.790,5.133,4.921,4.733,4.790,3.959,3.395,3.543
C37疲,2.125,3.450,3.151,2.417,2.799,3.088,1.974,2.033,3.051,2.535,2.784,0.000,1.687,1.799,2.706,2.083,2.065,2.672,2.073,2.373,2.643,2.083,1.776,2.282,2.094,2.311,5.638,3.144,3.824,4.373,4.952,4.328,4.903,4.101,4.294,4.985,3.542,3.584,3.609,3.710,3.229,3.374,2.838,3.864,3.498,3.046,3.166,2.961,2.413,2.584
C39放,2.632,3.866,3.767,3.158,3.734,4.020,2.856,3.001,4.046,3.437,3.844,1.687,0.000,2.407,3.000,2.941,2.599,2.513,2.025,2.076,2.557,2.086,1.981,2.773,2.130,2.234,4.898,2.610,3.127,3.618,4.241,4.251,4.632,3.998,3.961,5.229,3.025,3.253,3.465,3.564,3.103,3.067,2.714,4.253,3.691,3.276,3.253,3.518,3.008,2.985
C11等,2.964,4.115,3.648,1.836,2.559,2.511,2.279,2.286,3.251,2.465,2.668,1.799,2.407,0.000,2.171,1.703,1.306,2.930,2.117,2.110,2.330,1.847,1.737,2.466,2.432,2.447,6.653,4.264,4.768,5.502,6.050,5.410,6.003,5.082,5.327,5.503,4.425,4.094,4.355,4.580,4.104,4.103,3.741,4.614,4.212,3.565,3.924,3.264,3.056,3.202
C15返,3.437,4.406,4.262,2.287,3.016,3.116,2.649,2.868,4.355,3.437,3.426,2.706,3.000,2.171,0.000,1.575,1.199,2.572,2.403,2.212,1.767,2.057,1.751,1.521,1.824,1.962,6.690,4.040,4.255,5.110,5.799,5.258,5.715,4.897,4.942,4.977,4.622,4.290,4.565,5.218,4.584,3.577,3.452,4.768,3.837,3.242,3.623,2.690,2.602,2.976
C12待,2.754,3.686,3.255,1.664,2.327,2.233,1.718,1.777,3.038,2.246,2.309,2.083,2.941,1.703,1.575,0.000,1.179,2.892,2.162,2.419,2.509,2.219,1.563,1.609,1.918,2.270,6.876,3.952,4.547,5.237,5.850,5.318,5.835,4.881,5.060,5.142,4.713,4.417,4.531,4.884,4.219,3.856,3.498,4.516,3.960,3.471,3.702,2.836,2.477,2.788
C14行,3.252,4.373,3.995,1.617,2.503,2.473,2.326,2.393,3.615,2.726,2.877,2.065,2.599,1.306,1.199,1.179,0.000,2.590,2.075,1.922,1.807,1.731,1.289,1.636,1.831,1.938,6.670,4.089,4.463,5.288,5.904,5.346,5.842,5.022,5.138,5.204,4.440,4.154,4.430,4.885,4.392,3.788,3.576,4.692,3.934,3.326,3.802,2.932,2.669,3.025
C31成,3.190,4.915,4.839,3.504,4.322,4.529,3.580,3.624,4.878,4.322,4.535,2.672,2.513,2.930,2.572,2.892,2.590,0.000,2.350,1.900,1.484,2.074,1.908,2.044,1.585,1.357,5.304,3.446,3.458,4.558,4.830,3.947,4.772,3.836,3.922,3.489,2.433,1.965,2.306,3.362,2.807,2.467,2.194,3.905,2.488,2.107,2.963,3.118,2.760,3.059
C26气,2.353,3.826,3.509,2.694,3.745,3.761,2.618,2.704,3.841,3.114,3.598,2.073,2.025,2.117,2.403,2.162,2.075,2.350,0.000,1.069,2.182,1.519,1.671,2.146,1.469,1.416,6.271,3.244,3.853,4.691,5.213,5.141,5.331,4.365,4.550,5.206,3.890,3.453,3.820,3.653,3.386,3.762,3.303,4.208,3.683,3.199,3.165,3.168,2.784,2.441
C27满,3.024,4.506,4.230,2.732,3.844,3.891,3.082,3.160,4.324,3.554,3.964,2.373,2.076,2.110,2.212,2.419,1.922,1.900,1.069,0.000,1.532,1.380,1.543,2.241,1.511,1.184,6.119,3.538,3.856,4.911,5.337,5.084,5.384,4.499,4.601,4.960,3.609,3.074,3.628,3.725,3.543,3.652,3.358,4.334,3.488,2.968,3.312,3.233,2.899,2.734
C30败,3.473,4.974,4.849,2.926,3.779,3.979,3.418,3.498,4.839,4.034,4.197,2.643,2.557,2.330,1.767,2.509,1.807,1.484,2.182,1.532,0.000,1.368,1.849,1.769,1.637,1.170,6.055,4.014,3.983,5.053,5.556,4.812,5.374,4.603,4.645,4.430,3.489,3.022,3.452,4.271,3.859,3.159,3.084,4.403,3.250,2.594,3.414,2.995,2.808,3.103
C33紧,2.950,4.268,4.056,2.652,3.475,3.638,2.941,2.973,4.220,3.311,3.698,2.083,2.086,1.847,2.057,2.219,1.731,2.074,1.519,1.380,1.368,0.000,1.868,1.898,1.586,1.260,6.402,3.919,4.225,5.070,5.729,5.186,5.613,4.727,4.944,5.219,3.753,3.406,3.752,4.131,3.785,3.611,3.301,4.490,3.813,3.177,3.500,3.199,2.903,2.928
C13运,2.789,4.177,3.859,2.196,3.113,3.112,2.384,2.457,3.624,2.974,3.257,1.776,1.981,1.737,1.751,1.563,1.289,1.908,1.671,1.543,1.849,1.868,0.000,1.663,1.342,1.576,5.773,3.198,3.638,4.492,4.934,4.619,5.131,4.290,4.333,4.576,3.569,3.381,3.625,4.040,3.474,3.067,2.760,4.230,3.325,2.858,3.255,2.908,2.457,2.741
C36静,2.882,4.248,4.082,2.541,3.291,3.418,2.579,2.653,4.081,3.377,3.457,2.282,2.773,2.466,1.521,1.609,1.636,2.044,2.146,2.241,1.769,1.898,1.663,0.000,1.166,1.420,6.311,3.564,3.880,4.686,5.314,4.744,5.228,4.434,4.447,4.438,3.981,3.745,3.836,4.556,3.893,3.054,2.783,4.292,3.306,2.804,3.252,2.653,2.296,2.731
C28意,2.641,4.068,3.878,2.597,3.541,3.681,2.578,2.636,4.049,3.344,3.642,2.094,2.130,2.432,1.824,1.918,1.831,1.585,1.469,1.511,1.637,1.586,1.342,1.166,0.000,0.768,5.884,2.975,3.353,4.264,4.848,4.522,4.906,4.007,4.063,4.468,3.426,3.181,3.413,3.887,3.378,2.933,2.599,4.109,3.058,2.691,2.900,2.795,2.248,2.382
C29失,2.864,4.439,4.275,2.861,3.847,3.998,3.034,3.080,4.431,3.692,4.010,2.311,2.234,2.447,1.962,2.270,1.938,1.357,1.416,1.184,1.170,1.260,1.576,1.420,0.768,0.000,5.962,3.350,3.571,4.586,5.113,4.682,5.071,4.194,4.267,4.448,3.311,2.895,3.252,3.763,3.394,3.080,2.805,4.148,3.065,2.585,3.014,2.938,2.517,2.596
C47右,5.723,6.734,7.152,7.193,7.244,7.835,6.577,6.814,7.553,7.469,7.514,5.638,4.898,6.653,6.690,6.876,6.670,5.304,6.271,6.119,6.055,6.402,5.773,6.311,5.884,5.962,0.000,4.138,3.637,3.351,2.775,3.013,3.473,4.316,3.520,5.142,3.689,4.664,4.408,4.782,4.442,3.863,4.150,5.228,4.640,4.896,5.026,5.919,5.532,5.803
C42方,2.887,3.890,4.080,4.403,4.813,5.221,3.499,3.764,4.835,4.561,4.742,3.144,2.610,4.264,4.040,3.952,4.089,3.446,3.244,3.538,4.014,3.919,3.198,3.564,2.975,3.350,4.138,0.000,1.584,2.030,2.424,3.435,3.023,2.882,2.232,4.894,3.500,3.888,3.880,3.608,3.199,2.895,2.600,3.755,3.369,3.426,2.617,3.482,2.922,2.741
C43下,3.796,4.916,5.175,4.986,5.378,5.863,4.398,4.657,5.803,5.434,5.576,3.824,3.127,4.768,4.255,4.547,4.463,3.458,3.853,3.856,3.983,4.225,3.638,3.880,3.353,3.571,3.637,1.584,0.000,2.017,2.106,3.205,2.478,2.596,1.783,4.682,3.336,3.819,3.860,3.889,3.660,2.486,2.612,3.792,3.341,3.401,2.634,3.551,3.212,3.274
C40松,4.174,4.710,5.187,5.722,5.856,6.374,4.830,5.130,6.105,5.819,5.955,4.373,3.618,5.502,5.110,5.237,5.288,4.558,4.691,4.911,5.053,5.070,4.492,4.686,4.264,4.586,3.351,2.030,2.017,0.000,1.700,3.587,3.118,3.625,2.771,5.533,4.081,4.871,4.664,4.784,4.196,3.161,3.251,4.852,4.391,4.503,3.859,4.645,4.128,4.222
C41上,4.681,5.482,5.806,6.246,6.487,6.927,5.440,5.678,6.469,6.389,6.500,4.952,4.241,6.050,5.799,5.850,5.904,4.830,5.213,5.337,5.556,5.729,4.934,5.314,4.848,5.113,2.775,2.424,2.106,1.700,0.000,3.412,2.839,3.424,2.373,5.266,3.992,4.739,4.505,4.498,4.064,3.472,3.541,4.767,4.385,4.701,4.071,5.080,4.618,4.680
C46边,4.113,5.287,5.731,5.801,5.715,6.429,4.956,5.221,6.184,6.112,5.928,4.328,4.251,5.410,5.258,5.318,5.346,3.947,5.141,5.084,4.812,5.186,4.619,4.744,4.522,4.682,3.013,3.435,3.205,3.587,3.412,0.000,2.728,2.633,2.288,3.090,2.962,3.475,3.044,3.698,3.117,2.655,2.664,3.150,2.540,2.949,3.242,3.963,3.635,4.064
C45左,4.676,5.762,6.151,6.261,6.327,6.997,5.521,5.787,6.753,6.584,6.539,4.903,4.632,6.003,5.715,5.835,5.842,4.772,5.331,5.384,5.374,5.613,5.131,5.228,4.906,5.071,3.473,3.023,2.478,3.118,2.839,2.728,0.000,2.606,2.014,4.829,4.116,4.634,4.484,4.158,4.295,3.355,3.536,3.397,3.644,3.806,2.888,3.919,3.822,3.897
C18过,3.613,4.832,5.114,5.423,5.615,6.186,4.550,4.794,5.791,5.633,5.647,4.101,3.998,5.082,4.897,4.881,5.022,3.836,4.365,4.499,4.603,4.727,4.290,4.434,4.007,4.194,4.316,2.882,2.596,3.625,3.424,2.633,2.606,0.000,1.872,4.107,3.537,3.665,3.528,3.289,3.202,3.031,2.817,2.272,3.046,3.231,2.034,3.335,3.294,3.320
C44方,3.801,4.985,5.350,5.517,5.712,6.320,4.644,4.936,6.020,5.877,5.796,4.294,3.961,5.327,4.942,5.060,5.138,3.922,4.550,4.601,4.645,4.944,4.333,4.447,4.063,4.267,3.520,2.232,1.783,2.771,2.373,2.288,2.014,1.872,0.000,3.974,3.503,3.774,3.660,3.670,3.368,2.833,2.834,2.939,2.875,3.197,2.553,3.635,3.389,3.444
C23难,4.694,6.250,6.480,5.807,6.091,6.506,5.404,5.563,6.577,6.488,6.232,4.985,5.229,5.503,4.977,5.142,5.204,3.489,5.206,4.960,4.430,5.219,4.576,4.438,4.468,4.448,5.142,4.894,4.682,5.533,5.266,3.090,4.829,4.107,3.974,0.000,3.634,3.200,2.892,4.323,3.562,3.420,3.384,3.903,2.250,2.688,4.074,4.288,4.112,4.620
C34张,3.978,5.510,5.577,5.015,5.465,5.888,4.787,4.815,5.664,5.406,5.683,3.542,3.025,4.425,4.622,4.713,4.440,2.433,3.890,3.609,3.489,3.753,3.569,3.981,3.426,3.311,3.689,3.500,3.336,4.081,3.992,2.962,4.116,3.537,3.503,3.634,0.000,1.575,1.373,2.536,2.345,2.727,2.541,4.032,2.752,2.968,3.609,4.413,3.814,4.083
C32功,3.706,5.511,5.498,4.749,5.411,5.745,4.604,4.634,5.588,5.306,5.510,3.584,3.253,4.094,4.290,4.417,4.154,1.965,3.453,3.074,3.022,3.406,3.381,3.745,3.181,2.895,4.664,3.888,3.819,4.871,4.739,3.475,4.634,3.665,3.774,3.200,1.575,0.000,1.057,2.226,2.059,3.164,2.856,3.702,2.362,2.463,3.377,4.104,3.692,3.787
C35平,3.609,5.309,5.356,4.946,5.430,5.804,4.614,4.621,5.480,5.321,5.469,3.609,3.465,4.355,4.565,4.531,4.430,2.306,3.820,3.628,3.452,3.752,3.625,3.836,3.413,3.252,4.408,3.880,3.860,4.664,4.505,3.044,4.484,3.528,3.660,2.892,1.373,1.057,0.000,2.291,1.736,2.957,2.580,3.655,2.348,2.629,3.485,4.233,3.722,3.939
C38劳,3.400,5.083,5.010,5.179,5.704,6.074,4.691,4.709,5.275,5.216,5.548,3.710,3.564,4.580,5.218,4.884,4.885,3.362,3.653,3.725,4.271,4.131,4.040,4.556,3.887,3.763,4.782,3.608,3.889,4.784,4.498,3.698,4.158,3.289,3.670,4.323,2.536,2.226,2.291,0.000,1.916,3.965,3.485,3.144,3.022,3.244,3.207,4.301,3.808,3.536
C48边,2.560,4.258,4.351,4.791,5.224,5.551,4.001,4.085,4.834,4.800,4.955,3.229,3.103,4.104,4.584,4.219,4.392,2.807,3.386,3.543,3.859,3.785,3.474,3.893,3.378,3.394,4.442,3.199,3.660,4.196,4.064,3.117,4.295,3.202,3.368,3.562,2.345,2.059,1.736,1.916,0.000,3.109,2.439,3.271,2.754,2.871,3.125,4.044,3.556,3.481
C49前,3.498,4.907,5.225,4.679,4.905,5.385,4.187,4.407,5.610,5.207,5.216,3.374,3.067,4.103,3.577,3.856,3.788,2.467,3.762,3.652,3.159,3.611,3.067,3.054,2.933,3.080,3.863,2.895,2.486,3.161,3.472,2.655,3.355,3.031,2.833,3.420,2.727,3.164,2.957,3.965,3.109,0.000,1.211,3.596,2.778,2.480,2.746,3.105,2.913,3.490
C50面,2.824,4.382,4.637,4.370,4.696,5.092,3.692,3.889,5.078,4.747,4.790,2.838,2.714,3.741,3.452,3.498,3.576,2.194,3.303,3.358,3.084,3.301,2.760,2.783,2.599,2.805,4.150,2.600,2.612,3.251,3.541,2.664,3.536,2.817,2.834,3.384,2.541,2.856,2.580,3.485,2.439,1.211,0.000,3.377,2.660,2.366,2.416,2.984,2.754,3.169
C24过,3.208,4.718,4.951,5.081,5.110,5.756,4.276,4.538,5.421,5.298,5.133,3.864,4.253,4.614,4.768,4.516,4.692,3.905,4.208,4.334,4.403,4.490,4.230,4.292,4.109,4.148,5.228,3.755,3.792,4.852,4.767,3.150,3.397,2.272,2.939,3.903,4.032,3.702,3.655,3.144,3.271,3.596,3.377,0.000,2.725,2.588,2.221,2.765,2.938,2.921
C21开,3.365,4.938,5.084,4.379,4.718,5.275,3.968,4.151,5.287,5.059,4.921,3.498,3.691,4.212,3.837,3.960,3.934,2.488,3.683,3.488,3.250,3.813,3.325,3.306,3.058,3.065,4.640,3.369,3.341,4.391,4.385,2.540,3.644,3.046,2.875,2.250,2.752,2.362,2.348,3.022,2.754,2.778,2.660,2.725,0.000,1.290,2.569,2.866,2.362,2.700
C22心,3.004,4.847,5.030,4.097,4.489,5.010,3.747,3.985,5.256,4.879,4.733,3.046,3.276,3.565,3.242,3.471,3.326,2.107,3.199,2.968,2.594,3.177,2.858,2.804,2.691,2.585,4.896,3.426,3.401,4.503,4.701,2.949,3.806,3.231,3.197,2.688,2.968,2.463,2.629,3.244,2.871,2.480,2.366,2.588,1.290,0.000,2.212,2.248,2.184,2.516
C17通,2.766,4.324,4.527,4.355,4.742,5.244,3.640,3.912,5.187,4.801,4.790,3.166,3.253,3.924,3.623,3.702,3.802,2.963,3.165,3.312,3.414,3.500,3.255,3.252,2.900,3.014,5.026,2.617,2.634,3.859,4.071,3.242,2.888,2.034,2.553,4.074,3.609,3.377,3.485,3.207,3.125,2.746,2.416,2.221,2.569,2.212,0.000,1.836,2.105,1.922
C16回,2.985,4.255,4.360,3.521,3.671,4.227,3.069,3.406,4.747,4.198,3.959,2.961,3.518,3.264,2.690,2.836,2.932,3.118,3.168,3.233,2.995,3.199,2.908,2.653,2.795,2.938,5.919,3.482,3.551,4.645,5.080,3.963,3.919,3.335,3.635,4.288,4.413,4.104,4.233,4.301,4.044,3.105,2.984,2.765,2.866,2.248,1.836,0.000,1.430,1.784
C19完,2.596,3.681,3.691,2.998,3.087,3.734,2.492,2.750,4.020,3.503,3.395,2.413,3.008,3.056,2.602,2.477,2.669,2.760,2.784,2.899,2.808,2.903,2.457,2.296,2.248,2.517,5.532,2.922,3.212,4.128,4.618,3.635,3.822,3.294,3.389,4.112,3.814,3.692,3.722,3.808,3.556,2.913,2.754,2.938,2.362,2.184,2.105,1.430,0.000,1.229
C20成,2.297,3.375,3.373,3.177,3.528,4.055,2.521,2.802,4.072,3.564,3.543,2.584,2.985,3.202,2.976,2.788,3.025,3.059,2.441,2.734,3.103,2.928,2.741,2.731,2.382,2.596,5.803,2.741,3.274,4.222,4.680,4.064,3.897,3.320,3.444,4.620,4.083,3.787,3.939,3.536,3.481,3.490,3.169,2.921,2.700,2.516,1.922,1.784,1.229,0.000
