cls,C28,C30,C38,C29,C33,C34,C31,C35,C20,C26,C27,C49,C48,C50,C32,C43,C41,C45,C47,C44,C40,C42,C39,C17,C18,C13,C36,C37,C14,C08,C12,C06,C07,C10,C11,C01,C04,C02,C03,C05,C09,C19,C46,C15,C16,C25,C21,C23,C22,C24
C28意,0.000,7.283,9.773,7.767,9.341,8.132,7.412,9.091,8.908,9.590,8.991,10.298,10.639,10.147,10.808,9.332,10.281,9.262,9.974,10.050,9.978,8.949,9.005,8.529,8.638,9.400,7.790,8.234,8.256,8.818,8.519,9.252,9.210,8.515,8.672,9.270,8.570,9.019,8.940,10.130,8.871,8.731,8.235,8.253,8.801,7.872,9.018,9.646,9.229,9.526
C30败,7.283,0.000,11.120,8.316,8.618,7.792,7.934,8.919,8.858,9.612,8.754,9.771,10.390,10.155,9.934,9.773,11.005,9.304,9.452,11.112,10.465,10.734,8.472,10.168,10.920,9.612,7.963,7.925,6.843,7.719,8.163,8.296,8.554,8.604,7.783,9.437,8.677,9.088,8.982,9.179,9.177,8.618,9.130,8.072,9.499,8.710,9.331,9.811,8.995,9.268
C38劳,9.773,11.120,0.000,7.219,7.454,8.563,8.143,7.049,9.076,7.663,8.508,8.953,8.543,8.681,8.133,9.551,8.806,9.115,8.587,8.815,8.283,7.125,10.109,10.614,10.002,10.820,9.596,9.719,10.724,10.250,10.685,10.930,10.570,10.098,10.047,10.182,8.265,8.549,9.071,10.821,9.374,9.328,8.329,9.622,9.918,8.354,8.882,9.847,9.221,9.433
C29失,7.767,8.316,7.219,0.000,7.171,6.910,6.790,6.464,8.259,6.660,7.557,8.118,7.902,8.170,7.220,8.250,8.592,7.716,7.027,8.466,7.987,7.255,7.620,9.110,9.275,10.413,8.508,9.000,9.462,9.444,9.622,10.117,9.726,9.382,9.264,9.158,7.097,7.737,8.072,9.118,8.496,7.565,7.612,7.964,8.719,7.356,9.004,9.464,8.759,9.407
C33紧,9.341,8.618,7.454,7.171,0.000,5.795,5.553,5.558,9.722,8.905,9.274,8.396,8.632,8.099,7.542,9.260,9.764,9.077,8.609,9.322,8.831,8.417,8.886,9.694,10.086,9.375,7.780,7.900,8.587,8.769,9.103,9.354,9.206,8.435,8.506,8.942,7.713,8.434,8.424,9.188,8.521,9.311,8.618,8.797,9.780,9.137,9.969,9.720,8.928,9.476
C34张,8.132,7.792,8.563,6.910,5.795,0.000,4.568,4.448,8.909,9.147,8.825,6.758,8.570,7.821,7.273,7.701,7.943,7.133,6.584,8.245,7.951,7.263,7.721,9.305,8.766,8.122,7.437,7.107,7.659,7.856,8.605,8.640,8.512,7.736,7.967,8.273,6.963,7.992,7.680,8.497,7.510,8.446,7.467,8.142,9.311,8.798,10.058,9.433,8.309,8.858
C31成,7.412,7.934,8.143,6.790,5.553,4.568,0.000,4.258,9.402,8.647,8.525,6.830,7.843,6.401,7.733,8.286,9.145,7.930,7.560,8.431,8.567,7.304,7.618,8.163,8.445,8.083,6.195,6.300,7.582,8.369,8.456,8.796,8.660,7.758,8.024,8.596,7.432,8.263,8.007,8.572,7.750,8.840,7.281,7.793,8.703,8.351,9.706,8.851,8.088,8.668
C35平,9.091,8.919,7.049,6.464,5.558,4.448,4.258,0.000,9.333,8.501,8.968,6.135,6.888,5.971,7.111,8.858,8.497,7.891,6.956,8.105,8.295,7.234,7.876,8.741,8.471,8.169,6.391,6.746,8.227,8.008,8.397,8.471,7.973,7.438,7.705,7.839,6.941,7.402,7.348,7.999,7.047,8.309,7.255,8.327,8.848,8.160,9.216,8.805,7.750,8.180
C20成,8.908,8.858,9.076,8.259,9.722,8.909,9.402,9.333,0.000,6.101,5.188,8.880,7.612,8.985,8.403,6.821,7.511,7.029,7.242,7.279,7.615,7.101,9.651,8.316,8.826,9.597,10.087,9.236,7.378,7.651,8.017,8.249,8.204,8.409,7.761,7.806,7.182,6.825,6.762,8.598,7.129,5.685,7.336,5.927,6.796,5.662,6.495,6.927,5.743,5.559
C26气,9.590,9.612,7.663,6.660,8.905,9.147,8.647,8.501,6.101,0.000,4.574,8.310,7.118,8.254,8.417,8.475,8.054,8.414,7.412,8.252,8.106,7.054,9.599,9.779,9.951,10.654,9.476,9.639,9.234,9.078,9.518,9.802,9.550,9.926,9.126,8.911,6.933,7.237,7.513,9.348,8.771,7.532,8.193,7.668,8.314,6.114,8.266,8.046,7.390,7.832
C27满,8.991,8.754,8.508,7.557,9.274,8.825,8.525,8.968,5.188,4.574,0.000,8.597,7.616,8.766,8.560,7.981,7.660,8.224,7.280,8.525,8.443,7.338,8.274,9.790,9.881,9.613,9.959,9.205,7.862,7.952,8.863,8.961,9.047,9.357,8.472,8.917,6.955,7.572,7.106,8.884,8.332,7.425,7.707,6.936,7.914,6.364,7.057,7.399,6.600,6.689
C49前,10.298,9.771,8.953,8.118,8.396,6.758,6.830,6.135,8.880,8.310,8.597,0.000,6.131,5.546,8.207,7.985,7.875,7.364,6.121,7.239,7.437,6.672,8.431,9.272,8.856,9.295,7.470,7.282,8.415,8.121,8.239,8.687,8.156,7.822,7.995,7.662,6.899,7.354,7.593,8.044,6.897,7.711,6.290,7.325,7.888,8.306,9.051,8.040,7.466,8.167
C48边,10.639,10.390,8.543,7.902,8.632,8.570,7.843,6.888,7.612,7.118,7.616,6.131,0.000,3.729,7.075,8.044,7.735,6.992,6.152,6.527,6.714,6.007,8.673,7.304,8.339,9.571,8.701,8.498,8.939,8.747,8.421,8.499,8.142,7.995,8.063,7.248,7.108,6.120,6.574,7.984,6.729,7.483,6.332,7.180,7.408,7.879,8.384,7.991,7.400,7.287
C50面,10.147,10.155,8.681,8.170,8.099,7.821,6.401,5.971,8.985,8.254,8.766,5.546,3.729,0.000,8.056,8.264,8.577,7.651,6.861,6.983,7.095,6.245,8.243,6.941,7.861,8.861,7.181,7.021,8.270,8.517,8.099,8.347,7.826,7.321,7.648,7.270,7.309,6.809,6.947,7.716,6.487,8.212,6.260,7.267,7.566,8.408,9.023,8.100,7.461,8.029
C32功,10.808,9.934,8.133,7.220,7.542,7.273,7.733,7.111,8.403,8.417,8.560,8.207,7.075,8.056,0.000,7.936,7.162,5.915,5.179,7.429,7.476,7.477,8.899,9.270,9.556,10.631,11.103,10.591,10.272,10.582,10.939,11.251,11.077,10.299,10.439,10.287,9.151,9.116,9.390,10.385,9.155,9.223,7.830,8.738,9.969,10.038,9.796,10.045,9.154,9.331
C43下,9.332,9.773,9.551,8.250,9.260,7.701,8.286,8.858,6.821,8.475,7.981,7.985,8.044,8.264,7.936,0.000,7.574,5.898,6.657,6.558,6.037,5.886,9.185,8.529,9.154,10.679,9.742,8.837,8.782,9.666,9.558,9.818,9.729,9.383,9.506,8.765,7.710,7.896,8.194,9.223,7.813,8.183,7.224,6.788,8.305,8.776,9.763,9.182,8.449,8.992
C41上,10.281,11.005,8.806,8.592,9.764,7.943,9.145,8.497,7.511,8.054,7.660,7.875,7.735,8.577,7.162,7.574,0.000,5.279,4.396,6.191,6.763,5.408,9.393,9.328,8.478,9.594,11.055,10.730,10.353,10.092,10.999,11.351,10.844,10.222,10.549,9.966,9.194,9.081,8.929,11.073,8.908,8.752,6.295,8.721,8.843,8.996,8.949,8.545,7.834,8.247
C45左,9.262,9.304,9.115,7.716,9.077,7.133,7.930,7.891,7.029,8.414,8.224,7.364,6.992,7.651,5.915,5.898,5.279,0.000,3.752,5.089,5.639,5.351,8.853,8.004,7.827,10.169,9.898,9.770,9.565,9.802,10.244,10.561,10.173,9.540,9.907,9.155,9.023,8.598,8.800,10.057,8.122,8.376,6.347,7.762,8.298,8.816,9.389,8.657,8.047,8.324
C47右,9.974,9.452,8.587,7.027,8.609,6.584,7.560,6.956,7.242,7.412,7.280,6.121,6.152,6.861,5.179,6.657,4.396,3.752,0.000,5.358,6.027,5.281,8.128,8.552,8.183,9.355,9.866,9.361,9.310,9.198,10.032,10.322,9.839,9.247,9.439,9.073,8.138,8.125,8.153,9.488,7.847,7.890,5.639,7.597,8.248,8.600,8.879,8.279,7.410,8.062
C44方,10.050,11.112,8.815,8.466,9.322,8.245,8.431,8.105,7.279,8.252,8.525,7.239,6.527,6.983,7.429,6.558,6.191,5.089,5.358,0.000,5.891,4.678,9.196,7.464,7.348,9.882,9.596,9.042,9.383,9.550,9.713,9.962,9.475,8.857,9.373,8.558,8.386,7.873,8.000,9.359,7.171,8.019,5.636,7.104,7.258,8.365,8.743,7.772,7.181,7.718
C40松,9.978,10.465,8.283,7.987,8.831,7.951,8.567,8.295,7.615,8.106,8.443,7.437,6.714,7.095,7.476,6.037,6.763,5.639,6.027,5.891,0.000,4.422,9.116,8.570,8.523,10.842,9.680,9.215,9.567,9.820,9.821,9.877,9.505,9.162,9.378,8.059,7.833,7.329,7.996,9.250,7.562,8.414,6.611,7.483,7.892,8.761,9.659,9.129,8.448,8.409
C42方,8.949,10.734,7.125,7.255,8.417,7.263,7.304,7.234,7.101,7.054,7.338,6.672,6.007,6.245,7.477,5.886,5.408,5.351,5.281,4.678,4.422,0.000,8.576,7.775,7.449,9.499,8.736,8.408,9.169,9.052,9.308,9.513,8.953,8.291,8.847,7.865,6.792,6.591,6.916,9.006,6.729,7.844,5.551,7.210,7.326,7.640,9.016,8.273,7.509,7.859
C39放,9.005,8.472,10.109,7.620,8.886,7.721,7.618,7.876,9.651,9.599,8.274,8.431,8.673,8.243,8.899,9.185,9.393,8.853,8.128,9.196,9.116,8.576,0.000,9.284,9.633,8.779,8.664,7.860,7.957,7.977,8.895,8.660,8.357,7.953,8.227,8.898,8.025,8.411,7.347,7.367,7.354,8.749,7.521,8.237,9.270,9.094,9.300,9.785,8.660,9.105
C17通,8.529,10.168,10.614,9.110,9.694,9.305,8.163,8.741,8.316,9.779,9.790,9.272,7.304,6.941,9.270,8.529,9.328,8.004,8.552,7.464,8.570,7.775,9.284,0.000,6.472,8.145,8.465,7.875,7.741,8.758,7.685,8.632,8.347,7.280,7.950,8.094,8.760,7.973,7.949,8.902,6.779,7.768,6.288,6.240,6.008,8.875,8.297,8.011,7.530,7.902
C18过,8.638,10.920,10.002,9.275,10.086,8.766,8.445,8.471,8.826,9.951,9.881,8.856,8.339,7.861,9.556,9.154,8.478,7.827,8.183,7.348,8.523,7.449,9.633,6.472,0.000,9.009,9.028,8.644,8.910,9.120,8.654,9.581,9.262,8.040,8.661,8.892,8.981,8.766,8.415,9.663,7.436,7.861,6.618,7.712,7.474,8.819,8.531,8.220,7.604,7.880
C13运,9.400,9.612,10.820,10.413,9.375,8.122,8.083,8.169,9.597,10.654,9.613,9.295,9.571,8.861,10.631,10.679,9.594,10.169,9.355,9.882,10.842,9.499,8.779,8.145,9.009,0.000,8.320,7.188,6.459,6.276,7.551,7.929,7.903,6.562,6.899,9.381,8.667,9.146,8.086,9.457,7.692,8.322,7.092,8.062,8.858,9.533,8.106,8.198,7.567,7.560
C36静,7.790,7.963,9.596,8.508,7.780,7.437,6.195,6.391,10.087,9.476,9.959,7.470,8.701,7.181,11.103,9.742,11.055,9.898,9.866,9.596,9.680,8.736,8.664,8.465,9.028,8.320,0.000,4.399,6.764,6.889,6.152,6.594,6.057,6.000,6.047,6.951,6.760,7.060,7.053,7.214,6.565,8.074,7.809,7.463,7.774,7.646,9.482,8.792,8.068,8.697
C37疲,8.234,7.925,9.719,9.000,7.900,7.107,6.300,6.746,9.236,9.639,9.205,7.282,8.498,7.021,10.591,8.837,10.730,9.770,9.361,9.042,9.215,8.408,7.860,7.875,8.644,7.188,4.399,0.000,4.693,5.180,4.773,4.810,4.634,4.076,4.100,6.515,5.692,6.235,5.939,5.931,5.155,7.272,6.781,6.143,6.880,7.882,8.409,7.941,6.890,7.715
C14行,8.256,6.843,10.724,9.462,8.587,7.659,7.582,8.227,7.378,9.234,7.862,8.415,8.939,8.270,10.272,8.782,10.353,9.565,9.310,9.383,9.567,9.169,7.957,7.741,8.910,6.459,6.764,4.693,0.000,4.309,4.435,4.877,5.237,4.914,4.057,7.111,6.447,7.081,6.270,6.314,5.535,6.573,7.102,4.785,6.527,7.774,7.180,7.178,5.843,6.382
C08退,8.818,7.719,10.250,9.444,8.769,7.856,8.369,8.008,7.651,9.078,7.952,8.121,8.747,8.517,10.582,9.666,10.092,9.802,9.198,9.550,9.820,9.052,7.977,8.758,9.120,6.276,6.889,5.180,4.309,0.000,4.035,3.881,3.776,3.882,3.081,6.210,5.473,6.015,5.090,5.893,4.844,5.915,7.146,6.334,7.202,7.195,6.912,6.925,5.924,6.184
C12待,8.519,8.163,10.685,9.622,9.103,8.605,8.456,8.397,8.017,9.518,8.863,8.239,8.421,8.099,10.939,9.558,10.999,10.244,10.032,9.713,9.821,9.308,8.895,7.685,8.654,7.551,6.152,4.773,4.435,4.035,0.000,2.996,3.375,3.512,2.568,5.099,5.619,5.299,5.210,5.630,4.723,6.118,7.467,5.618,6.422,7.085,7.503,7.393,6.297,6.392
C06进,9.252,8.296,10.930,10.117,9.354,8.640,8.796,8.471,8.249,9.802,8.961,8.687,8.499,8.347,11.251,9.818,11.351,10.561,10.322,9.962,9.877,9.513,8.660,8.632,9.581,7.929,6.594,4.810,4.877,3.881,2.996,0.000,2.407,3.588,2.719,4.676,5.398,4.870,4.506,4.743,4.675,6.776,8.109,6.497,7.339,7.413,7.990,8.197,7.046,6.719
C07后,9.210,8.554,10.570,9.726,9.206,8.512,8.660,7.973,8.204,9.550,9.047,8.156,8.142,7.826,11.077,9.729,10.844,10.173,9.839,9.475,9.505,8.953,8.357,8.347,9.262,7.903,6.057,4.634,5.237,3.776,3.375,2.407,0.000,2.910,2.563,4.084,5.321,4.603,4.234,4.218,3.614,6.574,7.510,6.402,6.784,6.825,7.882,7.506,6.267,6.442
C10发,8.515,8.604,10.098,9.382,8.435,7.736,7.758,7.438,8.409,9.926,9.357,7.822,7.995,7.321,10.299,9.383,10.222,9.540,9.247,8.857,9.162,8.291,7.953,7.280,8.040,6.562,6.000,4.076,4.914,3.882,3.512,3.588,2.910,0.000,2.482,5.180,5.634,5.283,4.875,5.396,3.480,6.423,6.480,6.267,6.804,7.380,7.597,7.586,6.148,6.529
C11等,8.672,7.783,10.047,9.264,8.506,7.967,8.024,7.705,7.761,9.126,8.472,7.995,8.063,7.648,10.439,9.506,10.549,9.907,9.439,9.373,9.378,8.847,8.227,7.950,8.661,6.899,6.047,4.100,4.057,3.081,2.568,2.719,2.563,2.482,0.000,5.310,5.241,5.080,4.639,5.203,4.208,5.891,6.984,5.856,6.647,6.666,7.137,7.221,5.759,5.945
C01开,9.270,9.437,10.182,9.158,8.942,8.273,8.596,7.839,7.806,8.911,8.917,7.662,7.248,7.270,10.287,8.765,9.966,9.155,9.073,8.558,8.059,7.865,8.898,8.094,8.892,9.381,6.951,6.515,7.111,6.210,5.099,4.676,4.084,5.180,5.310,0.000,5.550,4.077,4.453,4.792,4.406,7.381,7.855,6.817,7.066,6.947,8.822,7.890,6.946,6.979
C04止,8.570,8.677,8.265,7.097,7.713,6.963,7.432,6.941,7.182,6.933,6.955,6.899,7.108,7.309,9.151,7.710,9.194,9.023,8.138,8.386,7.833,6.792,8.025,8.760,8.981,8.667,6.760,5.692,6.447,5.473,5.619,5.398,5.321,5.634,5.241,5.550,0.000,3.194,3.497,5.250,4.846,5.660,6.909,5.758,6.857,6.842,8.120,8.370,7.161,7.581
C02始,9.019,9.088,8.549,7.737,8.434,7.992,8.263,7.402,6.825,7.237,7.572,7.354,6.120,6.809,9.116,7.896,9.081,8.598,8.125,7.873,7.329,6.591,8.411,7.973,8.766,9.146,7.060,6.235,7.081,6.015,5.299,4.870,4.603,5.283,5.080,4.077,3.194,0.000,2.926,5.093,4.287,5.957,6.995,6.046,6.559,6.395,8.122,8.077,6.995,6.960
C03停,8.940,8.982,9.071,8.072,8.424,7.680,8.007,7.348,6.762,7.513,7.106,7.593,6.574,6.947,9.390,8.194,8.929,8.800,8.153,8.000,7.996,6.916,7.347,7.949,8.415,8.086,7.053,5.939,6.270,5.090,5.210,4.506,4.234,4.875,4.639,4.453,3.497,2.926,0.000,4.019,3.694,5.707,6.720,5.916,6.501,6.250,7.579,7.661,6.325,6.511
C05前,10.130,9.179,10.821,9.118,9.188,8.497,8.572,7.999,8.598,9.348,8.884,8.044,7.984,7.716,10.385,9.223,11.073,10.057,9.488,9.359,9.250,9.006,7.367,8.902,9.663,9.457,7.214,5.931,6.314,5.893,5.630,4.743,4.218,5.396,5.203,4.792,5.250,5.093,4.019,0.000,4.027,7.124,8.069,6.577,7.439,7.720,8.896,8.447,7.215,7.890
C09出,8.871,9.177,9.374,8.496,8.521,7.510,7.750,7.047,7.129,8.771,8.332,6.897,6.729,6.487,9.155,7.813,8.908,8.122,7.847,7.171,7.562,6.729,7.354,6.779,7.436,7.692,6.565,5.155,5.535,4.844,4.723,4.675,3.614,3.480,4.208,4.406,4.846,4.287,3.694,4.027,0.000,5.679,5.639,5.130,5.628,6.714,7.391,6.867,5.540,6.061
C19完,8.731,8.618,9.328,7.565,9.311,8.446,8.840,8.309,5.685,7.532,7.425,7.711,7.483,8.212,9.223,8.183,8.752,8.376,7.890,8.019,8.414,7.844,8.749,7.768,7.861,8.322,8.074,7.272,6.573,5.915,6.118,6.776,6.574,6.423,5.891,7.381,5.660,5.957,5.707,7.124,5.679,0.000,5.913,4.989,5.638,5.897,6.048,7.000,5.877,6.584
C46边,8.235,9.130,8.329,7.612,8.618,7.467,7.281,7.255,7.336,8.193,7.707,6.290,6.332,6.260,7.830,7.224,6.295,6.347,5.639,5.636,6.611,5.551,7.521,6.288,6.618,7.092,7.809,6.781,7.102,7.146,7.467,8.109,7.510,6.480,6.984,7.855,6.909,6.995,6.720,8.069,5.639,5.913,0.000,5.055,5.382,7.436,6.281,6.375,5.634,6.597
C15返,8.253,8.072,9.622,7.964,8.797,8.142,7.793,8.327,5.927,7.668,6.936,7.325,7.180,7.267,8.738,6.788,8.721,7.762,7.597,7.104,7.483,7.210,8.237,6.240,7.712,8.062,7.463,6.143,4.785,6.334,5.618,6.497,6.402,6.267,5.856,6.817,5.758,6.046,5.916,6.577,5.130,4.989,5.055,0.000,3.581,6.986,6.309,6.186,5.369,6.104
C16回,8.801,9.499,9.918,8.719,9.780,9.311,8.703,8.848,6.796,8.314,7.914,7.888,7.408,7.566,9.969,8.305,8.843,8.298,8.248,7.258,7.892,7.326,9.270,6.008,7.474,8.858,7.774,6.880,6.527,7.202,6.422,7.339,6.784,6.804,6.647,7.066,6.857,6.559,6.501,7.439,5.628,5.638,5.382,3.581,0.000,7.019,6.349,6.058,5.556,6.116
C25生,7.872,8.710,8.354,7.356,9.137,8.798,8.351,8.160,5.662,6.114,6.364,8.306,7.879,8.408,10.038,8.776,8.996,8.816,8.600,8.365,8.761,7.640,9.094,8.875,8.819,9.533,7.646,7.882,7.774,7.195,7.085,7.413,6.825,7.380,6.666,6.947,6.842,6.395,6.250,7.720,6.714,5.897,7.436,6.986,7.019,0.000,6.590,6.301,5.383,5.775
C21开,9.018,9.331,8.882,9.004,9.969,10.058,9.706,9.216,6.495,8.266,7.057,9.051,8.384,9.023,9.796,9.763,8.949,9.389,8.879,8.743,9.659,9.016,9.300,8.297,8.531,8.106,9.482,8.409,7.180,6.912,7.503,7.990,7.882,7.597,7.137,8.822,8.120,8.122,7.579,8.896,7.391,6.048,6.281,6.309,6.349,6.590,0.000,5.973,5.481,5.600
C23难,9.646,9.811,9.847,9.464,9.720,9.433,8.851,8.805,6.927,8.046,7.399,8.040,7.991,8.100,10.045,9.182,8.545,8.657,8.279,7.772,9.129,8.273,9.785,8.011,8.220,8.198,8.792,7.941,7.178,6.925,7.393,8.197,7.506,7.586,7.221,7.890,8.370,8.077,7.661,8.447,6.867,7.000,6.375,6.186,6.058,6.301,5.973,0.000,4.061,5.347
C22心,9.229,8.995,9.221,8.759,8.928,8.309,8.088,7.750,5.743,7.390,6.600,7.466,7.400,7.461,9.154,8.449,7.834,8.047,7.410,7.181,8.448,7.509,8.660,7.530,7.604,7.567,8.068,6.890,5.843,5.924,6.297,7.046,6.267,6.148,5.759,6.946,7.161,6.995,6.325,7.215,5.540,5.877,5.634,5.369,5.556,5.383,5.481,4.061,0.000,3.880
C24过,9.526,9.268,9.433,9.407,9.476,8.858,8.668,8.180,5.559,7.832,6.689,8.167,7.287,8.029,9.331,8.992,8.247,8.324,8.062,7.718,8.409,7.859,9.105,7.902,7.880,7.560,8.697,7.715,6.382,6.184,6.392,6.719,6.442,6.529,5.945,6.979,7.581,6.960,6.511,7.890,6.061,6.584,6.597,6.104,6.116,5.775,5.600,5.347,3.880,0.000
