cls,C11,C49,C17,C50,C23,C24,C38,C08,C03,C04,C09,C10,C07,C05,C06,C01,C02,C25,C48,C16,C19,C22,C20,C21,C13,C12,C14,C15,C36,C26,C27,C32,C35,C30,C33,C28,C29,C31,C37,C34,C39,C18,C43,C44,C40,C47,C41,C42,C45,C46
C11等,0.000,9.764,9.266,9.644,9.483,8.822,8.083,7.868,8.524,7.947,7.827,7.763,8.012,8.032,8.097,9.059,8.750,8.861,8.224,8.668,8.656,8.316,8.314,8.337,7.077,7.467,7.677,7.719,7.899,7.570,7.138,7.426,7.733,7.579,7.242,7.737,7.621,7.410,7.282,8.134,7.381,10.255,10.057,10.063,10.482,9.458,10.149,9.011,10.027,9.219
C49前,9.764,0.000,8.092,8.437,6.443,7.439,7.519,8.254,8.956,8.130,7.010,7.255,8.135,7.720,8.062,7.038,7.676,6.446,6.782,6.527,6.426,5.693,6.417,5.944,6.135,6.272,6.596,6.247,5.775,6.879,6.800,6.346,5.523,5.775,6.084,5.648,5.630,5.406,6.368,5.639,6.199,7.532,6.826,6.960,6.890,6.364,6.544,6.297,6.181,5.665
C17通,9.266,8.092,0.000,4.300,5.908,5.543,5.985,7.238,7.638,6.912,5.216,5.665,6.678,6.722,7.193,5.652,5.904,5.098,4.320,4.769,4.936,4.390,4.294,4.389,5.129,5.230,5.640,5.229,5.341,5.350,5.591,5.089,5.186,5.484,5.580,4.810,4.986,4.810,5.702,5.994,5.360,5.875,6.164,5.412,6.642,6.605,5.914,4.675,5.207,4.922
C50面,9.644,8.437,4.300,0.000,6.678,7.053,7.202,8.425,8.693,8.102,6.758,7.058,7.981,7.841,8.165,6.787,7.376,6.350,4.931,6.462,6.720,5.824,6.452,6.235,5.922,6.300,6.539,6.314,5.850,6.515,6.584,5.957,5.711,6.371,6.158,5.716,5.967,5.454,6.201,6.004,5.862,7.207,6.827,6.623,7.128,6.811,6.643,5.883,6.418,5.692
C23难,9.483,6.443,5.908,6.678,0.000,6.228,7.331,7.100,7.784,7.319,5.507,5.988,6.464,6.455,6.687,6.047,6.562,5.406,5.670,4.884,5.207,3.780,4.907,4.020,5.267,5.028,5.630,5.072,5.072,6.242,6.227,5.968,5.523,5.362,6.098,5.308,5.382,5.028,6.290,6.703,6.711,7.280,7.372,6.336,7.964,7.470,7.338,6.346,6.448,5.281
C24过,8.822,7.439,5.543,7.053,6.228,0.000,4.653,6.559,7.294,6.256,5.755,6.017,6.514,6.792,7.194,5.696,6.013,5.057,5.088,5.761,5.275,4.609,4.763,4.813,5.662,5.627,6.648,6.239,6.005,5.712,5.690,5.310,5.976,5.907,5.892,5.586,5.509,5.372,6.328,6.343,6.134,7.241,7.428,6.669,7.930,7.243,7.267,5.800,6.351,6.018
C38劳,8.083,7.519,5.985,7.202,7.331,4.653,0.000,6.035,6.537,5.224,5.506,5.536,6.474,6.836,7.232,5.445,5.256,4.843,4.157,6.428,5.814,5.468,4.749,5.214,4.841,5.721,6.195,6.140,5.886,4.173,4.196,3.563,4.341,5.555,4.670,4.688,4.492,4.673,5.140,4.557,4.292,7.123,6.960,6.788,7.090,6.355,6.385,4.720,6.302,6.261
C08退,7.868,8.254,7.238,8.425,7.100,6.559,6.035,0.000,4.960,3.730,4.306,4.169,4.245,4.076,3.642,7.078,6.052,6.519,6.831,6.091,5.723,5.732,5.324,5.481,4.688,4.538,5.125,4.920,5.454,5.645,5.176,5.952,6.143,5.159,5.710,5.136,5.292,5.381,5.510,6.569,5.956,8.568,8.101,7.988,8.984,8.524,8.272,6.863,8.081,7.321
C03停,8.524,8.956,7.638,8.693,7.784,7.294,6.537,4.960,0.000,2.346,3.626,2.971,2.488,3.383,3.422,5.621,3.900,5.808,6.519,6.955,5.519,6.543,5.509,5.964,5.432,4.970,5.726,6.523,6.228,6.042,6.319,6.516,6.319,6.698,6.473,5.812,6.141,6.465,5.375,7.002,6.247,8.585,8.552,8.113,8.911,8.749,8.088,6.580,8.212,7.310
C04止,7.947,8.130,6.912,8.102,7.319,6.256,5.224,3.730,2.346,0.000,3.249,2.777,2.793,2.992,3.315,5.479,3.948,5.348,5.934,6.162,4.995,5.821,4.845,5.265,4.363,4.091,4.812,5.281,5.233,4.956,5.082,5.380,5.445,5.460,5.277,4.686,4.888,5.286,4.687,5.997,5.201,7.975,7.746,7.548,8.283,8.059,7.570,5.975,7.586,6.817
C09出,7.827,7.010,5.216,6.758,5.507,5.755,5.506,4.306,3.626,3.249,0.000,1.371,2.395,2.871,3.266,4.315,3.413,4.202,4.845,4.377,3.429,4.080,3.138,3.394,3.372,2.992,3.800,3.882,4.089,4.474,4.551,4.606,4.519,4.627,4.752,3.619,4.160,4.229,3.895,5.468,4.431,6.561,6.491,5.847,7.004,6.772,6.103,4.454,6.046,4.729
C10发,7.763,7.255,5.665,7.058,5.988,6.017,5.536,4.169,2.971,2.777,1.371,0.000,2.004,2.599,3.033,4.593,3.330,4.387,5.073,4.944,3.762,4.570,3.563,3.849,3.628,3.238,3.958,4.375,4.262,4.677,4.794,4.786,4.570,4.830,4.739,3.752,4.288,4.411,3.906,5.493,4.602,6.881,6.858,6.263,7.331,7.125,6.534,4.844,6.377,5.214
C07后,8.012,8.135,6.678,7.981,6.464,6.514,6.474,4.245,2.488,2.793,2.395,2.004,0.000,2.018,2.265,5.200,3.821,5.151,6.013,5.577,4.552,5.248,4.419,4.674,4.618,3.850,4.481,5.115,5.056,5.511,5.529,5.811,5.666,5.581,5.712,5.009,5.365,5.521,4.719,6.704,5.718,7.975,7.957,7.304,8.529,8.106,7.679,6.177,7.472,6.252
C05前,8.032,7.720,6.722,7.841,6.455,6.792,6.836,4.076,3.383,2.992,2.871,2.599,2.018,0.000,1.829,5.863,4.756,5.784,6.403,5.395,4.427,5.144,4.638,4.619,4.466,3.650,4.091,4.570,4.773,5.708,5.565,5.763,5.508,4.931,5.379,4.786,5.029,5.169,4.688,6.318,5.532,7.850,7.709,7.296,8.397,7.922,7.773,6.386,7.320,6.109
C06进,8.097,8.062,7.193,8.165,6.687,7.194,7.232,3.642,3.422,3.315,3.266,3.033,2.265,1.829,0.000,6.499,5.309,6.050,6.783,5.797,5.047,5.454,5.137,5.186,4.576,3.692,4.120,4.786,5.014,5.849,5.652,6.318,6.075,5.181,5.736,5.136,5.383,5.492,5.055,6.852,5.991,8.469,8.166,7.853,9.006,8.553,8.272,6.903,8.053,6.865
C01开,9.059,7.038,5.652,6.787,6.047,5.696,5.445,7.078,5.621,5.479,4.315,4.593,5.200,5.863,6.499,0.000,2.305,3.304,3.740,5.836,4.463,4.793,3.806,4.333,5.454,5.357,6.179,6.312,5.648,5.242,5.787,5.148,4.695,6.185,5.611,4.969,5.235,5.457,5.265,5.541,5.274,6.596,6.780,5.865,6.316,6.460,5.706,4.373,5.637,4.872
C02始,8.750,7.676,5.904,7.376,6.562,6.013,5.256,6.052,3.900,3.948,3.413,3.330,3.821,4.756,5.309,2.305,0.000,3.541,4.316,5.833,4.343,5.193,3.716,4.465,5.131,4.842,5.590,6.062,5.536,4.939,5.515,5.227,4.853,6.025,5.533,4.812,5.075,5.492,4.986,5.793,5.243,6.968,7.118,6.350,7.099,7.182,6.267,4.739,6.331,5.628
C25生,8.861,6.446,5.098,6.350,5.406,5.057,4.843,6.519,5.808,5.348,4.202,4.387,5.151,5.784,6.050,3.304,3.541,0.000,3.362,5.194,4.332,3.735,3.707,3.958,4.427,4.258,4.750,5.300,4.573,4.220,4.751,4.484,4.108,5.065,4.661,4.099,4.264,4.356,4.674,5.150,4.746,6.498,6.673,5.857,6.711,6.385,6.003,4.468,5.799,4.976
C48边,8.224,6.782,4.320,4.931,5.670,5.088,4.157,6.831,6.519,5.934,4.845,5.073,6.013,6.403,6.783,3.740,4.316,3.362,0.000,5.495,4.836,3.904,4.019,4.136,4.584,4.889,5.476,5.595,5.096,4.166,4.479,3.362,3.254,4.861,4.315,4.174,4.049,3.895,4.691,4.209,4.119,6.329,6.387,5.718,6.377,5.705,5.753,4.202,5.466,4.669
C16回,8.668,6.527,4.769,6.462,4.884,5.761,6.428,6.091,6.955,6.162,4.377,4.944,5.577,5.395,5.797,5.836,5.833,5.194,5.495,0.000,3.994,3.772,3.760,3.538,4.569,3.987,4.475,3.656,4.239,5.237,5.170,5.241,5.184,4.575,5.229,4.462,4.551,4.460,5.394,6.214,5.636,6.470,6.568,6.353,7.289,7.025,6.622,5.481,5.827,4.921
C19完,8.656,6.426,4.936,6.720,5.207,5.275,5.814,5.723,5.519,4.995,3.429,3.762,4.552,4.427,5.047,4.463,4.343,4.332,4.836,3.994,0.000,3.772,2.834,2.975,4.336,3.796,4.497,4.471,4.311,4.918,4.993,4.786,4.764,4.774,4.872,3.908,4.222,4.402,4.794,5.321,5.022,6.043,6.101,5.583,6.494,6.513,5.923,4.441,5.178,4.344
C22心,8.316,5.693,4.390,5.824,3.780,4.609,5.468,5.732,6.543,5.821,4.080,4.570,5.248,5.144,5.454,4.793,5.193,3.735,3.904,3.772,3.772,0.000,2.892,2.241,3.799,3.633,4.207,3.880,4.041,4.372,4.322,3.948,3.792,3.206,4.179,3.642,3.331,3.123,4.754,4.885,4.712,6.310,6.310,5.389,6.894,6.128,6.319,4.770,5.246,4.300
C20成,8.314,6.417,4.294,6.452,4.907,4.763,4.749,5.324,5.509,4.845,3.138,3.563,4.419,4.638,5.137,3.806,3.716,3.707,4.019,3.760,2.834,2.892,0.000,1.924,3.992,3.803,4.509,4.220,4.172,4.043,4.099,4.008,4.016,4.199,4.355,3.418,3.526,3.811,4.655,5.096,4.579,5.896,5.910,5.104,6.495,6.323,5.654,3.812,4.798,4.528
C21开,8.337,5.944,4.389,6.235,4.020,4.813,5.214,5.481,5.964,5.265,3.394,3.849,4.674,4.619,5.186,4.333,4.465,3.958,4.136,3.538,2.975,2.241,1.924,0.000,3.805,3.676,4.257,3.833,3.871,4.319,4.336,3.915,3.638,3.837,4.335,3.346,3.397,3.429,4.629,4.831,4.639,5.959,5.881,5.039,6.507,5.949,5.711,4.125,4.776,3.952
C13运,7.077,6.135,5.129,5.922,5.267,5.662,4.841,4.688,5.432,4.363,3.372,3.628,4.618,4.466,4.576,5.454,5.131,4.427,4.584,4.569,4.336,3.799,3.992,3.805,0.000,2.608,2.672,2.932,3.013,3.204,2.904,3.626,3.615,3.310,3.152,2.418,2.691,2.476,3.046,4.238,3.074,6.983,6.048,6.055,6.736,6.126,5.999,4.460,5.975,5.108
C12待,7.467,6.272,5.230,6.300,5.028,5.627,5.721,4.538,4.970,4.091,2.992,3.238,3.850,3.650,3.692,5.357,4.842,4.258,4.889,3.987,3.796,3.633,3.803,3.676,2.608,0.000,2.368,2.548,2.493,3.666,3.642,4.444,4.266,3.466,3.619,2.792,3.183,3.052,3.825,5.342,4.509,6.926,6.765,6.577,7.571,7.224,6.947,5.389,6.763,5.473
C14行,7.677,6.596,5.640,6.539,5.630,6.648,6.195,5.125,5.726,4.812,3.800,3.958,4.481,4.091,4.120,6.179,5.590,4.750,5.476,4.475,4.497,4.207,4.509,4.257,2.672,2.368,0.000,2.603,2.756,3.745,3.469,4.521,4.323,3.374,3.567,3.131,3.239,3.242,3.738,5.342,4.232,7.339,6.858,6.843,7.694,7.101,7.175,5.792,6.953,5.856
C15返,7.719,6.247,5.229,6.314,5.072,6.239,6.140,4.920,6.523,5.281,3.882,4.375,5.115,4.570,4.786,6.312,6.062,5.300,5.595,3.656,4.471,3.880,4.220,3.833,2.932,2.548,2.603,0.000,2.570,4.092,3.711,4.373,4.440,3.116,3.848,3.048,3.173,3.073,4.430,5.542,4.653,6.925,6.421,6.364,7.399,7.055,6.881,5.613,6.508,5.470
C36静,7.899,5.775,5.341,5.850,5.072,6.005,5.886,5.454,6.228,5.233,4.089,4.262,5.056,4.773,5.014,5.648,5.536,4.573,5.096,4.239,4.311,4.041,4.172,3.871,3.013,2.493,2.756,2.570,0.000,3.754,3.725,4.322,3.894,3.606,3.414,2.383,3.003,2.827,3.912,5.072,4.528,6.902,6.310,6.266,7.065,6.910,6.555,5.287,6.271,5.317
C26气,7.570,6.879,5.350,6.515,6.242,5.712,4.173,5.645,6.042,4.956,4.474,4.677,5.511,5.708,5.849,5.242,4.939,4.220,4.166,5.237,4.918,4.372,4.043,4.319,3.204,3.666,3.745,4.092,3.754,0.000,2.425,3.390,3.738,3.934,3.104,2.980,2.794,3.098,4.156,4.651,3.592,7.130,6.701,6.698,7.250,6.757,6.581,4.891,6.652,6.248
C27满,7.138,6.800,5.591,6.584,6.227,5.690,4.196,5.176,6.319,5.082,4.551,4.794,5.529,5.565,5.652,5.787,5.515,4.751,4.479,5.170,4.993,4.322,4.099,4.336,2.904,3.642,3.469,3.711,3.725,2.425,0.000,2.955,3.773,3.359,2.664,2.789,2.654,2.726,4.063,4.492,3.433,7.254,6.665,6.874,7.435,6.619,6.794,5.143,6.791,6.318
C32功,7.426,6.346,5.089,5.957,5.968,5.310,3.563,5.952,6.516,5.380,4.606,4.786,5.811,5.763,6.318,5.148,5.227,4.484,3.362,5.241,4.786,3.948,4.008,3.915,3.626,4.444,4.521,4.373,4.322,3.390,2.955,0.000,2.320,3.606,2.963,3.145,2.860,2.529,4.195,3.372,3.232,6.518,6.252,5.984,6.611,5.590,6.195,4.532,5.707,5.105
C35平,7.733,5.523,5.186,5.711,5.523,5.976,4.341,6.143,6.319,5.445,4.519,4.570,5.666,5.508,6.075,4.695,4.853,4.108,3.254,5.184,4.764,3.792,4.016,3.638,3.615,4.266,4.323,4.440,3.894,3.738,3.773,2.320,0.000,3.472,2.832,2.943,2.677,2.453,3.754,2.678,3.198,6.343,5.903,5.817,6.093,5.329,5.669,4.362,5.309,4.559
C30败,7.579,5.775,5.484,6.371,5.362,5.907,5.555,5.159,6.698,5.460,4.627,4.830,5.581,4.931,5.181,6.185,6.025,5.065,4.861,4.575,4.774,3.206,4.199,3.837,3.310,3.466,3.374,3.116,3.606,3.934,3.359,3.606,3.472,0.000,2.803,3.070,2.070,2.197,4.486,4.313,4.020,7.071,6.547,6.456,7.357,6.694,7.025,5.729,6.357,5.687
C33紧,7.242,6.084,5.580,6.158,6.098,5.892,4.670,5.710,6.473,5.277,4.752,4.739,5.712,5.379,5.736,5.611,5.533,4.661,4.315,5.229,4.872,4.179,4.355,4.335,3.152,3.619,3.567,3.848,3.414,3.104,2.664,2.963,2.832,2.803,0.000,2.653,2.265,2.102,3.893,3.548,3.173,7.073,6.486,6.742,6.874,6.387,6.746,5.218,6.549,5.826
C28意,7.737,5.648,4.810,5.716,5.308,5.586,4.688,5.136,5.812,4.686,3.619,3.752,5.009,4.786,5.136,4.969,4.812,4.099,4.174,4.462,3.908,3.642,3.418,3.346,2.418,2.792,3.131,3.048,2.383,2.980,2.789,3.145,2.943,3.070,2.653,0.000,1.799,1.884,3.437,3.756,3.251,6.263,5.622,5.560,6.195,6.044,5.725,4.095,5.509,4.866
C29失,7.621,5.630,4.986,5.967,5.382,5.509,4.492,5.292,6.141,4.888,4.160,4.288,5.365,5.029,5.383,5.235,5.075,4.264,4.049,4.551,4.222,3.331,3.526,3.397,2.691,3.183,3.239,3.173,3.003,2.794,2.654,2.860,2.677,2.070,2.265,1.799,0.000,1.677,3.903,3.623,3.321,6.576,5.923,5.885,6.534,6.239,6.141,4.563,5.687,5.314
C31成,7.410,5.406,4.810,5.454,5.028,5.372,4.673,5.381,6.465,5.286,4.229,4.411,5.521,5.169,5.492,5.457,5.492,4.356,3.895,4.460,4.402,3.123,3.811,3.429,2.476,3.052,3.242,3.073,2.827,3.098,2.726,2.529,2.453,2.197,2.102,1.884,1.677,0.000,3.677,3.379,3.164,6.462,5.891,5.923,6.616,5.918,6.208,4.632,5.697,4.899
C37疲,7.282,6.368,5.702,6.201,6.290,6.328,5.140,5.510,5.375,4.687,3.895,3.906,4.719,4.688,5.055,5.265,4.986,4.674,4.691,5.394,4.794,4.754,4.655,4.629,3.046,3.825,3.738,4.430,3.912,4.156,4.063,4.195,3.754,4.486,3.893,3.437,3.903,3.677,0.000,4.250,2.933,6.879,5.705,6.281,6.221,5.503,5.666,4.550,5.857,4.811
C34张,8.134,5.639,5.994,6.004,6.703,6.343,4.557,6.569,7.002,5.997,5.468,5.493,6.704,6.318,6.852,5.541,5.793,5.150,4.209,6.214,5.321,4.885,5.096,4.831,4.238,5.342,5.342,5.542,5.072,4.651,4.492,3.372,2.678,4.313,3.548,3.756,3.623,3.379,4.250,0.000,2.897,6.529,5.609,5.980,5.730,4.642,5.353,4.263,5.223,4.845
C39放,7.381,6.199,5.360,5.862,6.711,6.134,4.292,5.956,6.247,5.201,4.431,4.602,5.718,5.532,5.991,5.274,5.243,4.746,4.119,5.636,5.022,4.712,4.579,4.639,3.074,4.509,4.232,4.653,4.528,3.592,3.433,3.232,3.198,4.020,3.173,3.251,3.321,3.164,2.933,2.897,0.000,6.662,5.522,5.912,5.582,4.558,4.957,3.726,5.397,4.702
C18过,10.255,7.532,5.875,7.207,7.280,7.241,7.123,8.568,8.585,7.975,6.561,6.881,7.975,7.850,8.469,6.596,6.968,6.498,6.329,6.470,6.043,6.310,5.896,5.959,6.983,6.926,7.339,6.925,6.902,7.130,7.254,6.518,6.343,7.071,7.073,6.263,6.576,6.462,6.879,6.529,6.662,0.000,6.518,6.071,6.714,6.658,6.160,5.502,5.546,5.873
C43下,10.057,6.826,6.164,6.827,7.372,7.428,6.960,8.101,8.552,7.746,6.491,6.858,7.957,7.709,8.166,6.780,7.118,6.673,6.387,6.568,6.101,6.310,5.910,5.881,6.048,6.765,6.858,6.421,6.310,6.701,6.665,6.252,5.903,6.547,6.486,5.622,5.923,5.891,5.705,5.609,5.522,6.518,0.000,5.757,5.334,5.658,4.671,4.699,4.973,5.330
C44方,10.063,6.960,5.412,6.623,6.336,6.669,6.788,7.988,8.113,7.548,5.847,6.263,7.304,7.296,7.853,5.865,6.350,5.857,5.718,6.353,5.583,5.389,5.104,5.039,6.055,6.577,6.843,6.364,6.266,6.698,6.874,5.984,5.817,6.456,6.742,5.560,5.885,5.923,6.281,5.980,5.912,6.071,5.757,0.000,5.885,5.847,5.034,4.451,4.236,4.599
C40松,10.482,6.890,6.642,7.128,7.964,7.930,7.090,8.984,8.911,8.283,7.004,7.331,8.529,8.397,9.006,6.316,7.099,6.711,6.377,7.289,6.494,6.894,6.495,6.507,6.736,7.571,7.694,7.399,7.065,7.250,7.435,6.611,6.093,7.357,6.874,6.195,6.534,6.616,6.221,5.730,5.582,6.714,5.334,5.885,0.000,4.616,3.686,4.411,4.595,4.881
C47右,9.458,6.364,6.605,6.811,7.470,7.243,6.355,8.524,8.749,8.059,6.772,7.125,8.106,7.922,8.553,6.460,7.182,6.385,5.705,7.025,6.513,6.128,6.323,5.949,6.126,7.224,7.101,7.055,6.910,6.757,6.619,5.590,5.329,6.694,6.387,6.044,6.239,5.918,5.503,4.642,4.558,6.658,5.658,5.847,4.616,0.000,4.093,4.368,4.561,4.297
C41上,10.149,6.544,5.914,6.643,7.338,7.267,6.385,8.272,8.088,7.570,6.103,6.534,7.679,7.773,8.272,5.706,6.267,6.003,5.753,6.622,5.923,6.319,5.654,5.711,5.999,6.947,7.175,6.881,6.555,6.581,6.794,6.195,5.669,7.025,6.746,5.725,6.141,6.208,5.666,5.353,4.957,6.160,4.671,5.034,3.686,4.093,0.000,2.876,3.753,4.218
C42方,9.011,6.297,4.675,5.883,6.346,5.800,4.720,6.863,6.580,5.975,4.454,4.844,6.177,6.386,6.903,4.373,4.739,4.468,4.202,5.481,4.441,4.770,3.812,4.125,4.460,5.389,5.792,5.613,5.287,4.891,5.143,4.532,4.362,5.729,5.218,4.095,4.563,4.632,4.550,4.263,3.726,5.502,4.699,4.451,4.411,4.368,2.876,0.000,3.597,3.677
C45左,10.027,6.181,5.207,6.418,6.448,6.351,6.302,8.081,8.212,7.586,6.046,6.377,7.472,7.320,8.053,5.637,6.331,5.799,5.466,5.827,5.178,5.246,4.798,4.776,5.975,6.763,6.953,6.508,6.271,6.652,6.791,5.707,5.309,6.357,6.549,5.509,5.687,5.697,5.857,5.223,5.397,5.546,4.973,4.236,4.595,4.561,3.753,3.597,0.000,3.635
C46边,9.219,5.665,4.922,5.692,5.281,6.018,6.261,7.321,7.310,6.817,4.729,5.214,6.252,6.109,6.865,4.872,5.628,4.976,4.669,4.921,4.344,4.300,4.528,3.952,5.108,5.473,5.856,5.470,5.317,6.248,6.318,5.105,4.559,5.687,5.826,4.866,5.314,4.899,4.811,4.845,4.702,5.873,5.330,4.599,4.881,4.297,4.218,3.677,3.635,0.000
