cls,C37,C39,C42,C17,C18,C48,C49,C34,C35,C46,C50,C38,C31,C32,C33,C28,C30,C29,C36,C23,C12,C24,C26,C10,C13,C08,C01,C02,C04,C05,C06,C25,C19,C20,C07,C11,C16,C14,C15,C27,C21,C22,C03,C09,C44,C40,C45,C47,C41,C43
C37疲,0.000,4.070,4.793,5.534,6.338,4.759,5.012,6.070,5.351,5.866,5.383,6.414,5.797,6.181,6.311,4.445,5.944,5.782,4.217,5.778,5.585,5.503,6.892,6.499,5.911,5.424,5.553,5.387,5.347,5.859,5.397,6.404,7.020,7.382,7.056,6.430,5.637,6.026,6.249,5.350,5.848,5.719,10.793,8.483,6.477,7.354,6.702,7.892,10.883,11.161
C39放,4.070,0.000,3.810,5.121,5.825,5.104,5.493,5.437,4.903,5.664,4.938,6.601,5.764,5.964,6.335,4.609,6.742,6.556,5.585,7.182,6.570,6.981,8.207,6.892,5.883,6.464,6.813,6.631,6.542,6.899,6.825,7.544,8.057,8.778,8.274,7.608,6.850,7.019,7.623,6.788,7.101,7.137,11.245,8.595,5.750,6.444,5.458,7.095,10.243,10.542
C42方,4.793,3.810,0.000,4.796,5.647,5.589,6.165,6.544,6.094,6.536,5.976,7.729,7.127,7.164,7.654,6.134,8.113,7.898,6.478,7.106,7.495,7.119,8.855,8.180,6.655,6.765,7.484,6.961,7.374,7.708,7.246,8.679,9.033,9.746,9.068,8.667,7.396,7.984,8.369,7.659,7.894,7.794,9.769,7.160,4.260,4.905,4.351,5.603,8.454,9.072
C17通,5.534,5.121,4.796,0.000,4.933,6.602,6.256,6.851,6.680,7.384,7.227,8.372,7.292,7.526,7.545,5.929,8.194,7.761,6.827,6.881,6.048,6.642,8.785,7.060,5.844,5.906,6.741,6.023,6.504,6.627,6.527,8.365,8.346,9.185,8.406,7.550,6.783,6.863,7.451,7.502,7.323,7.362,9.324,6.479,5.964,6.655,6.063,6.964,9.793,9.840
C18过,6.338,5.825,5.647,4.933,0.000,6.051,6.220,6.340,6.118,6.709,6.365,7.518,6.963,6.897,7.361,5.773,8.129,7.240,6.885,6.924,6.777,6.992,8.301,6.678,6.373,5.795,6.629,6.609,6.454,6.481,6.349,7.908,7.579,8.726,7.733,7.377,7.046,7.177,7.740,7.510,6.878,7.280,10.831,8.286,6.951,7.885,7.382,8.475,11.240,11.671
C48边,4.759,5.104,5.589,6.602,6.051,0.000,4.559,5.609,4.232,4.661,3.955,5.436,4.978,4.950,5.756,4.089,5.240,5.089,4.937,5.592,6.155,6.404,6.071,6.206,6.331,4.803,5.176,5.409,5.242,5.155,4.818,5.975,6.098,6.872,6.194,5.911,5.955,5.886,6.262,5.415,4.991,5.221,11.619,9.084,7.357,8.531,7.534,8.760,11.929,12.389
C49前,5.012,5.493,6.165,6.256,6.220,4.559,0.000,4.111,4.587,4.335,4.617,5.006,4.649,4.735,4.837,4.234,4.685,4.708,4.383,6.392,6.867,7.066,6.222,5.684,5.954,5.589,5.313,6.137,5.626,5.200,5.369,5.465,5.968,6.492,5.805,5.704,5.818,6.125,5.943,5.812,5.465,5.699,12.992,10.298,8.521,9.292,8.220,9.505,13.152,13.510
C34张,6.070,5.437,6.544,6.851,6.340,5.609,4.111,0.000,3.652,4.251,4.623,4.736,4.438,4.429,4.916,4.588,5.807,4.953,5.223,8.227,8.079,8.528,7.745,6.291,6.235,7.254,6.456,7.407,6.534,6.379,6.869,6.670,7.267,7.979,7.190,6.926,7.465,7.664,7.699,7.444,6.810,7.340,13.849,11.425,8.877,9.660,8.432,9.923,13.598,13.916
C35平,5.351,4.903,6.094,6.680,6.118,4.232,4.587,3.652,0.000,5.037,4.440,4.986,4.597,4.247,5.115,4.169,5.656,4.717,4.971,7.663,7.320,7.512,7.804,6.664,6.739,6.761,6.405,6.860,6.308,6.408,6.733,7.101,7.200,8.399,7.653,7.161,7.426,7.554,7.964,7.289,6.540,7.062,12.702,10.363,7.937,8.604,7.573,8.943,12.349,12.802
C46边,5.866,5.664,6.536,7.384,6.709,4.661,4.335,4.251,5.037,0.000,3.080,4.168,3.740,4.049,5.405,4.373,5.146,5.039,5.029,7.237,7.581,7.714,6.814,5.303,5.207,6.304,6.307,7.556,6.511,5.808,6.077,5.758,6.002,6.743,5.934,5.718,6.305,6.196,6.309,6.210,5.315,5.815,14.466,11.547,9.031,10.221,8.803,10.320,14.083,14.474
C50面,5.383,4.938,5.976,7.227,6.365,3.955,4.617,4.623,4.440,3.080,0.000,4.691,3.936,4.353,4.798,3.975,4.998,4.770,4.705,7.334,7.308,7.925,6.674,5.243,5.396,6.080,5.695,6.782,5.734,5.508,5.890,5.825,5.861,6.872,6.097,5.842,6.286,6.207,6.364,6.221,5.768,6.095,13.833,11.029,8.565,9.608,8.506,10.014,13.320,13.861
C38劳,6.414,6.601,7.729,8.372,7.518,5.436,5.006,4.736,4.986,4.168,4.691,0.000,4.062,3.793,4.430,4.837,4.175,4.267,4.824,7.766,7.802,7.579,6.083,5.570,6.486,6.725,6.466,7.753,6.018,5.891,6.757,5.254,5.774,6.184,5.932,5.867,6.672,6.715,6.693,6.159,5.613,6.004,15.115,12.345,10.242,11.026,9.977,11.584,15.020,15.550
C31成,5.797,5.764,7.127,7.292,6.963,4.978,4.649,4.438,4.597,3.740,3.936,4.062,0.000,2.815,3.981,3.685,4.296,3.828,4.397,7.361,6.979,7.349,6.645,4.956,5.457,6.494,6.307,7.457,6.036,5.667,6.233,5.361,5.678,6.277,6.075,5.320,5.919,5.751,5.824,5.863,5.129,5.407,14.461,11.506,9.609,10.547,9.334,10.801,14.454,14.660
C32功,6.181,5.964,7.164,7.526,6.897,4.950,4.735,4.429,4.247,4.049,4.353,3.793,2.815,0.000,4.120,4.299,4.272,3.939,4.800,7.577,7.347,7.406,6.792,5.695,6.474,6.695,6.672,7.767,6.377,6.202,6.779,5.847,6.083,6.890,6.515,5.924,6.611,6.539,6.672,6.260,5.589,5.845,14.562,11.600,9.533,10.366,9.106,10.490,14.294,14.712
C33紧,6.311,6.335,7.654,7.545,7.361,5.756,4.837,4.916,5.115,5.405,4.798,4.430,3.981,4.120,0.000,4.210,4.208,3.827,4.509,7.576,7.265,7.652,6.340,4.806,6.088,6.359,5.896,7.066,5.406,5.277,6.283,5.274,5.485,5.961,5.836,5.226,6.401,6.143,5.943,6.126,5.873,5.985,14.534,11.635,10.114,10.844,10.042,11.403,14.687,15.106
C28意,4.445,4.609,6.134,5.929,5.773,4.089,4.234,4.588,4.169,4.373,3.975,4.837,3.685,4.299,4.210,0.000,4.731,3.717,3.646,6.019,5.292,6.286,6.280,4.338,5.038,4.830,4.921,5.703,4.590,4.469,4.642,4.900,5.332,6.158,5.596,4.765,5.076,4.949,5.175,4.814,4.599,4.845,12.569,9.872,8.121,9.406,8.442,9.766,12.962,13.291
C30败,5.944,6.742,8.113,8.194,8.129,5.240,4.685,5.807,5.656,5.146,4.998,4.175,4.296,4.272,4.208,4.731,0.000,3.383,3.967,6.802,6.940,7.106,5.044,5.467,6.903,5.968,5.651,6.842,5.525,5.192,5.798,3.761,4.518,4.675,4.896,4.853,5.657,5.452,5.054,4.582,4.517,4.664,14.688,11.900,10.466,11.260,10.038,11.468,15.092,15.427
C29失,5.782,6.556,7.898,7.761,7.240,5.089,4.708,4.953,4.717,5.039,4.770,4.267,3.828,3.939,3.827,3.717,3.383,0.000,3.260,7.248,6.909,7.414,6.005,5.045,6.579,5.879,5.602,6.893,5.294,5.033,5.625,4.044,4.675,5.282,5.177,4.628,5.615,5.500,5.308,5.364,4.937,5.203,14.477,11.812,10.257,11.233,10.183,11.639,14.996,15.282
C36静,4.217,5.585,6.478,6.827,6.885,4.937,4.383,5.223,4.971,5.029,4.705,4.824,4.397,4.800,4.509,3.646,3.967,3.260,0.000,6.609,6.343,6.316,5.941,5.245,6.003,5.433,5.499,6.336,5.136,5.080,5.223,4.259,5.145,5.404,5.478,4.984,5.026,5.258,5.080,4.963,4.886,4.870,13.248,10.635,8.918,9.830,8.951,10.366,13.521,13.845
C23难,5.778,7.182,7.106,6.881,6.924,5.592,6.392,8.227,7.663,7.237,7.334,7.766,7.361,7.577,7.576,6.019,6.802,7.248,6.609,0.000,4.873,4.613,6.604,6.948,6.820,4.149,5.661,5.312,5.671,5.529,4.577,6.741,6.816,6.880,6.617,6.178,4.992,5.040,5.540,4.415,4.387,4.283,10.546,8.280,8.300,9.246,8.727,9.356,12.116,12.561
C12待,5.585,6.570,7.495,6.048,6.777,6.155,6.867,8.079,7.320,7.581,7.308,7.802,6.979,7.347,7.265,5.292,6.940,6.909,6.343,4.873,0.000,4.317,7.064,5.623,5.937,4.150,4.781,4.287,4.398,4.580,4.191,6.534,6.507,6.921,6.254,5.134,4.989,4.636,5.375,4.723,4.988,4.760,10.537,8.198,8.618,9.578,9.048,9.821,12.345,12.588
C24过,5.503,6.981,7.119,6.642,6.992,6.404,7.066,8.528,7.512,7.714,7.925,7.579,7.349,7.406,7.652,6.286,7.106,7.414,6.316,4.613,4.317,0.000,7.306,6.874,6.926,4.843,6.234,5.792,5.749,5.950,5.522,7.179,7.223,7.360,7.036,6.434,5.601,5.844,6.218,5.009,5.278,4.885,10.425,7.968,8.098,8.890,8.460,9.267,11.791,12.188
C26气,6.892,8.207,8.855,8.785,8.301,6.071,6.222,7.745,7.804,6.814,6.674,6.083,6.645,6.792,6.340,6.280,5.044,6.005,5.941,6.604,7.064,7.306,0.000,5.974,7.237,5.557,5.498,6.458,5.306,5.158,5.351,4.831,4.803,4.460,4.630,5.227,6.470,5.668,5.160,5.035,4.595,4.976,14.170,11.481,10.678,11.751,11.155,12.265,15.261,15.978
C10发,6.499,6.892,8.180,7.060,6.678,6.206,5.684,6.291,6.664,5.303,5.243,5.570,4.956,5.695,4.806,4.338,5.467,5.045,5.245,6.948,5.623,6.874,5.974,0.000,4.074,4.559,4.486,5.934,3.863,3.322,4.480,4.704,4.532,4.928,3.854,2.970,5.136,4.197,4.174,5.365,4.670,5.161,14.052,10.931,10.297,11.569,10.677,12.102,15.161,15.401
C13运,5.911,5.883,6.655,5.844,6.373,6.331,5.954,6.235,6.739,5.207,5.396,6.486,5.457,6.474,6.088,5.038,6.903,6.579,6.003,6.820,5.937,6.926,7.237,4.074,0.000,5.421,5.610,6.229,5.244,4.908,5.304,6.598,6.240,6.936,6.148,5.196,5.873,5.255,5.700,6.442,5.789,6.064,12.786,9.881,8.602,9.911,9.059,10.480,13.289,13.496
C08退,5.424,6.464,6.765,5.906,5.795,4.803,5.589,7.254,6.761,6.304,6.080,6.725,6.494,6.695,6.359,4.830,5.968,5.879,5.433,4.149,4.150,4.843,5.557,4.559,5.421,0.000,3.638,3.704,3.456,3.013,2.639,5.148,5.085,5.402,4.215,4.014,4.422,4.102,4.167,4.408,3.932,3.989,10.858,8.015,8.280,9.572,8.857,9.996,12.625,12.992
C01开,5.553,6.813,7.484,6.741,6.629,5.176,5.313,6.456,6.405,6.307,5.695,6.466,6.307,6.672,5.896,4.921,5.651,5.602,5.499,5.661,4.781,6.234,5.498,4.486,5.610,3.638,0.000,2.389,2.419,2.285,2.653,5.278,5.050,5.404,3.859,3.932,5.175,5.097,4.789,4.879,4.778,4.876,11.670,9.466,9.241,10.377,9.649,10.778,13.523,13.901
C02始,5.387,6.631,6.961,6.023,6.609,5.409,6.137,7.407,6.860,7.556,6.782,7.753,7.457,7.767,7.066,5.703,6.842,6.893,6.336,5.312,4.287,5.792,6.458,5.934,6.229,3.704,2.389,0.000,3.138,3.566,3.298,6.596,6.469,6.802,5.612,5.418,5.739,5.757,5.774,5.492,5.640,5.526,9.622,7.731,8.111,9.185,8.637,9.548,11.880,12.228
C04止,5.347,6.542,7.374,6.504,6.454,5.242,5.626,6.534,6.308,6.511,5.734,6.018,6.036,6.377,5.406,4.590,5.525,5.294,5.136,5.671,4.398,5.749,5.306,3.863,5.244,3.456,2.419,3.138,0.000,2.297,3.182,4.941,4.912,5.195,4.155,3.768,4.732,4.630,4.389,4.683,4.645,4.665,11.716,9.305,9.168,10.285,9.657,10.903,13.459,13.862
C05前,5.859,6.899,7.708,6.627,6.481,5.155,5.200,6.379,6.408,5.808,5.508,5.891,5.667,6.202,5.277,4.469,5.192,5.033,5.080,5.529,4.580,5.950,5.158,3.322,4.908,3.013,2.285,3.566,2.297,0.000,2.185,4.341,3.956,4.334,2.857,2.551,4.418,3.894,3.723,4.571,3.955,4.045,12.389,9.841,9.689,10.902,10.112,11.324,14.134,14.474
C06进,5.397,6.825,7.246,6.527,6.349,4.818,5.369,6.869,6.733,6.077,5.890,6.757,6.233,6.779,6.283,4.642,5.798,5.625,5.223,4.577,4.191,5.522,5.351,4.480,5.304,2.639,2.653,3.298,3.182,2.185,0.000,4.759,4.582,4.813,3.572,3.383,4.071,3.946,3.808,4.227,3.850,3.824,11.390,9.075,9.033,10.344,9.665,10.724,13.391,13.711
C25生,6.404,7.544,8.679,8.365,7.908,5.975,5.465,6.670,7.101,5.758,5.825,5.254,5.361,5.847,5.274,4.900,3.761,4.044,4.259,6.741,6.534,7.179,4.831,4.704,6.598,5.148,5.278,6.596,4.941,4.341,4.759,0.000,3.471,3.076,3.397,3.547,4.623,4.475,3.654,4.390,4.292,4.050,14.666,11.971,11.124,12.192,11.091,12.533,15.733,16.092
C19完,7.020,8.057,9.033,8.346,7.579,6.098,5.968,7.267,7.200,6.002,5.861,5.774,5.678,6.083,5.485,5.332,4.518,4.675,5.145,6.816,6.507,7.223,4.803,4.532,6.240,5.085,5.050,6.469,4.912,3.956,4.582,3.471,0.000,3.241,3.195,3.106,5.218,4.633,4.222,5.195,4.191,4.177,14.666,11.965,11.307,12.497,11.522,12.835,15.806,16.323
C20成,7.382,8.778,9.746,9.185,8.726,6.872,6.492,7.979,8.399,6.743,6.872,6.184,6.277,6.890,5.961,6.158,4.675,5.282,5.404,6.880,6.921,7.360,4.460,4.928,6.936,5.402,5.404,6.802,5.195,4.334,4.813,3.076,3.241,0.000,2.891,3.206,5.121,4.607,3.607,4.840,4.407,4.098,15.122,12.404,12.014,13.130,12.240,13.580,16.595,16.909
C07后,7.056,8.274,9.068,8.406,7.733,6.194,5.805,7.190,7.653,5.934,6.097,5.932,6.075,6.515,5.836,5.596,4.896,5.177,5.478,6.617,6.254,7.036,4.630,3.854,6.148,4.215,3.859,5.612,4.155,2.857,3.572,3.397,3.195,2.891,0.000,2.421,4.979,4.644,3.618,4.819,4.185,4.203,14.349,11.605,11.297,12.554,11.571,12.933,15.961,16.329
C11等,6.430,7.608,8.667,7.550,7.377,5.911,5.704,6.926,7.161,5.718,5.842,5.867,5.320,5.924,5.226,4.765,4.853,4.628,4.984,6.178,5.134,6.434,5.227,2.970,5.196,4.014,3.932,5.418,3.768,2.551,3.383,3.547,3.106,3.206,2.421,0.000,4.249,3.390,3.095,4.529,3.798,3.721,13.929,11.064,10.852,12.067,11.115,12.397,15.452,15.689
C16回,5.637,6.850,7.396,6.783,7.046,5.955,5.818,7.465,7.426,6.305,6.286,6.672,5.919,6.611,6.401,5.076,5.657,5.615,5.026,4.992,4.989,5.601,6.470,5.136,5.873,4.422,5.175,5.739,4.732,4.418,4.071,4.623,5.218,5.121,4.979,4.249,0.000,3.455,3.219,4.297,4.353,3.722,12.505,9.977,9.810,10.636,9.949,11.109,13.855,14.144
C14行,6.026,7.019,7.984,6.863,7.177,5.886,6.125,7.664,7.554,6.196,6.207,6.715,5.751,6.539,6.143,4.949,5.452,5.500,5.258,5.040,4.636,5.844,5.668,4.197,5.255,4.102,5.097,5.757,4.630,3.894,3.946,4.475,4.633,4.607,4.644,3.390,3.455,0.000,2.739,4.010,3.707,3.670,13.015,10.117,9.980,11.093,10.315,11.419,14.384,14.544
C15返,6.249,7.623,8.369,7.451,7.740,6.262,5.943,7.699,7.964,6.309,6.364,6.693,5.824,6.672,5.943,5.175,5.054,5.308,5.080,5.540,5.375,6.218,5.160,4.174,5.700,4.167,4.789,5.774,4.389,3.723,3.808,3.654,4.222,3.607,3.618,3.095,3.219,2.739,0.000,3.775,3.809,3.444,13.486,10.625,10.527,11.708,10.883,12.041,15.017,15.188
C27满,5.350,6.788,7.659,7.502,7.510,5.415,5.812,7.444,7.289,6.210,6.221,6.159,5.863,6.260,6.126,4.814,4.582,5.364,4.963,4.415,4.723,5.009,5.035,5.365,6.442,4.408,4.879,5.492,4.683,4.571,4.227,4.390,5.195,4.840,4.819,4.529,4.297,4.010,3.775,0.000,3.720,3.590,12.722,10.154,9.557,10.506,9.652,10.798,13.905,14.274
C21开,5.848,7.101,7.894,7.323,6.878,4.991,5.465,6.810,6.540,5.315,5.768,5.613,5.129,5.589,5.873,4.599,4.517,4.937,4.886,4.387,4.988,5.278,4.595,4.670,5.789,3.932,4.778,5.640,4.645,3.955,3.850,4.292,4.191,4.407,4.185,3.798,4.353,3.707,3.809,3.720,0.000,2.662,13.000,10.277,9.633,10.797,9.848,11.011,14.295,14.705
C22心,5.719,7.137,7.794,7.362,7.280,5.221,5.699,7.340,7.062,5.815,6.095,6.004,5.407,5.845,5.985,4.845,4.664,5.203,4.870,4.283,4.760,4.885,4.976,5.161,6.064,3.989,4.876,5.526,4.665,4.045,3.824,4.050,4.177,4.098,4.203,3.721,3.722,3.670,3.444,3.590,2.662,0.000,12.790,10.114,9.714,10.956,9.952,11.022,14.069,14.489
C03停,10.793,11.245,9.769,9.324,10.831,11.619,12.992,13.849,12.702,14.466,13.833,15.115,14.461,14.562,14.534,12.569,14.688,14.477,13.248,10.546,10.537,10.425,14.170,14.052,12.786,10.858,11.670,9.622,11.716,12.389,11.390,14.666,14.666,15.122,14.349,13.929,12.505,13.015,13.486,12.722,13.000,12.790,0.000,4.739,7.879,8.125,8.957,8.199,6.877,6.885
C09出,8.483,8.595,7.160,6.479,8.286,9.084,10.298,11.425,10.363,11.547,11.029,12.345,11.506,11.600,11.635,9.872,11.900,11.812,10.635,8.280,8.198,7.968,11.481,10.931,9.881,8.015,9.466,7.731,9.305,9.841,9.075,11.971,11.965,12.404,11.605,11.064,9.977,10.117,10.625,10.154,10.277,10.114,4.739,0.000,5.772,6.565,6.914,6.622,7.171,7.124
C44方,6.477,5.750,4.260,5.964,6.951,7.357,8.521,8.877,7.937,9.031,8.565,10.242,9.609,9.533,10.114,8.121,10.466,10.257,8.918,8.300,8.618,8.098,10.678,10.297,8.602,8.280,9.241,8.111,9.168,9.689,9.033,11.124,11.307,12.014,11.297,10.852,9.810,9.980,10.527,9.557,9.633,9.714,7.879,5.772,0.000,3.860,3.952,4.066,6.262,6.888
C40松,7.354,6.444,4.905,6.655,7.885,8.531,9.292,9.660,8.604,10.221,9.608,11.026,10.547,10.366,10.844,9.406,11.260,11.233,9.830,9.246,9.578,8.890,11.751,11.569,9.911,9.572,10.377,9.185,10.285,10.902,10.344,12.192,12.497,13.130,12.554,12.067,10.636,11.093,11.708,10.506,10.797,10.956,8.125,6.565,3.860,0.000,3.724,3.490,5.662,6.175
C45左,6.702,5.458,4.351,6.063,7.382,7.534,8.220,8.432,7.573,8.803,8.506,9.977,9.334,9.106,10.042,8.442,10.038,10.183,8.951,8.727,9.048,8.460,11.155,10.677,9.059,8.857,9.649,8.637,9.657,10.112,9.665,11.091,11.522,12.240,11.571,11.115,9.949,10.315,10.883,9.652,9.848,9.952,8.957,6.914,3.952,3.724,0.000,3.039,6.876,7.137
C47右,7.892,7.095,5.603,6.964,8.475,8.760,9.505,9.923,8.943,10.320,10.014,11.584,10.801,10.490,11.403,9.766,11.468,11.639,10.366,9.356,9.821,9.267,12.265,12.102,10.480,9.996,10.778,9.548,10.903,11.324,10.724,12.533,12.835,13.580,12.933,12.397,11.109,11.419,12.041,10.798,11.011,11.022,8.199,6.622,4.066,3.490,3.039,0.000,5.541,6.109
C41上,10.883,10.243,8.454,9.793,11.240,11.929,13.152,13.598,12.349,14.083,13.320,15.020,14.454,14.294,14.687,12.962,15.092,14.996,13.521,12.116,12.345,11.791,15.261,15.161,13.289,12.625,13.523,11.880,13.459,14.134,13.391,15.733,15.806,16.595,15.961,15.452,13.855,14.384,15.017,13.905,14.295,14.069,6.877,7.171,6.262,5.662,6.876,5.541,0.000,4.655
C43下,11.161,10.542,9.072,9.840,11.671,12.389,13.510,13.916,12.802,14.474,13.861,15.550,14.660,14.712,15.106,13.291,15.427,15.282,13.845,12.561,12.588,12.188,15.978,15.401,13.496,12.992,13.901,12.228,13.862,14.474,13.711,16.092,16.323,16.909,16.329,15.689,14.144,14.544,15.188,14.274,14.705,14.489,6.885,7.124,6.888,6.175,7.137,6.109,4.655,0.000
