cls,C15,C11,C12,C14,C08,C09,C10,C25,C19,C16,C20,C36,C30,C28,C29,C33,C26,C27,C39,C13,C37,C01,C02,C03,C04,C07,C05,C06,C41,C47,C42,C40,C43,C46,C18,C44,C45,C17,C24,C23,C38,C34,C35,C32,C48,C49,C50,C31,C21,C22
C15返,0.000,2.664,2.137,1.796,3.395,3.023,3.336,3.828,3.355,3.037,3.266,2.619,2.931,3.211,3.310,2.448,2.619,3.052,4.401,3.071,3.493,4.670,4.958,5.997,5.341,5.570,5.370,5.958,11.245,12.345,6.589,8.549,7.740,9.063,8.034,9.037,9.646,5.654,6.254,9.449,7.703,8.553,8.084,7.300,7.457,6.938,6.604,4.969,6.838,6.297
C11等,2.664,0.000,1.505,1.362,2.219,2.204,2.150,3.772,4.004,4.088,3.966,3.439,3.714,3.999,4.177,2.806,3.167,3.523,4.391,3.083,2.551,4.350,4.083,4.162,3.819,4.101,4.081,4.623,11.757,12.486,7.149,9.244,8.576,9.305,8.739,9.669,10.234,6.610,6.375,9.805,7.415,8.519,8.003,7.371,7.386,7.459,7.130,5.425,7.220,6.727
C12待,2.137,1.505,0.000,1.150,1.844,1.799,1.744,3.844,3.776,3.853,3.789,3.082,3.678,3.845,4.125,2.903,3.287,3.722,4.698,3.086,2.837,4.091,3.901,4.151,3.756,3.922,3.862,4.367,11.809,12.677,7.173,9.255,8.568,9.362,8.755,9.674,10.265,6.590,6.465,9.728,7.760,8.726,8.173,7.617,7.546,7.393,7.083,5.443,7.197,6.743
C14行,1.796,1.362,1.150,0.000,2.294,2.419,2.398,3.813,3.627,3.680,3.713,2.639,3.095,3.434,3.622,2.366,2.930,3.202,4.251,2.681,2.627,4.779,4.681,4.790,4.409,4.613,4.431,4.944,11.562,12.424,6.921,9.011,8.268,9.189,8.535,9.434,9.981,6.288,6.324,9.534,7.630,8.455,7.989,7.322,7.446,7.145,6.824,5.062,6.938,6.374
C08退,3.395,2.219,1.844,2.294,0.000,1.999,1.699,5.086,4.906,4.936,4.899,4.464,4.944,5.227,5.488,4.180,4.623,5.044,5.813,4.349,3.770,4.531,3.785,3.132,2.670,2.705,2.679,3.006,12.830,13.606,8.300,10.359,9.693,10.332,9.861,10.739,11.301,7.822,7.493,10.781,8.667,9.694,9.159,8.680,8.616,8.569,8.328,6.705,8.274,7.907
C09出,3.023,2.204,1.799,2.419,1.999,0.000,0.945,3.699,3.975,3.965,3.733,4.011,4.648,4.563,4.889,3.769,3.764,4.474,4.974,3.916,3.153,3.295,2.944,3.650,3.241,3.277,3.550,4.268,11.894,12.850,7.142,9.255,8.723,9.457,8.776,9.717,10.309,6.691,6.496,10.256,7.883,9.164,8.635,8.080,7.823,7.897,7.541,6.220,7.564,7.210
C10发,3.336,2.150,1.744,2.398,1.699,0.945,0.000,3.939,4.110,4.376,4.065,3.965,4.669,4.572,4.922,3.799,3.992,4.564,5.000,3.812,3.003,3.688,3.150,3.129,2.998,3.070,3.315,3.955,11.939,12.834,7.290,9.410,8.869,9.478,8.931,9.836,10.415,6.939,6.645,10.168,7.866,9.011,8.480,8.006,7.765,7.874,7.522,6.143,7.547,7.242
C25生,3.828,3.772,3.844,3.813,5.086,3.699,3.939,0.000,2.603,3.005,2.021,3.085,3.341,2.757,2.882,3.036,2.161,2.727,2.947,3.089,2.806,4.581,5.199,6.396,6.438,6.609,6.807,7.627,9.469,10.549,4.601,6.846,6.310,7.206,6.206,7.145,7.714,3.965,3.964,8.012,5.558,7.015,6.486,5.696,5.357,5.727,5.137,4.135,5.101,4.581
C19完,3.355,4.004,3.776,3.627,4.906,3.975,4.110,2.603,0.000,1.816,1.656,2.727,2.733,2.492,2.717,3.331,2.955,2.850,3.118,2.696,2.879,5.186,5.669,6.436,6.480,6.622,6.425,7.372,8.880,9.851,4.350,6.394,5.554,6.291,5.459,6.421,6.878,3.367,3.499,7.103,5.270,6.329,5.855,5.140,5.127,4.743,4.452,3.447,4.199,3.942
C16回,3.037,4.088,3.853,3.680,4.936,3.965,4.376,3.005,1.816,0.000,1.642,3.245,3.159,3.193,3.275,3.534,2.994,3.206,4.000,3.531,3.651,5.276,5.761,6.858,6.605,6.679,6.554,7.463,9.764,10.785,5.134,7.180,6.239,7.202,5.973,7.116,7.566,3.555,3.854,7.968,6.088,7.461,6.932,6.062,6.137,5.714,5.425,4.343,5.116,4.618
C20成,3.266,3.966,3.789,3.713,4.899,3.733,4.065,2.021,1.656,1.642,0.000,3.063,3.067,2.757,2.848,3.123,2.345,2.728,3.484,3.252,3.269,4.709,5.331,6.660,6.507,6.616,6.637,7.521,9.564,10.670,4.692,6.924,6.106,7.167,5.939,6.999,7.460,3.425,3.719,7.959,5.744,7.225,6.707,5.841,5.729,5.677,5.250,4.146,4.925,4.470
C36静,2.619,3.439,3.082,2.639,4.464,4.011,3.965,3.085,2.727,3.245,3.063,0.000,1.876,1.513,1.804,1.961,2.382,2.269,3.161,2.036,2.730,5.750,6.139,6.548,6.499,6.686,6.523,7.142,9.936,11.000,5.368,7.454,6.641,7.718,6.970,7.748,8.274,4.712,5.145,7.841,6.635,7.012,6.607,5.911,6.096,5.487,4.960,3.337,5.231,4.615
C30败,2.931,3.714,3.678,3.095,4.944,4.648,4.669,3.341,2.733,3.159,3.067,1.876,0.000,1.589,1.276,1.975,2.330,1.586,2.866,2.100,3.016,6.086,6.499,7.010,6.901,7.201,6.920,7.585,9.541,10.367,5.206,7.168,6.160,7.195,6.443,7.282,7.847,4.316,4.692,7.272,5.809,6.262,5.837,4.988,5.422,4.931,4.594,2.540,4.694,4.041
C28意,3.211,3.999,3.845,3.434,5.227,4.563,4.572,2.757,2.492,3.193,2.757,1.513,1.589,0.000,0.877,2.245,2.034,1.552,2.282,1.874,2.912,5.921,6.441,7.102,7.111,7.409,7.266,7.942,8.950,10.032,4.324,6.457,5.576,6.808,5.879,6.725,7.325,3.750,4.430,7.106,5.634,6.062,5.722,4.887,5.093,4.628,4.020,2.366,4.395,3.849
C29失,3.310,4.177,4.125,3.622,5.488,4.889,4.922,2.882,2.717,3.275,2.848,1.804,1.276,0.877,0.000,2.116,1.946,1.365,2.509,2.237,3.239,6.162,6.705,7.452,7.390,7.711,7.562,8.236,9.081,10.159,4.554,6.629,5.677,7.007,5.949,6.828,7.413,3.688,4.476,7.183,5.644,6.153,5.782,4.846,5.176,4.782,4.214,2.399,4.467,3.809
C33紧,2.448,2.806,2.903,2.366,4.180,3.769,3.799,3.036,3.331,3.534,3.123,1.961,1.975,2.245,2.116,0.000,1.786,2.017,3.280,2.624,2.704,5.126,5.519,6.351,5.978,6.333,6.210,6.837,10.732,11.675,6.032,8.100,7.316,8.495,7.572,8.548,9.048,5.195,5.604,8.842,6.740,7.494,7.085,6.272,6.520,6.297,5.820,3.936,6.121,5.449
C26气,2.619,3.167,3.287,2.930,4.623,3.764,3.992,2.161,2.955,2.994,2.345,2.382,2.330,2.034,1.946,1.786,0.000,1.376,2.937,2.520,2.964,4.906,5.398,6.608,6.322,6.671,6.740,7.377,9.995,11.143,5.162,7.345,6.563,7.997,6.745,7.769,8.396,4.304,4.925,8.481,6.111,7.315,6.845,5.886,5.947,6.016,5.451,3.823,5.662,5.055
C27满,3.052,3.523,3.722,3.202,5.044,4.474,4.564,2.727,2.850,3.206,2.728,2.269,1.586,1.552,1.365,2.017,1.376,0.000,2.532,2.000,2.964,5.736,6.188,6.966,6.867,7.203,7.124,7.756,9.411,10.362,4.841,6.997,6.048,7.299,6.286,7.187,7.838,4.051,4.525,7.536,5.492,6.415,5.962,4.940,5.227,5.230,4.722,2.792,4.832,4.228
C39放,4.401,4.391,4.698,4.251,5.813,4.974,5.000,2.947,3.118,4.000,3.484,3.161,2.866,2.282,2.509,3.280,2.937,2.532,0.000,2.351,2.759,6.045,6.541,7.085,7.250,7.649,7.497,8.272,7.883,8.876,3.333,5.371,4.805,6.027,5.418,6.045,6.515,3.875,4.348,7.204,4.840,5.242,5.243,4.490,4.485,4.186,3.632,2.873,4.526,4.130
C13运,3.071,3.083,3.086,2.681,4.349,3.916,3.812,3.089,2.696,3.531,3.252,2.036,2.100,1.874,2.237,2.624,2.520,2.000,2.351,0.000,2.188,5.603,5.857,5.969,6.147,6.445,6.249,6.852,9.212,10.088,4.773,6.917,6.106,7.021,6.541,7.210,7.828,4.682,4.819,7.366,5.731,6.176,5.838,5.174,5.246,4.923,4.501,2.931,4.862,4.430
C37疲,3.493,2.551,2.837,2.627,3.770,3.153,3.003,2.806,2.879,3.651,3.269,2.730,3.016,2.912,3.239,2.704,2.964,2.964,2.759,2.188,0.000,4.796,4.902,4.943,5.142,5.424,5.304,6.065,9.913,10.597,5.428,7.483,6.893,7.400,7.094,7.898,8.347,5.280,4.949,8.193,5.831,6.659,6.282,5.790,5.708,5.713,5.317,3.990,5.560,5.184
C01开,4.670,4.350,4.091,4.779,4.531,3.295,3.688,4.581,5.186,5.276,4.709,5.750,6.086,5.921,6.162,5.126,4.906,5.736,6.045,5.603,4.796,0.000,1.665,5.003,4.244,4.524,4.836,5.617,12.042,13.028,7.678,9.310,9.057,9.893,9.200,10.166,10.755,7.449,7.344,11.057,8.125,9.625,9.077,8.703,8.105,8.453,8.182,7.282,8.554,8.442
C02始,4.958,4.083,3.901,4.681,3.785,2.944,3.150,5.199,5.669,5.761,5.331,6.139,6.499,6.441,6.705,5.519,5.398,6.188,6.541,5.857,4.902,1.665,0.000,3.689,2.835,3.211,3.719,4.389,12.740,13.625,8.421,10.136,9.823,10.484,9.888,10.874,11.490,8.197,7.877,11.577,8.519,10.103,9.507,9.172,8.634,9.095,8.866,7.787,9.109,9.023
C03停,5.997,4.162,4.151,4.790,3.132,3.650,3.129,6.396,6.436,6.858,6.660,6.548,7.010,7.102,7.452,6.351,6.608,6.966,7.085,5.969,4.943,5.003,3.689,0.000,1.903,1.993,2.373,2.598,13.302,13.798,9.319,11.153,10.735,10.759,10.783,11.539,12.110,9.332,8.460,11.495,8.959,10.126,9.551,9.426,9.042,9.484,9.342,8.113,9.317,9.261
C04止,5.341,3.819,3.756,4.409,2.670,3.241,2.998,6.438,6.480,6.605,6.507,6.499,6.901,7.111,7.390,5.978,6.322,6.867,7.250,6.147,5.142,4.244,2.835,1.903,0.000,1.266,1.639,1.971,13.864,14.518,9.623,11.431,10.990,11.399,11.090,12.019,12.576,9.381,8.855,12.241,9.481,10.751,10.196,9.920,9.647,9.900,9.753,8.377,9.882,9.714
C07后,5.570,4.101,3.922,4.613,2.705,3.277,3.070,6.609,6.622,6.679,6.616,6.686,7.201,7.409,7.711,6.333,6.671,7.203,7.649,6.445,5.424,4.524,3.211,1.993,1.266,0.000,1.360,1.702,14.208,14.830,9.915,11.799,11.345,11.612,11.386,12.252,12.795,9.606,8.919,12.344,9.880,11.169,10.563,10.283,9.980,10.208,10.056,8.710,9.989,9.793
C05前,5.370,4.081,3.862,4.431,2.679,3.550,3.315,6.807,6.425,6.554,6.637,6.523,6.920,7.266,7.562,6.210,6.740,7.124,7.497,6.249,5.304,4.836,3.719,2.373,1.639,1.360,0.000,1.421,13.965,14.490,9.815,11.585,11.089,11.314,11.225,12.048,12.543,9.521,8.868,12.064,9.774,10.807,10.277,10.050,9.861,9.838,9.788,8.441,9.785,9.611
C06进,5.958,4.623,4.367,4.944,3.006,4.268,3.955,7.627,7.372,7.463,7.521,7.142,7.585,7.942,8.236,6.837,7.377,7.756,8.272,6.852,6.065,5.617,4.389,2.598,1.971,1.702,1.421,0.000,14.822,15.360,10.685,12.500,11.977,12.271,12.179,12.983,13.519,10.437,9.821,12.807,10.639,11.604,11.056,10.845,10.654,10.670,10.595,9.143,10.626,10.420
C41上,11.245,11.757,11.809,11.562,12.830,11.894,11.939,9.469,8.880,9.764,9.564,9.936,9.541,8.950,9.081,10.732,9.995,9.411,7.883,9.212,9.913,12.042,12.740,13.302,13.864,14.208,13.965,14.822,0.000,3.414,5.304,3.398,3.931,4.582,5.097,3.544,3.566,7.240,7.757,6.679,6.727,5.630,6.403,6.555,6.155,5.461,5.682,7.797,6.761,7.480
C47右,12.345,12.486,12.677,12.424,13.606,12.850,12.834,10.549,9.851,10.785,10.670,11.000,10.367,10.032,10.159,11.675,11.143,10.362,8.876,10.088,10.597,13.028,13.625,13.798,14.518,14.830,14.490,15.360,3.414,0.000,6.968,5.520,5.754,4.227,6.287,4.868,4.787,8.588,8.293,6.038,6.615,5.103,5.915,6.450,6.194,5.997,6.484,8.366,7.043,7.918
C42方,6.589,7.149,7.173,6.921,8.300,7.142,7.290,4.601,4.350,5.134,4.692,5.368,5.206,4.324,4.554,6.032,5.162,4.841,3.333,4.773,5.428,7.678,8.421,9.319,9.623,9.915,9.815,10.685,5.304,6.968,0.000,2.845,2.372,4.367,3.279,3.405,3.884,3.031,4.091,6.291,4.664,4.916,5.187,4.537,4.128,3.490,2.913,4.145,4.016,4.113
C40松,8.549,9.244,9.255,9.011,10.359,9.255,9.410,6.846,6.394,7.180,6.924,7.454,7.168,6.457,6.629,8.100,7.345,6.997,5.371,6.917,7.483,9.310,10.136,11.153,11.431,11.799,11.585,12.500,3.398,5.520,2.845,0.000,2.031,4.309,3.778,3.202,3.335,4.932,5.989,6.803,5.659,5.206,5.806,5.563,5.129,4.072,4.036,5.911,5.503,5.918
C43下,7.740,8.576,8.568,8.268,9.693,8.723,8.869,6.310,5.554,6.239,6.106,6.641,6.160,5.576,5.677,7.316,6.563,6.048,4.805,6.106,6.893,9.057,9.823,10.735,10.990,11.345,11.089,11.977,3.931,5.754,2.372,2.031,0.000,3.810,2.671,2.371,2.929,3.823,4.941,5.872,4.869,4.546,5.007,4.527,4.393,3.167,3.110,4.803,4.423,4.818
C46边,9.063,9.305,9.362,9.189,10.332,9.457,9.478,7.206,6.291,7.202,7.167,7.718,7.195,6.808,7.007,8.495,7.997,7.299,6.027,7.021,7.400,9.893,10.484,10.759,11.399,11.612,11.314,12.271,4.582,4.227,4.367,4.309,3.810,0.000,3.412,2.778,3.218,5.297,4.722,3.734,3.909,3.149,3.416,3.706,3.429,3.319,3.553,5.266,3.558,4.578
C18过,8.034,8.739,8.755,8.535,9.861,8.776,8.931,6.206,5.459,5.973,5.939,6.970,6.443,5.879,5.949,7.572,6.745,6.286,5.418,6.541,7.094,9.200,9.888,10.783,11.090,11.386,11.225,12.179,5.097,6.287,3.279,3.778,2.671,3.412,0.000,2.313,3.073,3.176,3.887,5.386,4.132,4.759,4.795,4.153,4.139,3.892,3.669,4.971,3.895,4.417
C44方,9.037,9.669,9.674,9.434,10.739,9.717,9.836,7.145,6.421,7.116,6.999,7.748,7.282,6.725,6.828,8.548,7.769,7.187,6.045,7.210,7.898,10.166,10.874,11.539,12.019,12.252,12.048,12.983,3.544,4.868,3.405,3.202,2.371,2.778,2.313,0.000,1.928,4.464,4.764,4.875,4.772,4.548,4.871,4.532,4.325,3.792,3.781,5.605,4.093,4.769
C45左,9.646,10.234,10.265,9.981,11.301,10.309,10.415,7.714,6.878,7.566,7.460,8.274,7.847,7.325,7.413,9.048,8.396,7.838,6.515,7.828,8.347,10.755,11.490,12.110,12.576,12.795,12.543,13.519,3.566,4.787,3.884,3.335,2.929,3.218,3.073,1.928,0.000,4.884,5.268,5.592,5.442,5.050,5.592,5.362,5.210,4.283,4.368,6.288,4.740,5.239
C17通,5.654,6.610,6.590,6.288,7.822,6.691,6.939,3.965,3.367,3.555,3.425,4.712,4.316,3.750,3.688,5.195,4.304,4.051,3.875,4.682,5.280,7.449,8.197,9.332,9.381,9.606,9.521,10.437,7.240,8.588,3.031,4.932,3.823,5.297,3.176,4.464,4.884,0.000,2.934,6.408,4.754,5.881,5.632,4.557,4.683,4.343,3.697,3.806,3.672,3.330
C24过,6.254,6.375,6.465,6.324,7.493,6.496,6.645,3.964,3.499,3.854,3.719,5.145,4.692,4.430,4.476,5.604,4.925,4.525,4.348,4.819,4.949,7.344,7.877,8.460,8.855,8.919,8.868,9.821,7.757,8.293,4.091,5.989,4.941,4.722,3.887,4.764,5.268,2.934,0.000,5.596,3.742,5.456,4.864,4.061,3.954,4.371,4.104,3.984,2.972,2.861
C23难,9.449,9.805,9.728,9.534,10.781,10.256,10.168,8.012,7.103,7.968,7.959,7.841,7.272,7.106,7.183,8.842,8.481,7.536,7.204,7.366,8.193,11.057,11.577,11.495,12.241,12.344,12.064,12.807,6.679,6.038,6.291,6.803,5.872,3.734,5.386,4.875,5.592,6.408,5.596,0.000,5.194,4.069,3.574,3.868,4.110,4.369,4.468,5.178,3.263,4.223
C38劳,7.703,7.415,7.760,7.630,8.667,7.883,7.866,5.558,5.270,6.088,5.744,6.635,5.809,5.634,5.644,6.740,6.111,5.492,4.840,5.731,5.831,8.125,8.519,8.959,9.481,9.880,9.774,10.639,6.727,6.615,4.664,5.659,4.869,3.909,4.132,4.772,5.442,4.754,3.742,5.194,0.000,3.371,2.686,2.315,2.068,4.133,4.094,4.224,3.785,4.474
C34张,8.553,8.519,8.726,8.455,9.694,9.164,9.011,7.015,6.329,7.461,7.225,7.012,6.262,6.062,6.153,7.494,7.315,6.415,5.242,6.176,6.659,9.625,10.103,10.126,10.751,11.169,10.807,11.604,5.630,5.103,4.916,5.206,4.546,3.149,4.759,4.548,5.050,5.881,5.456,4.069,3.371,0.000,1.571,2.366,2.673,3.055,3.197,4.090,3.872,4.685
C35平,8.084,8.003,8.173,7.989,9.159,8.635,8.480,6.486,5.855,6.932,6.707,6.607,5.837,5.722,5.782,7.085,6.845,5.962,5.243,5.838,6.282,9.077,9.507,9.551,10.196,10.563,10.277,11.056,6.403,5.915,5.187,5.806,5.007,3.416,4.795,4.871,5.592,5.632,4.864,3.574,2.686,1.571,0.000,1.616,1.890,3.224,3.331,3.692,3.341,4.265
C32功,7.300,7.371,7.617,7.322,8.680,8.080,8.006,5.696,5.140,6.062,5.841,5.911,4.988,4.887,4.846,6.272,5.886,4.940,4.490,5.174,5.790,8.703,9.172,9.426,9.920,10.283,10.050,10.845,6.555,6.450,4.537,5.563,4.527,3.706,4.153,4.532,5.362,4.557,4.061,3.868,2.315,2.366,1.616,0.000,1.788,3.161,3.020,2.869,2.722,3.399
C48边,7.457,7.386,7.546,7.446,8.616,7.823,7.765,5.357,5.127,6.137,5.729,6.096,5.422,5.093,5.176,6.520,5.947,5.227,4.485,5.246,5.708,8.105,8.634,9.042,9.647,9.980,9.861,10.654,6.155,6.194,4.128,5.129,4.393,3.429,4.139,4.325,5.210,4.683,3.954,4.110,2.068,2.673,1.890,1.788,0.000,3.128,2.898,3.445,2.997,3.796
C49前,6.938,7.459,7.393,7.145,8.569,7.897,7.874,5.727,4.743,5.714,5.677,5.487,4.931,4.628,4.782,6.297,6.016,5.230,4.186,4.923,5.713,8.453,9.095,9.484,9.900,10.208,9.838,10.670,5.461,5.997,3.490,4.072,3.167,3.319,3.892,3.792,4.283,4.343,4.371,4.369,4.133,3.055,3.224,3.161,3.128,0.000,1.946,3.164,3.167,3.628
C50面,6.604,7.130,7.083,6.824,8.328,7.541,7.522,5.137,4.452,5.425,5.250,4.960,4.594,4.020,4.214,5.820,5.451,4.722,3.632,4.501,5.317,8.182,8.866,9.342,9.753,10.056,9.788,10.595,5.682,6.484,2.913,4.036,3.110,3.553,3.669,3.781,4.368,3.697,4.104,4.468,4.094,3.197,3.331,3.020,2.898,1.946,0.000,2.657,2.873,3.189
C31成,4.969,5.425,5.443,5.062,6.705,6.220,6.143,4.135,3.447,4.343,4.146,3.337,2.540,2.366,2.399,3.936,3.823,2.792,2.873,2.931,3.990,7.282,7.787,8.113,8.377,8.710,8.441,9.143,7.797,8.366,4.145,5.911,4.803,5.266,4.971,5.605,6.288,3.806,3.984,5.178,4.224,4.090,3.692,2.869,3.445,3.164,2.657,0.000,2.977,2.780
C21开,6.838,7.220,7.197,6.938,8.274,7.564,7.547,5.101,4.199,5.116,4.925,5.231,4.694,4.395,4.467,6.121,5.662,4.832,4.526,4.862,5.560,8.554,9.109,9.317,9.882,9.989,9.785,10.626,6.761,7.043,4.016,5.503,4.423,3.558,3.895,4.093,4.740,3.672,2.972,3.263,3.785,3.872,3.341,2.722,2.997,3.167,2.873,2.977,0.000,1.491
C22心,6.297,6.727,6.743,6.374,7.907,7.210,7.242,4.581,3.942,4.618,4.470,4.615,4.041,3.849,3.809,5.449,5.055,4.228,4.130,4.430,5.184,8.442,9.023,9.261,9.714,9.793,9.611,10.420,7.480,7.918,4.113,5.918,4.818,4.578,4.417,4.769,5.239,3.330,2.861,4.223,4.474,4.685,4.265,3.399,3.796,3.628,3.189,2.780,1.491,0.000
