cls,C23,C48,C21,C22,C34,C32,C35,C49,C17,C50,C40,C42,C45,C18,C24,C41,C43,C44,C47,C38,C46,C13,C11,C12,C14,C15,C08,C09,C10,C01,C02,C06,C03,C05,C04,C07,C26,C27,C25,C19,C16,C20,C39,C31,C28,C29,C30,C37,C33,C36
C23难,0.000,8.194,5.231,6.949,13.692,10.321,10.748,11.566,15.082,14.117,14.438,12.662,17.807,13.645,14.200,13.095,12.033,12.718,12.322,11.215,11.519,14.052,16.786,16.782,16.624,15.339,19.200,17.479,18.001,16.594,18.093,23.354,20.136,20.945,20.734,21.222,12.906,11.263,13.345,13.775,12.251,12.530,14.424,12.502,12.911,14.816,14.894,17.848,18.443,18.127
C48边,8.194,0.000,4.771,4.002,9.435,6.281,6.757,6.137,8.806,8.032,9.005,7.352,12.700,8.410,8.718,8.710,7.698,8.832,9.103,5.220,7.083,11.745,13.975,15.174,14.164,13.542,17.594,14.196,15.093,14.465,16.328,22.273,18.790,19.148,18.489,19.308,8.992,9.111,8.092,9.716,7.607,8.341,9.231,9.375,10.228,11.176,11.469,12.812,13.889,14.334
C21开,5.231,4.771,0.000,2.901,11.053,7.403,8.254,7.564,10.613,10.089,10.800,8.594,14.728,10.297,10.393,10.120,8.781,10.140,10.808,8.014,8.843,10.743,13.433,13.970,13.314,12.383,16.398,13.723,14.408,13.540,15.287,21.005,17.553,18.103,17.686,18.337,8.781,7.980,8.663,9.393,7.588,7.879,10.323,9.282,9.433,11.133,11.309,13.798,14.493,14.454
C22心,6.949,4.002,2.901,0.000,9.491,6.175,6.723,6.279,9.280,8.444,9.704,7.187,13.871,10.022,9.562,9.845,7.892,9.605,10.896,7.072,8.494,10.114,12.618,13.452,12.448,11.777,15.758,12.777,13.461,13.462,15.223,20.642,17.352,17.640,17.103,17.812,7.433,7.084,7.023,8.697,6.668,7.043,8.401,7.691,7.970,9.420,9.614,11.819,12.666,12.783
C34张,13.692,9.435,11.053,9.491,0.000,4.117,3.437,8.725,9.454,6.304,6.684,6.092,10.248,12.201,12.019,11.109,8.160,9.239,10.483,7.193,7.682,16.097,17.800,19.305,17.248,17.143,20.137,16.714,17.264,20.655,22.146,26.191,23.549,23.232,22.026,22.836,12.154,13.505,11.061,14.824,12.851,13.369,7.951,7.263,10.678,9.620,10.412,12.152,12.163,11.760
C32功,10.321,6.281,7.403,6.175,4.117,0.000,2.140,6.591,8.270,5.794,6.452,4.973,11.002,10.355,10.594,9.391,6.688,8.233,9.305,5.533,6.516,13.503,15.636,16.924,15.165,14.726,18.329,14.990,15.596,17.909,19.513,24.109,21.200,21.158,20.100,20.916,9.800,10.682,9.037,12.180,10.209,10.685,7.302,6.018,8.872,8.669,9.433,11.787,11.935,11.626
C35平,10.748,6.757,8.254,6.723,3.437,2.140,0.000,7.235,9.271,6.300,7.369,5.955,11.597,11.350,11.292,10.413,7.617,9.041,9.980,6.100,7.194,13.961,15.898,17.197,15.435,15.063,18.472,15.260,15.837,18.392,19.916,24.262,21.478,21.347,20.295,21.088,10.297,11.103,9.654,12.915,10.896,11.466,7.448,6.180,9.168,8.937,9.511,11.678,11.943,11.643
C49前,11.566,6.137,7.564,6.279,8.725,6.591,7.235,0.000,6.564,6.409,6.916,5.208,11.663,8.811,9.025,7.750,6.190,8.685,10.675,6.987,8.478,10.945,13.470,14.789,13.144,12.802,16.957,13.162,13.823,14.982,16.864,21.999,18.975,18.858,18.087,18.963,7.824,8.921,6.324,8.566,7.469,7.540,7.287,7.842,8.484,8.502,9.326,10.469,11.334,11.626
C17通,15.082,8.806,10.613,9.280,9.454,8.270,9.271,6.564,0.000,5.300,5.395,5.226,9.113,7.132,7.857,7.097,6.313,8.249,11.278,7.743,8.993,13.268,15.491,17.208,15.195,15.177,19.142,14.740,15.483,16.993,18.979,24.213,21.146,20.862,19.948,20.929,9.845,11.849,7.244,9.575,8.686,8.803,8.453,9.902,10.747,9.714,11.025,11.118,11.840,12.314
C50面,14.117,8.032,10.089,8.444,6.304,5.794,6.300,6.409,5.300,0.000,5.190,3.872,10.347,10.054,9.948,9.136,6.782,9.096,11.470,7.170,8.451,12.666,14.514,16.222,14.044,14.065,17.548,13.468,14.127,17.121,18.786,23.204,20.470,20.075,18.945,19.830,8.798,10.766,7.202,10.605,9.201,9.457,5.528,6.761,8.631,7.483,8.490,9.261,9.607,9.782
C40松,14.438,9.005,10.800,9.704,6.684,6.452,7.369,6.916,5.395,5.190,0.000,3.770,7.281,8.330,9.691,6.254,4.718,6.536,8.702,6.779,6.887,15.443,17.791,19.367,17.329,17.075,20.883,16.806,17.504,19.638,21.516,26.477,23.512,23.305,22.238,23.140,11.753,13.445,9.746,12.800,11.415,11.649,8.767,9.401,11.515,10.380,11.745,12.718,13.097,13.019
C42方,12.662,7.352,8.594,7.187,6.092,4.973,5.955,5.208,5.226,3.872,3.770,0.000,9.058,8.767,8.650,7.452,4.511,6.922,9.692,5.896,6.732,12.925,15.105,16.601,14.647,14.516,18.062,14.079,14.747,17.063,18.841,23.701,20.722,20.517,19.520,20.335,9.028,10.693,7.010,10.607,8.935,9.065,6.182,6.872,8.693,7.983,9.097,10.540,10.920,10.910
C45左,17.807,12.700,14.728,13.871,10.248,11.002,11.597,11.663,9.113,10.347,7.281,9.058,0.000,8.338,9.114,8.505,8.284,6.196,8.029,8.321,7.338,21.127,23.104,24.865,22.987,22.991,26.352,22.055,22.912,24.175,26.113,31.734,28.383,28.252,27.355,28.177,17.370,19.018,14.544,17.567,15.734,16.226,14.220,15.224,17.416,16.301,17.489,17.668,18.554,18.688
C18过,13.645,8.410,10.297,10.022,12.201,10.355,11.350,8.811,7.132,10.054,8.330,8.767,8.338,0.000,5.783,5.367,7.050,6.163,7.800,6.901,7.345,16.618,19.047,20.514,19.222,18.864,23.034,18.899,19.845,18.806,20.959,27.467,23.774,24.002,23.466,24.356,13.821,14.785,11.255,12.539,11.098,11.617,13.360,14.267,15.193,15.105,16.120,16.434,17.713,18.208
C24过,14.200,8.718,10.393,9.562,12.019,10.594,11.292,9.025,7.857,9.948,9.691,8.650,9.114,5.783,0.000,8.661,8.251,7.379,9.707,6.711,7.859,15.934,17.561,19.186,17.966,18.144,21.370,17.185,18.157,17.258,19.265,25.727,21.967,22.055,21.632,22.376,12.768,14.024,9.627,11.966,9.959,10.483,12.091,13.612,14.238,14.258,14.887,14.687,16.265,17.072
C41上,13.095,8.710,10.120,9.845,11.109,9.391,10.413,7.750,7.097,9.136,6.254,7.452,8.505,5.367,8.661,0.000,4.619,5.255,7.292,7.732,7.812,16.117,19.217,20.446,18.980,18.372,22.999,19.072,19.786,19.581,21.791,27.741,24.383,24.523,23.917,24.806,13.414,14.254,11.195,12.728,11.971,11.999,12.727,12.969,14.084,13.723,15.098,16.049,17.053,17.147
C43下,12.033,7.698,8.781,7.892,8.160,6.688,7.617,6.190,6.313,6.782,4.718,4.511,8.284,7.050,8.251,4.619,0.000,4.472,7.914,6.235,6.645,14.711,17.549,18.763,17.114,16.647,20.880,17.077,17.688,18.697,20.719,26.089,22.962,22.917,22.208,23.020,11.374,12.372,9.239,11.947,10.758,10.720,9.909,9.830,11.262,10.802,12.152,13.629,14.364,14.294
C44方,12.718,8.832,10.140,9.605,9.239,8.233,9.041,8.685,8.249,9.096,6.536,6.922,6.196,6.163,7.379,5.255,4.472,0.000,5.579,5.791,5.146,17.761,20.335,21.638,20.140,19.766,23.687,19.817,20.567,20.953,22.982,28.813,25.394,25.497,24.856,25.614,14.372,15.281,11.908,14.623,12.944,13.193,12.581,12.635,14.404,14.042,15.223,16.345,17.356,17.355
C47右,12.322,9.103,10.808,10.896,10.483,9.305,9.980,10.675,11.278,11.470,8.702,9.692,8.029,7.800,9.707,7.292,7.914,5.579,0.000,6.388,4.921,19.613,22.024,23.342,22.069,21.533,25.358,21.693,22.594,22.317,24.262,30.374,26.762,27.127,26.427,27.193,16.514,17.091,14.575,16.834,14.777,15.421,14.705,14.664,16.792,16.766,17.641,18.824,19.842,19.871
C38劳,11.215,5.220,8.014,7.072,7.193,5.533,6.100,6.987,7.743,7.170,6.779,5.896,8.321,6.901,6.711,7.732,6.235,5.791,6.388,0.000,3.322,15.339,17.159,18.745,17.310,17.090,20.547,16.667,17.613,18.080,19.897,25.712,22.219,22.370,21.529,22.326,11.735,12.742,9.684,12.638,10.179,10.985,9.681,10.323,12.284,12.265,12.848,13.737,14.780,15.161
C46边,11.519,7.083,8.843,8.494,7.682,6.516,7.194,8.478,8.993,8.451,6.887,6.732,7.338,7.345,7.859,7.812,6.645,5.146,4.921,3.322,0.000,17.119,19.060,20.533,19.092,18.792,22.097,18.333,19.284,19.867,21.630,27.408,23.883,24.100,23.263,24.005,13.646,14.565,11.701,14.415,11.870,12.735,11.280,11.586,13.802,13.804,14.447,15.569,16.493,16.543
C13运,14.052,11.745,10.743,10.114,16.097,13.503,13.961,10.945,13.268,12.666,15.443,12.925,21.127,16.618,15.934,16.117,14.711,17.761,19.613,15.339,17.119,0.000,4.827,4.821,3.963,3.185,8.391,6.289,6.297,7.337,8.613,12.299,9.914,9.743,9.276,10.169,4.728,3.823,7.563,5.347,7.158,6.123,9.897,10.223,6.996,9.065,8.418,9.766,9.966,10.571
C11等,16.786,13.975,13.433,12.618,17.800,15.636,15.898,13.470,15.491,14.514,17.791,15.105,23.104,19.047,17.561,19.217,17.549,20.335,22.024,17.159,19.060,4.827,0.000,3.404,2.960,4.273,5.603,3.838,4.015,6.608,6.788,9.431,7.159,6.586,5.713,6.644,6.812,6.782,9.393,7.928,8.687,8.294,10.833,12.024,9.020,10.895,9.561,9.702,9.895,10.972
C12待,16.782,15.174,13.970,13.452,19.305,16.924,17.197,14.789,17.208,16.222,19.367,16.601,24.865,20.514,19.186,20.446,18.763,21.638,23.342,18.745,20.533,4.821,3.404,0.000,3.015,3.386,4.780,5.278,4.849,6.326,6.115,7.807,5.985,5.572,5.337,5.996,8.012,7.069,10.954,8.985,10.118,9.467,12.612,13.064,9.720,11.955,10.631,11.575,11.530,12.251
C14行,16.624,14.164,13.314,12.448,17.248,15.165,15.435,13.144,15.195,14.044,17.329,14.647,22.987,19.222,17.966,18.980,17.114,20.140,22.069,17.310,19.092,3.963,2.960,3.015,0.000,2.517,5.049,3.679,3.132,7.876,8.146,9.741,8.112,7.307,6.372,7.275,6.153,6.089,9.187,7.860,8.943,8.315,10.291,10.950,7.634,9.506,8.219,9.076,8.781,9.490
C15返,15.339,13.542,12.383,11.777,17.143,14.726,15.063,12.802,15.177,14.065,17.075,14.516,22.991,18.864,18.144,18.372,16.647,19.766,21.533,17.090,18.792,3.185,4.273,3.386,2.517,0.000,6.238,5.458,5.130,8.058,8.569,10.582,8.956,8.524,7.807,8.646,6.070,5.202,9.513,7.722,8.925,8.264,10.738,10.735,7.456,9.600,8.521,10.246,9.836,10.220
C08退,19.200,17.594,16.398,15.758,20.137,18.329,18.472,16.957,19.142,17.548,20.883,18.062,26.352,23.034,21.370,22.999,20.880,23.687,25.358,20.547,22.097,8.391,5.603,4.780,5.049,6.238,0.000,4.967,4.245,9.501,8.391,6.681,6.301,5.293,3.973,4.125,10.271,10.042,13.140,12.166,12.494,12.173,13.257,13.865,11.000,12.909,11.135,11.941,11.310,11.806
C09出,17.479,14.196,13.723,12.777,16.714,14.990,15.260,13.162,14.740,13.468,16.806,14.079,22.055,18.899,17.185,19.072,17.077,19.817,21.693,16.667,18.333,6.289,3.838,5.278,3.679,5.458,4.967,0.000,1.751,8.253,8.288,10.309,8.241,7.334,5.856,6.687,6.712,7.717,8.937,8.543,8.629,8.375,9.379,11.004,8.327,9.823,8.284,8.273,8.057,9.104
C10发,18.001,15.093,14.408,13.461,17.264,15.596,15.837,13.823,15.483,14.127,17.504,14.747,22.912,19.845,18.157,19.786,17.688,20.567,22.594,17.613,19.284,6.297,4.015,4.849,3.132,5.130,4.245,1.751,0.000,8.872,8.777,9.730,8.224,7.092,5.699,6.426,7.172,7.940,9.571,9.130,9.658,9.144,9.952,11.187,8.247,9.722,8.192,8.496,7.985,8.824
C01开,16.594,14.465,13.540,13.462,20.655,17.909,18.392,14.982,16.993,17.121,19.638,17.063,24.175,18.806,17.258,19.581,18.697,20.953,22.317,18.080,19.867,7.337,6.608,6.326,7.876,8.058,9.501,8.253,8.872,0.000,2.716,10.345,6.495,7.318,7.834,8.434,9.636,8.938,11.113,8.387,9.231,8.679,14.423,15.675,12.720,14.898,13.911,14.001,14.774,15.986
C02始,18.093,16.328,15.287,15.223,22.146,19.513,19.916,16.864,18.979,18.786,21.516,18.841,26.113,20.959,19.265,21.791,20.719,22.982,24.262,19.897,21.630,8.613,6.788,6.115,8.146,8.569,8.391,8.288,8.777,2.716,0.000,8.209,4.157,5.381,6.160,6.562,11.157,10.407,12.972,10.407,11.002,10.658,15.682,16.913,13.921,16.178,14.918,14.946,15.569,16.743
C06进,23.354,22.273,21.005,20.642,26.191,24.109,24.262,21.999,24.213,23.204,26.477,23.701,31.734,27.467,25.727,27.741,26.089,28.813,30.374,25.712,27.408,12.299,9.431,7.807,9.741,10.582,6.681,10.309,9.730,10.345,8.209,0.000,4.631,3.985,5.021,4.218,15.392,14.625,17.996,15.887,16.859,16.409,19.214,19.988,16.802,18.809,17.189,17.280,17.156,17.930
C03停,20.136,18.790,17.553,17.352,23.549,21.200,21.478,18.975,21.146,20.470,23.512,20.722,28.383,23.774,21.967,24.383,22.962,25.394,26.762,22.219,23.883,9.914,7.159,5.985,8.112,8.956,6.301,8.241,8.224,6.495,4.157,4.631,0.000,2.533,3.776,3.605,12.749,12.002,14.990,12.753,13.368,13.064,16.801,17.842,14.785,16.996,15.475,15.506,15.809,16.766
C05前,20.945,19.148,18.103,17.640,23.232,21.158,21.347,18.858,20.862,20.075,23.305,20.517,28.252,24.002,22.055,24.523,22.917,25.497,27.127,22.370,24.100,9.743,6.586,5.572,7.307,8.524,5.293,7.334,7.092,7.318,5.381,3.985,2.533,0.000,2.485,2.269,12.406,11.987,14.659,12.665,13.428,13.070,16.244,17.397,14.254,16.231,14.653,14.457,14.641,15.649
C04止,20.734,18.489,17.686,17.103,22.026,20.100,20.295,18.087,19.948,18.945,22.238,19.520,27.355,23.466,21.632,23.917,22.208,24.856,26.427,21.529,23.263,9.276,5.713,5.337,6.372,7.807,3.973,5.856,5.699,7.834,6.160,5.021,3.776,2.485,0.000,1.756,11.511,11.447,13.904,12.288,12.837,12.583,14.900,16.195,13.253,15.062,13.419,13.181,13.078,14.131
C07后,21.222,19.308,18.337,17.812,22.836,20.916,21.088,18.963,20.929,19.830,23.140,20.335,28.177,24.356,22.376,24.806,23.020,25.614,27.193,22.326,24.005,10.169,6.644,5.996,7.275,8.646,4.125,6.687,6.426,8.434,6.562,4.218,3.605,2.269,1.756,0.000,12.443,12.222,14.782,13.259,13.736,13.443,15.732,16.954,14.010,15.898,14.194,14.006,13.955,14.902
C26气,12.906,8.992,8.781,7.433,12.154,9.800,10.297,7.824,9.845,8.798,11.753,9.028,17.370,13.821,12.768,13.414,11.374,14.372,16.514,11.735,13.646,4.728,6.812,8.012,6.153,6.070,10.271,6.712,7.172,9.636,11.157,15.392,12.749,12.406,11.511,12.443,0.000,3.236,3.910,5.069,5.061,4.290,5.897,6.680,4.023,5.705,5.337,7.075,7.247,7.996
C27满,11.263,9.111,7.980,7.084,13.505,10.682,11.103,8.921,11.849,10.766,13.445,10.693,19.018,14.785,14.024,14.254,12.372,15.281,17.091,12.742,14.565,3.823,6.782,7.069,6.089,5.202,10.042,7.717,7.940,8.938,10.407,14.625,12.002,11.987,11.447,12.222,3.236,0.000,6.138,5.754,6.067,5.254,8.193,7.843,4.993,7.537,7.038,9.352,9.583,9.985
C25生,13.345,8.092,8.663,7.023,11.061,9.037,9.654,6.324,7.244,7.202,9.746,7.010,14.544,11.255,9.627,11.195,9.239,11.908,14.575,9.684,11.701,7.563,9.393,10.954,9.187,9.513,13.140,8.937,9.571,11.113,12.972,17.996,14.990,14.659,13.904,14.782,3.910,6.138,0.000,5.103,4.637,3.731,5.588,7.466,6.050,6.485,6.823,7.264,8.204,9.201
C19完,13.775,9.716,9.393,8.697,14.824,12.180,12.915,8.566,9.575,10.605,12.800,10.607,17.567,12.539,11.966,12.728,11.947,14.623,16.834,12.638,14.415,5.347,7.928,8.985,7.860,7.722,12.166,8.543,9.130,8.387,10.407,15.887,12.753,12.665,12.288,13.259,5.069,5.754,5.103,0.000,4.036,2.691,9.390,10.582,8.201,9.414,9.486,9.817,10.697,11.594
C16回,12.251,7.607,7.588,6.668,12.851,10.209,10.896,7.469,8.686,9.201,11.415,8.935,15.734,11.098,9.959,11.971,10.758,12.944,14.777,10.179,11.870,7.158,8.687,10.118,8.943,8.925,12.494,8.629,9.658,9.231,11.002,16.859,13.368,13.428,12.837,13.736,5.061,6.067,4.637,4.036,0.000,2.598,7.947,9.404,7.972,9.346,9.108,9.534,10.562,11.454
C20成,12.530,8.341,7.879,7.043,13.369,10.685,11.466,7.540,8.803,9.457,11.649,9.065,16.226,11.617,10.483,11.999,10.720,13.193,15.421,10.985,12.735,6.123,8.294,9.467,8.315,8.264,12.173,8.375,9.144,8.679,10.658,16.409,13.064,13.070,12.583,13.443,4.290,5.254,3.731,2.691,2.598,0.000,8.069,9.334,7.300,8.688,8.656,9.330,10.212,11.088
C39放,14.424,9.231,10.323,8.401,7.951,7.302,7.448,7.287,8.453,5.528,8.767,6.182,14.220,13.360,12.091,12.727,9.909,12.581,14.705,9.681,11.280,9.897,10.833,12.612,10.291,10.738,13.257,9.379,9.952,14.423,15.682,19.214,16.801,16.244,14.900,15.732,5.897,8.193,5.588,9.390,7.947,8.069,0.000,4.442,5.346,4.721,4.644,5.605,5.562,6.121
C31成,12.502,9.375,9.282,7.691,7.263,6.018,6.180,7.842,9.902,6.761,9.401,6.872,15.224,14.267,13.612,12.969,9.830,12.635,14.664,10.323,11.586,10.223,12.024,13.064,10.950,10.735,13.865,11.004,11.187,15.675,16.913,19.988,17.842,17.397,16.195,16.954,6.680,7.843,7.466,10.582,9.404,9.334,4.442,0.000,4.057,3.813,4.293,8.176,7.222,6.480
C28意,12.911,10.228,9.433,7.970,10.678,8.872,9.168,8.484,10.747,8.631,11.515,8.693,17.416,15.193,14.238,14.084,11.262,14.404,16.792,12.284,13.802,6.996,9.020,9.720,7.634,7.456,11.000,8.327,8.247,12.720,13.921,16.802,14.785,14.254,13.253,14.010,4.023,4.993,6.050,8.201,7.972,7.300,5.346,4.057,0.000,3.164,2.998,7.185,6.299,5.913
C29失,14.816,11.176,11.133,9.420,9.620,8.669,8.937,8.502,9.714,7.483,10.380,7.983,16.301,15.105,14.258,13.723,10.802,14.042,16.766,12.265,13.804,9.065,10.895,11.955,9.506,9.600,12.909,9.823,9.722,14.898,16.178,18.809,16.996,16.231,15.062,15.898,5.705,7.537,6.485,9.414,9.346,8.688,4.721,3.813,3.164,0.000,2.597,6.436,5.035,4.456
C30败,14.894,11.469,11.309,9.614,10.412,9.433,9.511,9.326,11.025,8.490,11.745,9.097,17.489,16.120,14.887,15.098,12.152,15.223,17.641,12.848,14.447,8.418,9.561,10.631,8.219,8.521,11.135,8.284,8.192,13.911,14.918,17.189,15.475,14.653,13.419,14.194,5.337,7.038,6.823,9.486,9.108,8.656,4.644,4.293,2.998,2.597,0.000,5.970,4.414,4.124
C37疲,17.848,12.812,13.798,11.819,12.152,11.787,11.678,10.469,11.118,9.261,12.718,10.540,17.668,16.434,14.687,16.049,13.629,16.345,18.824,13.737,15.569,9.766,9.702,11.575,9.076,10.246,11.941,8.273,8.496,14.001,14.946,17.280,15.506,14.457,13.181,14.006,7.075,9.352,7.264,9.817,9.534,9.330,5.605,8.176,7.185,6.436,5.970,0.000,4.525,5.874
C33紧,18.443,13.889,14.493,12.666,12.163,11.935,11.943,11.334,11.840,9.607,13.097,10.920,18.554,17.713,16.265,17.053,14.364,17.356,19.842,14.780,16.493,9.966,9.895,11.530,8.781,9.836,11.310,8.057,7.985,14.774,15.569,17.156,15.809,14.641,13.078,13.955,7.247,9.583,8.204,10.697,10.562,10.212,5.562,7.222,6.299,5.035,4.414,4.525,0.000,2.718
C36静,18.127,14.334,14.454,12.783,11.760,11.626,11.643,11.626,12.314,9.782,13.019,10.910,18.688,18.208,17.072,17.147,14.294,17.355,19.871,15.161,16.543,10.571,10.972,12.251,9.490,10.220,11.806,9.104,8.824,15.986,16.743,17.930,16.766,15.649,14.131,14.902,7.996,9.985,9.201,11.594,11.454,11.088,6.121,6.480,5.913,4.456,4.124,5.874,2.718,0.000
