cls,C38,C26,C21,C05,C39,C28,C30,C29,C33,C36,C34,C31,C35,C16,C19,C17,C18,C13,C14,C15,C02,C04,C01,C03,C37,C09,C06,C07,C08,C12,C10,C11,C24,C22,C23,C20,C25,C27,C32,C46,C41,C44,C45,C47,C43,C48,C50,C49,C40,C42
C38劳,0.000,10.821,9.542,14.546,13.833,9.021,11.817,8.857,7.979,10.885,9.823,8.640,7.872,12.041,12.048,12.094,11.867,11.950,12.294,11.996,11.864,11.822,12.670,13.135,11.406,12.433,13.323,12.926,12.952,12.528,12.475,12.355,11.310,11.265,10.383,10.266,9.971,10.397,8.576,11.248,10.900,11.219,11.989,11.265,11.138,11.076,10.989,10.953,11.174,9.811
C26气,10.821,0.000,10.077,11.245,11.709,9.571,9.193,7.575,8.964,9.145,9.959,9.099,9.944,10.377,8.388,9.957,10.631,9.998,9.219,8.754,8.663,8.429,9.809,9.715,9.848,9.442,10.134,9.943,9.547,8.944,9.659,8.962,9.324,9.866,9.445,7.329,6.842,6.576,8.790,10.711,10.275,10.518,11.196,9.594,8.918,8.998,9.434,8.992,9.510,8.601
C21开,9.542,10.077,0.000,10.609,11.083,8.128,9.177,8.732,9.503,10.440,9.840,9.469,8.851,8.427,7.948,8.951,8.725,9.619,9.412,8.858,10.022,10.578,10.227,10.103,9.696,9.177,9.628,9.423,9.668,9.909,9.511,9.768,7.274,7.001,6.869,6.841,7.997,7.950,8.055,8.206,9.017,9.060,9.313,9.547,9.427,8.903,10.200,9.527,9.735,9.575
C05前,14.546,11.245,10.609,0.000,5.937,9.925,8.846,8.839,10.993,8.534,8.876,9.098,9.538,8.666,8.311,9.427,9.869,8.646,7.309,7.567,6.669,6.862,5.248,3.871,7.345,4.410,5.240,4.940,6.173,7.093,6.308,6.958,9.045,9.530,9.347,9.308,8.685,7.486,10.651,9.769,10.948,10.056,11.138,9.885,9.661,7.921,7.781,7.470,9.762,9.193
C39放,13.833,11.709,11.083,5.937,0.000,9.480,9.354,8.301,11.289,10.095,9.420,9.270,10.129,11.085,10.452,10.875,11.460,9.650,9.125,9.915,9.486,9.407,8.371,7.100,9.595,7.378,8.663,8.294,8.812,9.572,9.122,9.444,10.468,11.268,10.990,10.461,9.125,7.752,10.557,10.669,11.301,11.269,11.595,10.354,10.514,9.295,8.799,8.647,10.556,9.986
C28意,9.021,9.571,8.128,9.925,9.480,0.000,6.602,6.744,7.954,7.176,7.330,6.328,7.499,8.332,8.449,7.958,8.389,8.504,8.063,7.811,8.392,8.395,8.490,8.797,7.815,8.035,8.580,8.336,8.481,8.078,8.105,8.220,8.809,9.328,8.610,7.397,7.166,7.165,7.804,8.481,9.166,9.202,9.400,9.356,8.267,8.686,8.430,8.288,8.429,7.495
C30败,11.817,9.193,9.177,8.846,9.354,6.602,0.000,7.111,8.185,7.024,7.216,7.388,8.349,7.991,6.702,8.323,9.188,7.790,5.776,6.686,7.687,7.463,8.111,8.203,7.017,7.429,7.380,7.368,6.997,6.921,6.990,6.777,8.168,8.784,8.681,6.843,7.899,6.807,7.404,8.925,9.442,9.603,9.143,8.439,8.382,8.265,8.241,7.571,8.354,8.421
C29失,8.857,7.575,8.732,8.839,8.301,6.744,7.111,0.000,5.727,7.141,7.157,6.347,6.830,8.677,7.596,8.410,9.418,8.401,7.895,7.495,7.709,7.170,7.997,7.839,8.331,7.651,8.854,8.532,8.457,7.976,8.315,8.035,8.498,9.485,8.914,7.491,6.390,5.405,6.540,9.235,9.235,9.415,9.944,8.349,8.605,7.766,7.710,6.907,8.215,7.266
C33紧,7.979,8.964,9.503,10.993,11.289,7.954,8.185,5.727,0.000,7.463,7.277,6.713,6.735,9.968,9.369,9.362,10.485,8.754,8.589,8.757,8.613,8.027,8.982,9.700,8.296,9.162,9.653,9.480,9.016,8.651,8.743,8.493,9.398,10.329,9.458,8.941,8.573,7.858,7.051,10.277,10.221,10.319,11.321,9.871,9.724,9.253,8.770,8.418,8.767,8.144
C36静,10.885,9.145,10.440,8.534,10.095,7.176,7.024,7.141,7.463,0.000,6.800,5.138,6.208,7.685,7.236,7.999,8.923,6.795,6.161,6.208,6.962,5.830,7.467,7.627,4.924,6.747,7.027,6.724,6.462,5.985,6.223,6.334,8.879,9.516,9.062,8.970,8.189,7.827,9.341,9.300,10.168,9.694,10.734,9.624,8.847,8.125,6.985,6.590,8.963,7.589
C34张,9.823,9.959,9.840,8.876,9.420,7.330,7.216,7.157,7.277,6.800,0.000,4.565,4.607,7.897,7.825,8.090,7.539,6.643,6.621,7.007,7.076,6.497,7.661,7.753,5.755,6.557,7.615,7.083,6.860,7.378,6.745,6.907,7.619,7.876,7.493,7.597,8.576,7.555,6.333,7.360,6.654,6.994,7.552,6.294,6.406,6.003,4.915,5.801,6.381,5.315
C31成,8.640,9.099,9.469,9.098,9.270,6.328,7.388,6.347,6.713,5.138,4.565,0.000,3.710,7.985,7.906,8.104,8.432,7.170,6.908,7.246,7.799,6.926,8.235,8.210,5.897,7.317,8.270,7.890,7.781,7.628,7.493,7.671,7.963,8.427,8.062,7.964,7.684,6.942,6.852,8.172,8.250,8.171,8.746,7.884,7.591,6.749,5.670,5.853,7.574,5.993
C35平,7.872,9.944,8.851,9.538,10.129,7.499,8.349,6.830,6.735,6.208,4.607,3.710,0.000,8.323,8.311,8.457,8.210,7.967,8.083,7.952,8.168,7.797,8.534,8.836,6.367,7.730,8.792,8.212,8.526,8.609,8.038,8.415,8.212,8.142,7.695,8.289,8.513,8.160,6.645,8.034,7.918,7.846,8.520,7.720,7.625,6.840,6.402,5.824,7.501,6.404
C16回,12.041,10.377,8.427,8.666,11.085,8.332,7.991,8.677,9.968,7.685,7.897,7.985,8.323,0.000,5.101,5.875,5.735,7.462,6.236,4.396,6.937,6.986,8.106,7.486,6.098,6.155,6.954,6.507,6.622,6.505,6.432,6.613,6.225,6.342,6.022,6.585,8.341,7.535,8.184,5.871,7.297,6.316,7.582,7.112,7.561,6.692,7.236,6.751,7.396,6.585
C19完,12.048,8.388,7.948,8.311,10.452,8.449,6.702,7.596,9.369,7.236,7.825,7.906,8.311,5.101,0.000,6.656,6.437,7.047,6.307,5.152,6.534,6.530,8.141,7.120,6.449,5.954,6.549,6.346,6.125,6.257,5.903,5.940,5.900,6.130,6.630,5.355,7.006,6.839,7.760,6.432,7.705,7.121,7.795,7.115,7.494,6.344,7.483,6.754,7.727,7.051
C17通,12.094,9.957,8.951,9.427,10.875,7.958,8.323,8.410,9.362,7.999,8.090,8.104,8.457,5.875,6.656,0.000,5.522,6.854,6.785,5.725,7.324,8.077,8.304,8.084,6.794,6.484,7.709,7.169,7.537,6.759,6.586,6.801,7.627,8.436,7.470,7.414,8.504,8.348,8.246,6.394,7.825,7.497,7.791,6.932,7.144,7.853,8.334,6.222,6.734,6.555
C18过,11.867,10.631,8.725,9.869,11.460,8.389,9.188,9.418,10.485,8.923,7.539,8.432,8.210,5.735,6.437,5.522,0.000,8.181,8.205,6.892,7.701,8.384,8.811,8.413,7.080,6.761,7.936,7.106,7.793,7.902,6.933,7.423,6.949,6.700,6.471,7.121,8.598,9.036,8.291,5.499,6.675,6.058,6.841,6.497,7.365,6.713,7.729,7.243,7.405,6.633
C13运,11.950,9.998,9.619,8.646,9.650,8.504,7.790,8.401,8.754,6.795,6.643,7.170,7.967,7.462,7.047,6.854,8.181,0.000,4.940,6.240,7.040,6.731,8.081,7.324,5.863,6.227,6.413,6.342,5.507,5.257,5.524,5.320,6.930,8.091,7.314,8.033,8.609,7.777,8.868,7.163,8.310,8.432,9.135,7.648,7.957,7.613,6.840,6.486,7.960,7.145
C14行,12.294,9.219,9.412,7.309,9.125,8.063,5.776,7.895,8.589,6.161,6.621,6.908,8.083,6.236,6.307,6.785,8.205,4.940,0.000,4.181,6.308,5.610,7.030,6.439,5.024,5.376,5.400,5.288,4.333,4.108,5.016,4.523,7.094,7.950,7.319,7.243,8.248,6.403,8.730,8.138,9.003,8.854,9.531,7.961,7.559,7.651,6.763,6.269,8.065,7.522
C15返,11.996,8.754,8.858,7.567,9.915,7.811,6.686,7.495,8.757,6.208,7.007,7.246,7.952,4.396,5.152,5.725,6.892,6.240,4.181,0.000,5.836,5.080,6.919,6.624,5.111,5.158,5.879,5.819,5.163,4.818,5.476,5.502,7.113,7.755,6.882,6.533,8.356,6.455,8.060,7.267,8.131,7.619,8.746,7.565,6.450,6.797,6.648,5.999,7.021,6.529
C02始,11.864,8.663,10.022,6.669,9.486,8.392,7.687,7.709,8.613,6.962,7.076,7.799,8.168,6.937,6.534,7.324,7.701,7.040,6.308,5.836,0.000,3.311,3.949,3.876,5.219,4.204,4.061,4.256,4.965,4.287,4.045,3.918,7.361,8.172,7.491,7.025,7.111,6.740,8.573,7.641,8.680,7.977,9.523,7.620,7.531,6.102,6.166,6.164,7.125,6.001
C04止,11.822,8.429,10.578,6.862,9.407,8.395,7.463,7.170,8.027,5.830,6.497,6.926,7.797,6.986,6.530,8.077,8.384,6.731,5.610,5.080,3.311,0.000,5.034,4.706,4.800,4.879,4.828,5.255,4.573,4.098,4.759,4.445,8.019,8.948,8.282,7.696,7.908,6.531,8.773,8.498,9.323,8.702,10.419,8.538,7.926,6.476,5.474,6.461,7.590,6.426
C01开,12.670,9.809,10.227,5.248,8.371,8.490,8.111,7.997,8.982,7.467,7.661,8.235,8.534,8.106,8.141,8.304,8.811,8.081,7.030,6.919,3.949,5.034,0.000,3.851,6.214,4.306,4.089,4.342,5.466,5.232,4.876,5.229,8.178,9.167,8.323,7.991,7.412,7.049,9.385,9.192,10.019,9.232,10.616,9.031,8.697,7.170,6.816,6.741,8.127,7.497
C03停,13.135,9.715,10.103,3.871,7.100,8.797,8.203,7.839,9.700,7.627,7.753,8.210,8.836,7.486,7.120,8.084,8.413,7.324,6.439,6.624,3.876,4.706,3.851,0.000,6.247,3.532,3.785,3.842,5.038,5.251,4.847,4.906,7.763,8.624,8.292,7.869,7.166,6.263,9.609,8.420,9.456,8.840,10.168,8.420,8.574,6.649,6.668,6.590,8.502,7.311
C37疲,11.406,9.848,9.696,7.345,9.595,7.815,7.017,8.331,8.296,4.924,5.755,5.897,6.367,6.098,6.449,6.794,7.080,5.863,5.024,5.111,5.219,4.800,6.214,6.247,0.000,4.796,4.901,4.561,4.417,4.710,3.934,4.366,7.433,7.698,7.075,7.840,8.171,7.722,8.533,6.995,8.461,7.650,9.023,7.727,7.586,6.572,5.569,5.372,7.272,6.270
C09出,12.433,9.442,9.177,4.410,7.378,8.035,7.429,7.651,9.162,6.747,6.557,7.317,7.730,6.155,5.954,6.484,6.761,6.227,5.376,5.158,4.204,4.879,4.306,3.532,4.796,0.000,3.547,2.487,3.719,4.563,3.008,3.932,6.542,7.189,6.850,6.809,6.919,6.443,8.428,6.666,8.053,7.092,8.512,7.063,6.933,5.631,5.611,5.268,6.991,5.896
C06进,13.323,10.134,9.628,5.240,8.663,8.580,7.380,8.854,9.653,7.027,7.615,8.270,8.792,6.954,6.549,7.709,7.936,6.413,5.400,5.879,4.061,4.828,4.089,3.785,4.901,3.547,0.000,2.403,3.254,3.550,3.086,3.328,6.917,8.084,7.672,7.563,7.604,7.157,9.755,8.139,9.671,8.818,10.174,8.783,8.449,6.821,6.838,6.802,8.520,7.774
C07后,12.926,9.943,9.423,4.940,8.294,8.336,7.368,8.532,9.480,6.724,7.083,7.890,8.212,6.507,6.346,7.169,7.106,6.342,5.288,5.819,4.256,5.255,4.342,3.842,4.561,2.487,2.403,0.000,3.141,4.169,2.535,3.181,6.645,7.275,6.960,7.379,7.146,7.102,9.357,7.320,8.860,7.911,9.284,7.856,7.800,6.374,6.311,6.011,7.951,7.002
C08退,12.952,9.547,9.668,6.173,8.812,8.481,6.997,8.457,9.016,6.462,6.860,7.781,8.526,6.622,6.125,7.537,7.793,5.507,4.333,5.163,4.965,4.573,5.466,5.038,4.417,3.719,3.254,3.141,0.000,3.351,3.082,3.064,6.716,7.810,7.516,7.390,7.822,6.873,9.196,7.744,9.015,8.347,9.684,8.261,8.122,6.757,6.020,6.574,7.899,7.197
C12待,12.528,8.944,9.909,7.093,9.572,8.078,6.921,7.976,8.651,5.985,7.378,7.628,8.609,6.505,6.257,6.759,7.902,5.257,4.108,4.818,4.287,4.098,5.232,5.251,4.710,4.563,3.550,4.169,3.351,0.000,3.447,2.535,6.975,8.355,7.634,7.431,7.438,6.814,9.341,8.126,9.572,9.083,10.330,8.562,8.227,7.244,6.647,6.517,8.114,7.260
C10发,12.475,9.659,9.511,6.308,9.122,8.105,6.990,8.315,8.743,6.223,6.745,7.493,8.038,6.432,5.903,6.586,6.933,5.524,5.016,5.476,4.045,4.759,4.876,4.847,3.934,3.008,3.086,2.535,3.082,3.447,0.000,2.237,6.668,7.326,6.973,7.175,7.305,7.436,8.881,6.926,8.749,7.805,9.163,7.701,7.723,6.486,6.201,5.991,7.602,6.520
C11等,12.355,8.962,9.768,6.958,9.444,8.220,6.777,8.035,8.493,6.334,6.907,7.671,8.415,6.613,5.940,6.801,7.423,5.320,4.523,5.502,3.918,4.445,5.229,4.906,4.366,3.932,3.328,3.181,3.064,2.535,2.237,0.000,6.437,7.542,7.116,6.957,6.862,6.882,8.976,7.323,8.844,8.309,9.608,7.701,7.942,6.705,6.382,6.220,7.693,6.626
C24过,11.310,9.324,7.274,9.045,10.468,8.809,8.168,8.498,9.398,8.879,7.619,7.963,8.212,6.225,5.900,7.627,6.949,6.930,7.094,7.113,7.361,8.019,8.178,7.763,7.433,6.542,6.917,6.645,6.716,6.975,6.668,6.437,0.000,4.331,5.444,5.158,6.501,6.512,7.195,6.036,6.442,6.213,7.046,6.458,7.919,5.811,7.290,7.165,7.291,6.645
C22心,11.265,9.866,7.001,9.530,11.268,9.328,8.784,9.485,10.329,9.516,7.876,8.427,8.142,6.342,6.130,8.436,6.700,8.091,7.950,7.755,8.172,8.948,9.167,8.624,7.698,7.189,8.084,7.275,7.810,8.355,7.326,7.542,4.331,0.000,4.222,5.573,7.333,7.785,7.745,5.475,6.071,5.710,6.280,6.411,7.674,6.269,7.782,7.795,7.987,6.930
C23难,10.383,9.445,6.869,9.347,10.990,8.610,8.681,8.914,9.458,9.062,7.493,8.062,7.695,6.022,6.630,7.470,6.471,7.314,7.319,6.882,7.491,8.282,8.323,8.292,7.075,6.850,7.672,6.960,7.516,7.634,6.973,7.116,5.444,4.222,0.000,5.712,7.375,7.402,7.593,5.681,6.192,5.943,7.048,6.424,7.062,6.479,7.266,6.859,7.297,6.447
C20成,10.266,7.329,6.841,9.308,10.461,7.397,6.843,7.491,8.941,8.970,7.597,7.964,8.289,6.585,5.355,7.414,7.121,8.033,7.243,6.533,7.025,7.696,7.991,7.869,7.840,6.809,7.563,7.379,7.390,7.431,7.175,6.957,5.158,5.573,5.712,0.000,5.525,5.292,5.819,6.849,6.516,6.434,6.817,6.278,6.353,6.248,7.569,7.217,6.669,6.090
C25生,9.971,6.842,7.997,8.685,9.125,7.166,7.899,6.390,8.573,8.189,8.576,7.684,8.513,8.341,7.006,8.504,8.598,8.609,8.248,8.356,7.111,7.908,7.412,7.166,8.171,6.919,7.604,7.146,7.822,7.438,7.305,6.862,6.501,7.333,7.375,5.525,0.000,4.903,7.703,8.451,8.809,8.622,9.365,8.052,8.759,6.931,7.848,7.620,8.717,7.174
C27满,10.397,6.576,7.950,7.486,7.752,7.165,6.807,5.405,7.858,7.827,7.555,6.942,8.160,7.535,6.839,8.348,9.036,7.777,6.403,6.455,6.740,6.531,7.049,6.263,7.722,6.443,7.157,7.102,6.873,6.814,7.436,6.882,6.512,7.785,7.402,5.292,4.903,0.000,6.849,8.675,8.285,8.445,9.231,7.647,7.649,6.512,6.957,6.874,7.879,6.770
C32功,8.576,8.790,8.055,10.651,10.557,7.804,7.404,6.540,7.051,9.341,6.333,6.852,6.645,8.184,7.760,8.246,8.291,8.868,8.730,8.060,8.573,8.773,9.385,9.609,8.533,8.428,9.755,9.357,9.196,9.341,8.881,8.976,7.195,7.745,7.593,5.819,7.703,6.849,0.000,7.496,6.385,6.642,6.664,5.846,7.228,6.582,7.446,7.196,6.193,6.254
C46边,11.248,10.711,8.206,9.769,10.669,8.481,8.925,9.235,10.277,9.300,7.360,8.172,8.034,5.871,6.432,6.394,5.499,7.163,8.138,7.267,7.641,8.498,9.192,8.420,6.995,6.666,8.139,7.320,7.744,8.126,6.926,7.323,6.036,5.475,5.681,6.849,8.451,8.675,7.496,0.000,4.864,4.517,5.024,5.079,6.469,5.707,6.938,6.571,6.224,5.278
C41上,10.900,10.275,9.017,10.948,11.301,9.166,9.442,9.235,10.221,10.168,6.654,8.250,7.918,7.297,7.705,7.825,6.675,8.310,9.003,8.131,8.680,9.323,10.019,9.456,8.461,8.053,9.671,8.860,9.015,9.572,8.749,8.844,6.442,6.071,6.192,6.516,8.809,8.285,6.385,4.864,0.000,3.925,4.141,4.007,6.124,6.068,7.231,6.951,5.771,5.005
C44方,11.219,10.518,9.060,10.056,11.269,9.202,9.603,9.415,10.319,9.694,6.994,8.171,7.846,6.316,7.121,7.497,6.058,8.432,8.854,7.619,7.977,8.702,9.232,8.840,7.650,7.092,8.818,7.911,8.347,9.083,7.805,8.309,6.213,5.710,5.943,6.434,8.622,8.445,6.642,4.517,3.925,0.000,4.671,4.780,6.034,5.361,6.630,6.708,5.768,4.843
C45左,11.989,11.196,9.313,11.138,11.595,9.400,9.143,9.944,11.321,10.734,7.552,8.746,8.520,7.582,7.795,7.791,6.841,9.135,9.531,8.746,9.523,10.419,10.616,10.168,9.023,8.512,10.174,9.284,9.684,10.330,9.163,9.608,7.046,6.280,7.048,6.817,9.365,9.231,6.664,5.024,4.141,4.671,0.000,4.141,6.500,6.686,8.228,7.504,6.659,6.258
C47右,11.265,9.594,9.547,9.885,10.354,9.356,8.439,8.349,9.871,9.624,6.294,7.884,7.720,7.112,7.115,6.932,6.497,7.648,7.961,7.565,7.620,8.538,9.031,8.420,7.727,7.063,8.783,7.856,8.261,8.562,7.701,7.701,6.458,6.411,6.424,6.278,8.052,7.647,5.846,5.079,4.007,4.780,4.141,0.000,5.694,5.412,6.644,5.478,5.602,4.885
C43下,11.138,8.918,9.427,9.661,10.514,8.267,8.382,8.605,9.724,8.847,6.406,7.591,7.625,7.561,7.494,7.144,7.365,7.957,7.559,6.450,7.531,7.926,8.697,8.574,7.586,6.933,8.449,7.800,8.122,8.227,7.723,7.942,7.919,7.674,7.062,6.353,8.759,7.649,7.228,6.469,6.124,6.034,6.500,5.694,0.000,6.230,6.775,6.067,5.844,5.174
C48边,11.076,8.998,8.903,7.921,9.295,8.686,8.265,7.766,9.253,8.125,6.003,6.749,6.840,6.692,6.344,7.853,6.713,7.613,7.651,6.797,6.102,6.476,7.170,6.649,6.572,5.631,6.821,6.374,6.757,7.244,6.486,6.705,5.811,6.269,6.479,6.248,6.931,6.512,6.582,5.707,6.068,5.361,6.686,5.412,6.230,0.000,3.954,5.659,6.090,4.898
C50面,10.989,9.434,10.200,7.781,8.799,8.430,8.241,7.710,8.770,6.985,4.915,5.670,6.402,7.236,7.483,8.334,7.729,6.840,6.763,6.648,6.166,5.474,6.816,6.668,5.569,5.611,6.838,6.311,6.020,6.647,6.201,6.382,7.290,7.782,7.266,7.569,7.848,6.957,7.446,6.938,7.231,6.630,8.228,6.644,6.775,3.954,0.000,5.234,6.061,4.979
C49前,10.953,8.992,9.527,7.470,8.647,8.288,7.571,6.907,8.418,6.590,5.801,5.853,5.824,6.751,6.754,6.222,7.243,6.486,6.269,5.999,6.164,6.461,6.741,6.590,5.372,5.268,6.802,6.011,6.574,6.517,5.991,6.220,7.165,7.795,6.859,7.217,7.620,6.874,7.196,6.571,6.951,6.708,7.504,5.478,6.067,5.659,5.234,0.000,5.802,5.063
C40松,11.174,9.510,9.735,9.762,10.556,8.429,8.354,8.215,8.767,8.963,6.381,7.574,7.501,7.396,7.727,6.734,7.405,7.960,8.065,7.021,7.125,7.590,8.127,8.502,7.272,6.991,8.520,7.951,7.899,8.114,7.602,7.693,7.291,7.987,7.297,6.669,8.717,7.879,6.193,6.224,5.771,5.768,6.659,5.602,5.844,6.090,6.061,5.802,0.000,4.205
C42方,9.811,8.601,9.575,9.193,9.986,7.495,8.421,7.266,8.144,7.589,5.315,5.993,6.404,6.585,7.051,6.555,6.633,7.145,7.522,6.529,6.001,6.426,7.497,7.311,6.270,5.896,7.774,7.002,7.197,7.260,6.520,6.626,6.645,6.930,6.447,6.090,7.174,6.770,6.254,5.278,5.005,4.843,6.258,4.885,5.174,4.898,4.979,5.063,4.205,0.000
