trial,hidden,layers,lr,dropout,best_epoch,val_acc,test_acc,time_s
1,224,2,3.464e-04,0.020,96,0.4600,0.3800,23
2,32,1,4.232e-03,0.456,40,0.3000,0.2300,5
3,144,2,2.877e-03,0.272,97,0.3600,0.2700,20
4,144,3,4.283e-03,0.001,1,0.0400,0.0300,6
5,112,3,1.167e-04,0.365,87,0.2800,0.2000,28
6,224,1,5.325e-03,0.271,0,0.0600,0.0600,2
7,32,1,7.004e-04,0.014,61,0.1800,0.1700,7
8,16,1,2.194e-03,0.324,75,0.2000,0.1900,10
9,80,2,5.853e-04,0.499,80,0.4400,0.3300,22
10,208,3,2.350e-03,0.325,39,0.2600,0.1900,23
11,224,3,5.996e-04,0.068,25,0.2800,0.2100,21
12,160,3,1.124e-03,0.155,54,0.3200,0.2400,22
13,112,2,6.011e-03,0.467,31,0.2200,0.1800,11
14,144,2,1.390e-03,0.161,49,0.3200,0.2000,16
15,192,2,4.740e-04,0.196,52,0.3000,0.2400,17
16,96,3,2.847e-04,0.312,82,0.3600,0.2600,28
17,16,1,4.627e-03,0.394,52,0.3200,0.2100,7
18,96,1,5.662e-03,0.029,15,0.1200,0.1000,4
19,176,2,1.998e-04,0.225,97,0.4200,0.2900,25
20,240,3,2.893e-04,0.026,57,0.3000,0.2000,32
21,160,2,2.495e-04,0.045,81,0.3400,0.2500,23
22,160,2,3.957e-04,0.336,35,0.2600,0.1600,13
23,240,1,7.660e-03,0.183,33,0.2000,0.1800,7
24,176,1,1.812e-03,0.464,1,0.0400,0.0400,3
25,112,2,8.113e-03,0.250,21,0.2000,0.1600,9
26,16,2,1.740e-03,0.498,98,0.2600,0.2000,20
27,160,3,8.319e-04,0.379,42,0.2800,0.2100,21
28,112,2,1.145e-03,0.393,39,0.2800,0.2000,13
29,32,2,2.944e-03,0.356,53,0.3400,0.2400,15
30,240,3,1.698e-04,0.365,90,0.5200,0.3400,41
31,256,3,8.627e-03,0.007,4,0.0400,0.0500,10
32,32,3,9.170e-03,0.479,46,0.2800,0.1800,16
33,96,1,8.816e-03,0.445,54,0.3000,0.2700,8
34,112,3,9.120e-04,0.116,27,0.2600,0.2000,14
35,240,3,7.032e-03,0.133,0,0.0200,0.0200,8
36,112,2,7.683e-04,0.466,33,0.3000,0.2300,11
37,192,1,2.911e-03,0.307,3,0.0600,0.0600,3
38,144,1,2.744e-03,0.008,45,0.3200,0.1600,8
39,32,3,1.061e-03,0.465,64,0.2800,0.2200,23
40,80,1,4.815e-03,0.033,97,0.4200,0.2900,12
41,176,2,7.254e-04,0.483,45,0.3200,0.2500,16
42,48,2,3.294e-04,0.121,42,0.1800,0.1600,13
43,64,3,2.830e-04,0.062,37,0.1800,0.1600,14
44,208,1,1.487e-03,0.277,77,0.3200,0.2100,12
45,208,3,1.321e-03,0.144,36,0.3000,0.1700,18
46,128,2,4.328e-03,0.313,1,0.0400,0.0400,4
47,192,3,5.480e-04,0.276,53,0.3200,0.2400,23
48,64,2,4.973e-03,0.073,33,0.2600,0.1900,10
49,224,2,6.606e-03,0.022,24,0.2200,0.0900,10
50,160,3,6.773e-04,0.415,25,0.2600,0.2000,14
51,32,1,5.371e-04,0.039,81,0.1800,0.1700,9
52,80,2,3.529e-04,0.351,81,0.3400,0.2700,18
53,176,3,1.793e-04,0.432,93,0.3800,0.2600,31
54,112,1,5.775e-04,0.215,90,0.3400,0.2800,12
55,96,2,8.973e-03,0.388,44,0.2200,0.2300,12
56,16,1,3.465e-04,0.432,20,0.0400,0.0400,4
57,176,3,1.051e-03,0.172,40,0.2800,0.1700,19
58,160,3,4.284e-04,0.091,91,0.4800,0.3700,31
59,80,3,4.214e-03,0.334,57,0.2800,0.1900,20
60,144,3,7.103e-03,0.374,10,0.0800,0.0800,10
61,176,3,3.121e-04,0.071,17,0.1400,0.0900,12
62,32,3,2.687e-03,0.084,43,0.2600,0.1800,16
63,176,2,6.615e-03,0.281,10,0.0800,0.0600,7
64,192,2,2.445e-04,0.263,42,0.2600,0.2000,15
65,208,2,1.506e-04,0.491,83,0.3600,0.3100,24
66,16,2,1.030e-04,0.386,0,0.0200,0.0200,4
67,192,3,1.513e-03,0.160,11,0.1600,0.1500,11
68,208,1,2.213e-03,0.098,54,0.3000,0.1900,11
69,176,2,1.601e-03,0.481,35,0.3000,0.2400,14
70,32,1,9.999e-04,0.372,74,0.2600,0.2200,11
71,96,1,5.972e-04,0.031,67,0.2800,0.1900,10
72,192,3,1.498e-04,0.198,98,0.4200,0.3400,35
73,256,3,8.802e-04,0.456,60,0.3200,0.1900,34
74,48,3,6.771e-03,0.064,44,0.2800,0.2200,19
75,160,1,1.382e-04,0.434,59,0.1600,0.1000,11
76,176,2,9.843e-04,0.082,55,0.3400,0.2200,18
77,80,3,4.325e-04,0.355,98,0.3800,0.2800,30
78,16,2,1.035e-03,0.395,64,0.2000,0.1300,18
79,64,1,1.437e-03,0.099,35,0.2800,0.2200,5
80,192,3,9.499e-04,0.494,77,0.3400,0.2000,36
81,144,1,8.434e-03,0.400,18,0.1200,0.1500,5
82,176,2,4.237e-03,0.301,95,0.4000,0.2100,24
83,208,2,6.720e-03,0.033,0,0.0400,0.0400,5
84,144,3,5.803e-04,0.163,53,0.3600,0.2000,24
85,192,3,3.651e-03,0.243,49,0.2400,0.1900,24
86,16,2,5.689e-03,0.043,22,0.2200,0.1600,8
87,224,3,3.787e-03,0.400,0,0.0200,0.0200,8
88,192,1,3.920e-03,0.113,51,0.3200,0.2400,10
89,112,2,6.837e-04,0.271,15,0.1800,0.1600,8
90,160,1,6.515e-04,0.000,10,0.1000,0.0800,4
91,112,3,5.055e-03,0.069,10,0.1600,0.1300,10
92,112,3,4.387e-03,0.491,58,0.2800,0.2400,25
93,16,3,7.050e-04,0.490,0,0.0200,0.0200,6
94,176,3,1.017e-03,0.377,33,0.2800,0.1700,18
95,144,3,8.960e-04,0.432,51,0.3200,0.2300,24
96,48,3,3.871e-04,0.384,79,0.2200,0.1400,28
97,160,2,1.541e-04,0.196,40,0.2000,0.1300,14
98,240,1,8.961e-04,0.214,29,0.1200,0.1000,7
99,176,2,1.488e-03,0.061,16,0.1400,0.1400,9
100,80,3,2.334e-03,0.412,59,0.3400,0.2200,23
