cls,C15,C12,C14,C08,C09,C10,C36,C30,C28,C29,C11,C13,C33,C26,C27,C16,C19,C20,C25,C37,C39,C01,C02,C06,C05,C07,C03,C04,C47,C41,C43,C40,C42,C24,C17,C45,C18,C44,C23,C21,C22,C31,C49,C50,C46,C34,C32,C35,C38,C48
C15返,0.000,1.835,1.815,2.673,2.909,2.915,1.901,2.851,2.243,2.883,3.416,2.609,3.000,3.147,2.911,4.662,4.257,4.581,5.409,4.571,4.782,6.088,5.277,4.221,4.249,4.243,4.861,4.217,10.629,7.893,5.937,6.412,5.430,9.439,6.780,9.385,8.613,7.782,8.932,6.824,5.910,4.243,5.265,5.211,8.604,8.260,8.224,8.487,9.705,7.713
C12待,1.835,0.000,0.848,2.210,1.737,1.774,2.345,3.175,2.580,3.139,2.069,2.215,2.522,2.774,2.714,4.457,3.921,4.236,4.578,3.398,4.051,5.120,4.146,3.245,2.950,2.920,3.292,2.735,10.386,7.973,6.123,6.457,5.277,8.921,6.702,9.197,8.585,7.799,9.178,6.864,5.681,4.506,5.386,5.306,8.418,8.071,8.187,8.362,9.245,7.328
C14行,1.815,0.848,0.000,2.540,2.180,2.220,1.987,2.682,2.223,2.654,1.995,1.802,2.207,2.553,2.401,4.480,3.987,4.400,4.501,3.284,3.843,5.567,4.715,3.755,3.533,3.528,3.734,3.278,10.046,7.759,5.938,6.311,5.160,8.776,6.549,9.067,8.412,7.610,8.776,6.563,5.364,3.994,5.007,4.920,8.128,7.623,7.716,7.918,8.935,6.997
C08退,2.673,2.210,2.540,0.000,2.641,1.896,3.108,4.088,3.638,4.366,3.813,3.610,4.300,4.597,4.325,5.471,4.765,5.229,6.185,4.869,5.699,6.434,5.145,2.158,2.598,2.538,3.299,3.158,11.438,8.825,7.078,7.561,6.438,9.973,7.821,10.093,9.492,8.613,9.589,7.469,6.774,5.466,6.475,6.419,9.269,9.061,9.132,9.246,10.445,8.643
C09出,2.909,1.737,2.180,2.641,0.000,1.011,3.222,3.933,3.250,3.706,2.230,2.746,3.012,3.022,3.250,3.891,3.223,3.404,3.938,2.817,3.711,4.260,3.258,3.445,2.603,2.356,2.705,2.244,9.921,7.390,5.649,5.792,4.557,8.275,6.071,8.423,8.007,7.267,9.398,6.768,5.590,4.945,5.440,5.241,7.951,8.018,8.234,8.376,8.823,7.113
C10发,2.915,1.774,2.220,1.896,1.011,0.000,3.068,3.919,3.252,3.841,2.748,2.980,3.433,3.613,3.645,4.343,3.563,3.930,4.638,3.361,4.353,5.032,3.875,2.900,2.253,2.050,2.481,2.288,10.280,7.742,6.009,6.294,5.068,8.689,6.557,8.811,8.365,7.545,9.330,6.815,5.844,5.011,5.672,5.532,8.190,8.182,8.390,8.485,9.210,7.505
C36静,1.901,2.345,1.987,3.108,3.222,3.068,0.000,2.102,1.283,1.913,3.598,2.477,2.606,3.079,2.851,4.498,4.061,4.528,5.058,4.223,4.512,6.544,5.880,4.852,4.712,4.738,5.063,4.722,9.824,7.373,5.443,6.039,4.981,8.815,6.343,8.730,8.126,7.083,7.922,5.868,4.995,3.218,4.321,4.304,7.667,7.151,7.208,7.361,8.882,6.869
C30败,2.851,3.175,2.682,4.088,3.933,3.919,2.102,0.000,1.548,1.204,3.720,2.082,2.606,2.887,2.041,4.473,3.981,4.359,4.580,4.165,4.110,6.722,6.218,5.791,5.554,5.487,5.609,5.371,8.777,6.556,4.950,5.663,4.616,8.068,5.723,8.126,7.352,6.401,6.865,4.903,4.090,1.917,3.593,3.568,6.817,5.930,5.827,6.096,7.706,5.782
C28意,2.243,2.580,2.223,3.638,3.250,3.252,1.283,1.548,0.000,1.125,3.488,2.059,2.261,2.463,2.131,4.129,3.686,3.999,4.367,3.861,3.842,6.156,5.643,5.392,5.076,5.042,5.222,4.900,8.999,6.594,4.703,5.254,4.170,8.204,5.668,8.045,7.403,6.369,7.452,5.237,4.297,2.536,3.614,3.617,6.950,6.395,6.467,6.666,8.077,6.057
C29失,2.883,3.139,2.654,4.366,3.706,3.841,1.913,1.204,1.125,0.000,3.489,2.020,2.073,2.226,1.835,4.052,3.655,3.961,3.945,3.742,3.578,6.294,5.950,6.063,5.665,5.594,5.641,5.350,8.410,6.205,4.469,5.065,3.988,7.677,5.197,7.685,6.972,6.015,6.919,4.747,3.716,1.753,3.123,3.019,6.432,5.672,5.636,5.902,7.304,5.282
C11等,3.416,2.069,1.995,3.813,2.230,2.748,3.598,3.720,3.488,3.489,0.000,2.258,2.211,2.266,2.510,4.476,3.970,4.161,3.389,2.073,2.874,4.352,3.700,4.337,3.685,3.533,3.267,2.794,9.563,7.622,6.056,6.103,4.948,8.156,6.247,8.756,8.203,7.638,9.282,6.870,5.352,4.612,5.312,5.047,7.953,7.473,7.668,7.869,8.202,6.383
C13运,2.609,2.215,1.802,3.610,2.746,2.980,2.477,2.082,2.059,2.020,2.258,0.000,2.109,2.133,1.625,4.137,3.428,3.875,3.742,2.848,2.966,5.454,4.898,4.894,4.490,4.433,4.314,4.114,8.555,6.361,4.924,5.200,4.172,7.901,5.626,8.019,7.341,6.559,7.649,5.450,4.340,2.864,3.736,3.543,6.865,6.264,6.402,6.653,7.689,5.679
C33紧,3.000,2.522,2.207,4.300,3.012,3.433,2.606,2.606,2.261,2.073,2.211,2.109,0.000,1.277,1.673,4.341,4.011,4.032,3.369,2.750,2.564,4.927,4.603,5.435,4.904,4.796,4.805,4.179,9.066,6.989,5.228,5.329,4.251,8.068,5.764,8.283,7.766,7.001,8.610,6.271,4.811,3.436,4.299,4.016,7.438,6.664,6.863,7.085,7.820,5.818
C26气,3.147,2.774,2.553,4.597,3.022,3.613,3.079,2.887,2.463,2.226,2.266,2.133,1.277,0.000,1.260,4.027,3.756,3.592,2.792,2.787,2.361,4.506,4.342,5.770,5.189,4.992,4.951,4.391,8.764,6.637,4.949,4.971,3.870,7.740,5.350,7.969,7.391,6.678,8.455,6.013,4.476,3.533,4.201,3.915,7.165,6.607,6.694,6.989,7.458,5.410
C27满,2.911,2.714,2.401,4.325,3.250,3.645,2.851,2.041,2.131,1.835,2.510,1.625,1.673,1.260,0.000,4.128,3.712,3.694,3.299,3.114,2.795,5.125,4.808,5.623,5.182,5.000,4.999,4.573,8.714,6.520,4.914,5.212,4.091,7.792,5.438,8.021,7.324,6.551,7.903,5.599,4.205,2.968,3.984,3.781,7.057,6.353,6.350,6.676,7.451,5.417
C16回,4.662,4.457,4.480,5.471,3.891,4.343,4.498,4.473,4.129,4.052,4.476,4.137,4.341,4.027,4.128,0.000,1.505,1.619,3.613,3.989,4.472,5.484,5.423,6.609,5.494,5.555,5.710,5.542,8.150,5.468,3.453,4.670,3.247,5.261,2.887,5.434,4.834,4.448,7.820,4.878,3.612,4.596,4.057,4.215,5.699,6.693,6.762,6.940,6.815,5.782
C19完,4.257,3.921,3.987,4.765,3.223,3.563,4.061,3.981,3.686,3.655,3.970,3.428,4.011,3.756,3.712,1.505,0.000,1.451,3.401,3.413,4.038,5.168,4.909,5.909,4.809,4.838,4.876,4.863,7.925,5.208,3.535,4.416,3.112,5.771,3.391,5.727,5.194,4.670,7.497,4.562,3.545,4.119,3.743,3.775,5.522,6.330,6.487,6.622,6.783,5.529
C20成,4.581,4.236,4.400,5.229,3.404,3.930,4.528,4.359,3.999,3.961,4.161,3.875,4.032,3.592,3.694,1.619,1.451,0.000,3.003,3.600,3.951,4.472,4.462,6.311,5.194,5.076,5.238,5.046,8.132,5.369,3.615,4.325,2.875,5.709,3.267,5.666,5.306,4.791,8.108,5.074,3.838,4.616,4.231,4.194,5.919,6.739,6.870,7.046,6.833,5.615
C25生,5.409,4.578,4.501,6.185,3.938,4.638,5.058,4.580,4.367,3.945,3.389,3.742,3.369,2.792,3.299,3.613,3.401,3.003,0.000,2.376,2.268,4.021,4.414,7.055,5.963,5.745,5.337,5.170,7.254,5.631,4.455,4.309,3.066,5.721,4.016,6.250,6.016,5.519,8.312,5.521,3.740,4.507,4.286,3.993,5.786,5.810,6.093,6.285,5.610,4.118
C37疲,4.571,3.398,3.284,4.869,2.817,3.361,4.223,4.165,3.861,3.742,2.073,2.848,2.750,2.787,3.114,3.989,3.413,3.600,2.376,0.000,1.873,4.121,3.893,5.450,4.418,4.327,3.793,3.644,8.122,6.356,5.006,4.817,3.730,6.952,5.191,7.267,7.046,6.470,8.890,6.237,4.624,4.523,4.579,4.277,6.674,6.452,6.973,7.064,7.011,5.419
C39放,4.782,4.051,3.843,5.699,3.711,4.353,4.512,4.110,3.842,3.578,2.874,2.966,2.564,2.361,2.795,4.472,4.038,3.951,2.268,1.873,0.000,4.162,4.288,6.499,5.616,5.487,5.071,4.685,7.497,5.716,4.556,3.944,3.171,7.163,5.098,7.103,6.883,6.266,8.851,6.307,4.706,4.269,4.181,3.794,6.513,6.013,6.586,6.783,6.689,4.923
C01开,6.088,5.120,5.567,6.434,4.260,5.032,6.544,6.722,6.156,6.294,4.352,5.454,4.927,4.506,5.125,5.484,5.168,4.472,4.021,4.121,4.162,0.000,1.686,6.372,5.286,5.013,4.919,4.280,10.087,7.998,6.773,6.073,5.351,8.533,6.818,8.643,8.659,8.290,11.439,8.644,7.126,7.341,7.096,6.816,8.908,9.158,9.628,9.722,8.938,7.450
C02始,5.277,4.146,4.715,5.145,3.258,3.875,5.880,6.218,5.643,5.950,3.700,4.898,4.603,4.342,4.808,5.423,4.909,4.462,4.414,3.893,4.288,1.686,0.000,4.873,3.851,3.526,3.542,2.813,10.657,8.330,6.956,6.511,5.620,9.005,7.205,9.183,9.025,8.548,11.373,8.624,7.249,7.103,7.177,6.930,9.234,9.377,9.784,9.877,9.481,7.924
C06进,4.221,3.245,3.755,2.158,3.445,2.900,4.852,5.791,5.392,6.063,4.337,4.894,5.435,5.770,5.623,6.609,5.909,6.311,7.055,5.450,6.499,6.372,4.873,0.000,1.651,1.762,2.627,2.508,12.592,10.101,8.459,8.745,7.680,10.929,9.090,11.224,10.743,9.989,11.223,9.072,8.206,7.172,7.977,7.908,10.609,10.447,10.659,10.714,11.583,9.863
C05前,4.249,2.950,3.533,2.598,2.603,2.253,4.712,5.554,5.076,5.665,3.685,4.490,4.904,5.189,5.182,5.494,4.809,5.194,5.963,4.418,5.616,5.286,3.851,1.651,0.000,0.927,1.730,1.626,11.595,9.130,7.482,7.770,6.641,9.648,7.948,9.971,9.596,8.920,10.789,8.360,7.353,6.759,7.246,7.200,9.594,9.673,9.985,10.007,10.511,8.970
C07后,4.243,2.920,3.528,2.538,2.356,2.050,4.738,5.487,5.042,5.594,3.533,4.433,4.796,4.992,5.000,5.555,4.838,5.076,5.745,4.327,5.487,5.013,3.526,1.762,0.927,0.000,1.551,1.378,11.600,9.137,7.536,7.729,6.568,9.681,7.931,10.031,9.674,8.980,10.815,8.350,7.324,6.724,7.332,7.209,9.632,9.675,9.927,9.977,10.425,8.853
C03停,4.861,3.292,3.734,3.299,2.705,2.481,5.063,5.609,5.222,5.641,3.267,4.314,4.805,4.951,4.999,5.710,4.876,5.238,5.337,3.793,5.071,4.919,3.542,2.627,1.730,1.551,0.000,1.496,10.908,8.837,7.489,7.563,6.447,9.271,7.831,9.764,9.433,8.787,10.444,8.037,6.995,6.571,7.070,6.926,9.101,9.035,9.387,9.379,9.716,8.177
C04止,4.217,2.735,3.278,3.158,2.244,2.288,4.722,5.371,4.900,5.350,2.794,4.114,4.179,4.391,4.573,5.542,4.863,5.046,5.170,3.644,4.685,4.280,2.813,2.508,1.626,1.378,1.496,0.000,11.224,8.917,7.338,7.320,6.245,9.533,7.753,9.915,9.543,8.927,10.938,8.431,7.218,6.534,7.104,6.922,9.484,9.333,9.669,9.732,10.010,8.388
C47右,10.629,10.386,10.046,11.438,9.921,10.280,9.824,8.777,8.999,8.410,9.563,8.555,9.066,8.764,8.714,8.150,7.925,8.132,7.254,8.122,7.497,10.087,10.657,12.592,11.595,11.600,10.908,11.224,0.000,4.234,6.144,5.773,6.313,6.148,6.190,4.957,5.505,5.408,6.995,6.007,6.153,7.356,5.844,5.866,3.531,4.057,5.015,4.888,4.068,4.627
C41上,7.893,7.973,7.759,8.825,7.390,7.742,7.373,6.556,6.594,6.205,7.622,6.361,6.989,6.637,6.520,5.468,5.208,5.369,5.631,6.356,5.716,7.998,8.330,10.101,9.130,9.137,8.837,8.917,4.234,0.000,2.711,2.985,3.495,5.558,3.844,3.568,3.524,2.821,6.975,4.918,4.906,5.572,3.948,4.042,3.668,4.794,5.432,5.547,5.349,4.946
C43下,5.937,6.123,5.938,7.078,5.649,6.009,5.443,4.950,4.703,4.469,6.056,4.924,5.228,4.949,4.914,3.453,3.535,3.615,4.455,5.006,4.556,6.773,6.956,8.459,7.482,7.536,7.489,7.338,6.144,2.711,0.000,2.492,1.922,5.424,2.707,4.055,3.601,2.527,7.231,4.595,3.930,4.375,3.011,3.266,4.454,5.325,5.772,5.930,6.045,5.141
C40松,6.412,6.457,6.311,7.561,5.792,6.294,6.039,5.663,5.254,5.065,6.103,5.200,5.329,4.971,5.212,4.670,4.416,4.325,4.309,4.817,3.944,6.073,6.511,8.745,7.770,7.729,7.563,7.320,5.773,2.985,2.492,0.000,1.904,6.600,3.958,4.802,5.063,4.299,8.320,5.779,4.985,5.142,3.749,3.610,5.073,5.702,6.462,6.578,6.415,5.212
C42方,5.430,5.277,5.160,6.438,4.557,5.068,4.981,4.616,4.170,3.988,4.948,4.172,4.251,3.870,4.091,3.247,3.112,2.875,3.066,3.730,3.171,5.351,5.620,7.680,6.641,6.568,6.447,6.245,6.313,3.495,1.922,1.904,0.000,5.715,3.004,4.654,4.646,3.701,7.828,4.963,3.831,4.261,3.203,3.114,4.825,5.449,5.992,6.147,5.978,4.727
C24过,9.439,8.921,8.776,9.973,8.275,8.689,8.815,8.068,8.204,7.677,8.156,7.901,8.068,7.740,7.792,5.261,5.771,5.709,5.721,6.952,7.163,8.533,9.005,10.929,9.648,9.681,9.271,9.533,6.148,5.558,5.424,6.600,5.715,0.000,3.549,3.502,3.172,3.984,7.778,5.547,4.815,7.247,6.082,6.288,4.390,6.081,6.189,6.235,4.169,5.355
C17通,6.780,6.702,6.549,7.821,6.071,6.557,6.343,5.723,5.668,5.197,6.247,5.626,5.764,5.350,5.438,2.887,3.391,3.267,4.016,5.191,5.098,6.818,7.205,9.090,7.948,7.931,7.831,7.753,6.190,3.844,2.707,3.958,3.004,3.549,0.000,3.296,2.598,2.745,7.212,4.388,3.398,5.046,3.926,3.986,4.056,5.471,5.557,5.817,4.965,4.677
C45左,9.385,9.197,9.067,10.093,8.423,8.811,8.730,8.126,8.045,7.685,8.756,8.019,8.283,7.969,8.021,5.434,5.727,5.666,6.250,7.267,7.103,8.643,9.183,11.224,9.971,10.031,9.764,9.915,4.957,3.568,4.055,4.802,4.654,3.502,3.296,0.000,2.497,2.714,7.874,5.540,5.252,7.225,5.482,5.732,3.649,5.939,6.512,6.472,5.107,5.789
C18过,8.613,8.585,8.412,9.492,8.007,8.365,8.126,7.352,7.403,6.972,8.203,7.341,7.766,7.391,7.324,4.834,5.194,5.306,6.016,7.046,6.883,8.659,9.025,10.743,9.596,9.674,9.433,9.543,5.505,3.524,3.601,5.063,4.646,3.172,2.598,2.497,0.000,2.162,7.070,4.845,4.686,6.406,4.960,5.237,3.642,5.589,5.764,5.927,4.887,5.458
C44方,7.782,7.799,7.610,8.613,7.267,7.545,7.083,6.401,6.369,6.015,7.638,6.559,7.001,6.678,6.551,4.448,4.670,4.791,5.519,6.470,6.266,8.290,8.548,9.989,8.920,8.980,8.787,8.927,5.408,2.821,2.527,4.299,3.701,3.984,2.745,2.714,2.162,0.000,6.417,4.021,3.915,5.479,4.016,4.434,3.289,5.002,5.275,5.352,5.054,5.061
C23难,8.932,9.178,8.776,9.589,9.398,9.330,7.922,6.865,7.452,6.919,9.282,7.649,8.610,8.455,7.903,7.820,7.497,8.108,8.312,8.890,8.851,11.439,11.373,11.223,10.789,10.815,10.444,10.938,6.995,6.975,7.231,8.320,7.828,7.778,7.212,7.874,7.070,6.417,0.000,3.192,5.000,5.406,5.402,5.710,4.911,4.520,3.639,3.600,6.419,5.693
C21开,6.824,6.864,6.563,7.469,6.768,6.815,5.868,4.903,5.237,4.747,6.870,5.450,6.271,6.013,5.599,4.878,4.562,5.074,5.521,6.237,6.307,8.644,8.624,9.072,8.360,8.350,8.037,8.431,6.007,4.918,4.595,5.779,4.963,5.547,4.388,5.540,4.845,4.021,3.192,0.000,2.237,3.589,3.205,3.542,3.107,3.581,3.140,3.173,4.918,3.921
C22心,5.910,5.681,5.364,6.774,5.590,5.844,4.995,4.090,4.297,3.716,5.352,4.340,4.811,4.476,4.205,3.612,3.545,3.838,3.740,4.624,4.706,7.126,7.249,8.206,7.353,7.324,6.995,7.218,6.153,4.906,3.930,4.985,3.831,4.815,3.398,5.252,4.686,3.915,5.000,2.237,0.000,3.097,2.655,2.937,3.613,3.858,3.722,3.876,4.559,3.205
C31成,4.243,4.506,3.994,5.466,4.945,5.011,3.218,1.917,2.536,1.753,4.612,2.864,3.436,3.533,2.968,4.596,4.119,4.616,4.507,4.523,4.269,7.341,7.103,7.172,6.759,6.724,6.571,6.534,7.356,5.572,4.375,5.142,4.261,7.247,5.046,7.225,6.406,5.479,5.406,3.589,3.097,0.000,2.364,2.269,5.376,4.307,4.165,4.451,6.393,4.430
C49前,5.265,5.386,5.007,6.475,5.440,5.672,4.321,3.593,3.614,3.123,5.312,3.736,4.299,4.201,3.984,4.057,3.743,4.231,4.286,4.579,4.181,7.096,7.177,7.977,7.246,7.332,7.070,7.104,5.844,3.948,3.011,3.749,3.203,6.082,3.926,5.482,4.960,4.016,5.402,3.205,2.655,2.364,0.000,1.126,3.922,3.697,4.130,4.237,5.586,3.821
C50面,5.211,5.306,4.920,6.419,5.241,5.532,4.304,3.568,3.617,3.019,5.047,3.543,4.016,3.915,3.781,4.215,3.775,4.194,3.993,4.277,3.794,6.816,6.930,7.908,7.200,7.209,6.926,6.922,5.866,4.042,3.266,3.610,3.114,6.288,3.986,5.732,5.237,4.434,5.710,3.542,2.937,2.269,1.126,0.000,4.101,3.726,4.137,4.317,5.541,3.626
C46边,8.604,8.418,8.128,9.269,7.951,8.190,7.667,6.817,6.950,6.432,7.953,6.865,7.438,7.165,7.057,5.699,5.522,5.919,5.786,6.674,6.513,8.908,9.234,10.609,9.594,9.632,9.101,9.484,3.531,3.668,4.454,5.073,4.825,4.390,4.056,3.649,3.642,3.289,4.911,3.107,3.613,5.376,3.922,4.101,0.000,3.021,3.569,3.376,3.400,3.514
C34张,8.260,8.071,7.623,9.061,8.018,8.182,7.151,5.930,6.395,5.672,7.473,6.264,6.664,6.607,6.353,6.693,6.330,6.739,5.810,6.452,6.013,9.158,9.377,10.447,9.673,9.675,9.035,9.333,4.057,4.794,5.325,5.702,5.449,6.081,5.471,5.939,5.589,5.002,4.520,3.581,3.858,4.307,3.697,3.726,3.021,0.000,1.774,1.422,3.494,2.688
C32功,8.224,8.187,7.716,9.132,8.234,8.390,7.208,5.827,6.467,5.636,7.668,6.402,6.863,6.694,6.350,6.762,6.487,6.870,6.093,6.973,6.586,9.628,9.784,10.659,9.985,9.927,9.387,9.669,5.015,5.432,5.772,6.462,5.992,6.189,5.557,6.512,5.764,5.275,3.639,3.140,3.722,4.165,4.130,4.137,3.569,1.774,0.000,1.028,3.637,2.917
C35平,8.487,8.362,7.918,9.246,8.376,8.485,7.361,6.096,6.666,5.902,7.869,6.653,7.085,6.989,6.676,6.940,6.622,7.046,6.285,7.064,6.783,9.722,9.877,10.714,10.007,9.977,9.379,9.732,4.888,5.547,5.930,6.578,6.147,6.235,5.817,6.472,5.927,5.352,3.600,3.173,3.876,4.451,4.237,4.317,3.376,1.422,1.028,0.000,3.627,2.983
C38劳,9.705,9.245,8.935,10.445,8.823,9.210,8.882,7.706,8.077,7.304,8.202,7.689,7.820,7.458,7.451,6.815,6.783,6.833,5.610,7.011,6.689,8.938,9.481,11.583,10.511,10.425,9.716,10.010,4.068,5.349,6.045,6.415,5.978,4.169,4.965,5.107,4.887,5.054,6.419,4.918,4.559,6.393,5.586,5.541,3.400,3.494,3.637,3.627,0.000,2.689
C48边,7.713,7.328,6.997,8.643,7.113,7.505,6.869,5.782,6.057,5.282,6.383,5.679,5.818,5.410,5.417,5.782,5.529,5.615,4.118,5.419,4.923,7.450,7.924,9.863,8.970,8.853,8.177,8.388,4.627,4.946,5.141,5.212,4.727,5.355,4.677,5.789,5.458,5.061,5.693,3.921,3.205,4.430,3.821,3.626,3.514,2.688,2.917,2.983,2.689,0.000
