cls,C48,C26,C24,C03,C04,C01,C02,C09,C10,C05,C11,C07,C08,C21,C22,C25,C19,C20,C16,C12,C06,C14,C15,C23,C27,C18,C34,C45,C47,C41,C40,C50,C42,C46,C39,C44,C49,C38,C32,C35,C33,C37,C28,C31,C36,C29,C30,C43,C13,C17
C48边,0.000,6.753,8.438,8.588,7.940,7.243,7.535,7.708,7.429,6.719,6.434,6.482,6.453,6.371,6.418,6.363,5.287,6.447,7.018,7.368,5.792,6.315,6.442,6.618,6.467,9.389,9.980,10.189,9.276,9.051,8.732,4.812,7.028,6.275,7.758,8.642,6.027,8.176,7.379,6.895,7.032,6.539,5.264,5.544,7.000,5.756,5.507,7.987,8.712,8.835
C26气,6.753,0.000,7.613,7.791,6.944,6.502,6.556,7.028,7.438,6.247,6.320,5.499,5.857,5.416,5.927,6.107,5.250,5.168,7.806,7.280,6.047,6.975,6.239,6.331,6.093,9.577,10.587,10.998,10.008,9.978,9.451,8.102,8.662,8.427,9.386,9.048,7.166,8.541,8.879,8.983,7.990,7.326,7.329,8.188,7.607,7.171,6.107,10.324,8.825,8.782
C24过,8.438,7.613,0.000,6.254,5.767,6.360,6.569,5.383,5.731,5.576,4.877,5.343,5.108,4.939,4.271,5.889,6.248,5.298,5.795,5.161,6.663,6.595,6.245,6.281,5.124,8.412,9.680,9.315,8.894,8.602,8.659,8.283,8.050,7.537,8.120,8.095,8.116,7.032,7.376,8.611,7.408,6.398,6.899,7.285,6.419,6.983,6.402,8.944,7.326,7.411
C03停,8.588,7.791,6.254,0.000,2.869,2.942,2.942,4.450,4.866,3.122,4.180,4.069,4.454,5.697,5.746,5.539,5.675,5.339,6.107,5.067,4.896,6.914,6.256,7.219,6.180,7.752,8.839,9.630,9.314,8.478,9.192,8.095,8.068,8.175,8.174,8.077,8.203,8.143,8.769,8.325,7.797,6.751,6.502,8.172,6.895,6.907,7.196,8.976,6.770,6.750
C04止,7.940,6.944,5.767,2.869,0.000,2.659,2.762,3.578,3.811,2.672,3.722,3.824,3.947,5.362,5.371,5.151,5.277,4.980,6.398,5.028,5.403,6.902,6.194,7.229,5.877,7.454,8.273,8.902,8.520,7.848,8.307,7.207,7.421,7.611,7.364,7.240,7.712,6.811,7.443,7.260,6.226,6.075,5.814,7.211,6.197,5.962,6.083,8.483,6.376,6.349
C01开,7.243,6.502,6.360,2.942,2.659,0.000,1.200,4.143,4.438,2.293,3.585,3.263,4.085,5.243,5.368,5.312,4.864,4.730,6.169,4.639,4.125,6.268,5.621,6.537,5.404,7.920,8.713,9.470,8.825,8.395,8.722,7.126,7.625,7.619,7.809,7.900,7.083,7.704,8.037,7.608,6.809,6.313,5.891,7.280,6.620,6.185,5.898,8.472,6.794,6.739
C02始,7.535,6.556,6.569,2.942,2.762,1.200,0.000,4.545,4.899,2.429,3.749,3.510,4.279,5.495,5.457,5.392,4.969,4.722,6.251,4.491,4.164,6.246,5.611,6.598,5.500,8.481,9.279,9.929,9.340,8.724,9.171,7.605,8.129,8.245,8.192,8.413,7.479,8.176,8.651,8.149,7.224,6.593,6.294,7.784,7.007,6.639,6.180,8.685,7.050,7.129
C09出,7.708,7.028,5.383,4.450,3.578,4.143,4.545,0.000,2.036,3.214,2.849,3.270,3.016,4.811,4.863,4.900,4.829,4.645,5.834,4.885,5.233,5.876,5.236,6.858,5.585,6.860,8.255,8.199,7.829,7.604,7.872,6.649,6.294,6.444,6.610,6.533,7.130,7.093,6.916,7.489,6.121,6.080,5.275,6.377,5.890,5.882,5.927,7.797,5.320,5.046
C10发,7.429,7.438,5.731,4.866,3.811,4.438,4.899,2.036,0.000,3.471,3.091,4.154,3.733,4.983,5.209,5.357,4.958,5.229,5.957,4.822,5.446,5.778,5.554,7.039,6.059,6.452,8.003,8.215,7.724,7.489,7.649,6.141,6.139,6.113,6.286,6.356,7.022,6.892,6.486,6.947,5.612,5.968,4.690,5.650,5.913,5.788,6.138,7.544,4.595,4.767
C05前,6.719,6.247,5.576,3.122,2.672,2.293,2.429,3.214,3.471,0.000,2.123,2.298,2.792,4.481,4.479,4.617,3.861,3.750,5.335,3.887,3.287,5.162,4.669,5.858,5.114,7.615,8.818,9.539,8.947,8.352,8.689,6.857,7.259,7.141,7.581,7.777,6.841,7.306,7.705,7.506,6.351,6.118,5.234,6.742,6.291,5.866,5.670,8.207,6.086,6.185
C11等,6.434,6.320,4.877,4.180,3.722,3.585,3.749,2.849,3.091,2.123,0.000,2.301,2.471,3.875,3.529,3.965,3.322,2.928,4.484,3.213,3.340,4.153,3.640,5.341,4.390,7.679,9.054,9.309,8.758,8.395,8.591,6.701,7.040,6.748,7.173,7.692,6.674,7.423,7.294,7.658,6.172,5.603,4.774,6.037,5.798,5.514,5.212,7.879,5.840,5.941
C07后,6.482,5.499,5.343,4.069,3.824,3.263,3.510,3.270,4.154,2.298,2.301,0.000,2.242,4.107,3.905,3.993,3.288,2.776,5.235,4.451,3.225,5.157,4.242,5.563,4.659,7.693,9.219,9.509,8.952,8.702,8.878,7.058,7.254,7.056,7.826,7.860,6.763,7.548,7.706,7.879,6.869,6.106,5.608,6.881,6.104,5.826,5.301,8.619,6.878,6.600
C08退,6.453,5.857,5.108,4.454,3.947,4.085,4.279,3.016,3.733,2.792,2.471,2.242,0.000,3.901,3.911,4.136,3.516,3.487,5.074,4.270,3.859,4.817,4.293,5.069,4.640,7.379,9.281,9.284,8.815,8.320,8.542,6.741,7.050,6.859,7.485,7.577,6.885,7.346,7.501,7.775,6.700,6.072,5.312,6.716,6.133,5.740,5.503,8.390,6.380,6.395
C21开,6.371,5.416,4.939,5.697,5.362,5.243,5.495,4.811,4.983,4.481,3.875,4.107,3.901,0.000,2.983,4.319,4.290,3.971,5.360,4.939,4.978,5.229,4.910,4.532,4.368,7.615,8.708,8.882,8.116,8.478,8.184,6.830,7.301,6.125,7.524,7.378,6.671,6.698,6.855,7.287,6.790,5.832,5.169,6.031,5.741,5.452,4.820,8.657,6.817,6.702
C22心,6.418,5.927,4.271,5.746,5.371,5.368,5.457,4.863,5.209,4.479,3.529,3.905,3.911,2.983,0.000,3.866,4.203,3.355,4.373,4.081,4.742,4.685,4.104,4.607,3.971,8.427,9.464,9.362,8.671,8.550,8.860,7.015,7.397,6.605,7.532,7.922,6.929,7.187,7.124,7.949,6.941,5.629,5.200,6.060,5.765,5.706,4.811,8.371,7.017,7.047
C25生,6.363,6.107,5.889,5.539,5.151,5.312,5.392,4.900,5.357,4.617,3.965,3.993,4.136,4.319,3.866,0.000,4.125,3.483,5.099,5.286,5.252,5.600,4.857,6.147,4.613,7.558,8.216,8.371,7.938,7.937,7.935,6.542,6.566,6.512,6.579,7.338,6.176,6.659,6.796,6.938,6.150,4.973,4.617,5.982,4.557,4.330,4.152,7.891,7.293,6.286
C19完,5.287,5.250,6.248,5.675,5.277,4.864,4.969,4.829,4.958,3.861,3.322,3.288,3.516,4.290,4.203,4.125,0.000,3.000,5.066,5.071,3.663,4.590,4.159,5.474,5.093,7.771,9.732,9.851,9.327,8.508,8.780,6.231,7.105,6.964,7.577,8.044,6.364,7.820,7.734,7.708,6.719,5.866,5.032,6.390,5.854,5.532,5.221,8.303,6.877,6.834
C20成,6.447,5.168,5.298,5.339,4.980,4.730,4.722,4.645,5.229,3.750,2.928,2.776,3.487,3.971,3.355,3.483,3.000,0.000,4.781,4.790,3.845,4.598,3.657,5.158,4.311,8.592,9.875,10.049,9.448,9.128,9.124,7.467,7.610,7.535,8.018,8.483,6.877,7.769,7.938,8.334,6.859,5.826,5.709,6.785,5.700,5.643,4.909,8.760,7.379,7.187
C16回,7.018,7.806,5.795,6.107,6.398,6.169,6.251,5.834,5.957,5.335,4.484,5.235,5.074,5.360,4.373,5.099,5.066,4.781,0.000,4.583,4.799,3.954,3.721,5.119,4.913,8.823,10.297,10.328,9.754,8.863,8.911,7.266,7.316,7.599,7.774,8.960,6.950,8.681,8.393,8.871,7.551,6.090,5.910,6.854,6.292,6.459,6.139,7.872,7.128,7.006
C12待,7.368,7.280,5.161,5.067,5.028,4.639,4.491,4.885,4.822,3.887,3.213,4.451,4.270,4.939,4.081,5.286,5.071,4.790,4.583,0.000,4.108,4.015,4.168,5.318,4.366,8.821,10.376,10.559,9.792,9.246,9.564,7.831,8.493,8.143,8.184,8.938,7.712,8.837,8.607,8.982,7.558,6.578,5.738,7.193,7.134,6.967,6.441,8.330,6.723,7.031
C06进,5.792,6.047,6.663,4.896,5.403,4.125,4.164,5.233,5.446,3.287,3.340,3.225,3.859,4.978,4.742,5.252,3.663,3.845,4.799,4.108,0.000,3.859,3.468,4.767,4.897,8.994,10.609,11.239,10.423,9.707,9.937,7.347,8.102,7.957,8.847,9.266,6.939,9.264,9.163,8.906,7.868,6.769,5.884,7.373,7.249,6.769,6.399,8.811,7.312,7.779
C14行,6.315,6.975,6.595,6.914,6.902,6.268,6.246,5.876,5.778,5.162,4.153,5.157,4.817,5.229,4.685,5.600,4.590,4.598,3.954,4.015,3.859,0.000,2.459,4.459,4.762,9.583,11.351,11.329,10.543,9.920,9.871,7.502,8.183,8.093,8.547,9.544,7.303,9.652,9.169,9.569,7.867,6.833,5.971,7.083,7.269,6.934,6.443,8.322,7.139,7.668
C15返,6.442,6.239,6.245,6.256,6.194,5.621,5.611,5.236,5.554,4.669,3.640,4.242,4.293,4.910,4.104,4.857,4.159,3.657,3.721,4.168,3.468,2.459,0.000,4.547,4.151,9.565,10.960,11.054,10.254,9.733,9.759,7.553,7.922,8.043,8.556,9.292,6.970,9.365,8.884,9.407,7.471,6.420,5.852,6.927,6.719,6.473,5.822,8.390,7.209,7.404
C23难,6.618,6.331,6.281,7.219,7.229,6.537,6.598,6.858,7.039,5.858,5.341,5.563,5.069,4.532,4.607,6.147,5.474,5.158,5.119,5.318,4.767,4.459,4.547,0.000,4.273,9.647,11.124,11.333,10.368,10.176,9.965,8.176,8.766,8.186,9.440,9.830,7.133,9.173,9.160,9.595,8.279,7.260,6.806,7.677,7.925,7.369,6.375,9.511,8.100,8.622
C27满,6.467,6.093,5.124,6.180,5.877,5.404,5.500,5.585,6.059,5.114,4.390,4.659,4.640,4.368,3.971,4.613,5.093,4.311,4.913,4.366,4.897,4.762,4.151,4.273,0.000,8.872,9.996,9.709,8.913,8.899,8.712,7.313,7.598,7.431,7.899,8.529,6.989,8.076,7.785,8.622,7.097,5.937,5.741,6.693,6.368,5.886,5.017,8.426,7.730,7.514
C18过,9.389,9.577,8.412,7.752,7.454,7.920,8.481,6.860,6.452,7.615,7.679,7.693,7.379,7.615,8.427,7.558,7.771,8.592,8.823,8.821,8.994,9.583,9.565,9.647,8.872,0.000,6.789,7.470,7.351,7.552,6.909,7.243,6.703,6.904,6.831,6.330,8.006,7.082,6.975,6.946,7.599,7.785,6.877,7.501,7.471,7.167,8.511,8.643,7.756,5.977
C34张,9.980,10.587,9.680,8.839,8.273,8.713,9.279,8.255,8.003,8.818,9.054,9.219,9.281,8.708,9.464,8.216,9.732,9.875,10.297,10.376,10.609,11.351,10.960,11.124,9.996,6.789,0.000,5.174,4.903,7.048,6.152,7.577,6.529,5.896,5.978,5.939,7.346,5.308,5.445,4.596,6.725,7.482,6.985,6.716,6.838,6.600,7.636,8.101,8.460,6.257
C45左,10.189,10.998,9.315,9.630,8.902,9.470,9.929,8.199,8.215,9.539,9.309,9.509,9.284,8.882,9.362,8.371,9.851,10.049,10.328,10.559,11.239,11.329,11.054,11.333,9.709,7.470,5.174,0.000,2.999,5.935,5.244,7.046,5.569,5.461,4.892,4.963,8.339,5.894,5.605,6.122,7.636,7.109,7.675,7.104,6.980,7.422,7.607,7.406,8.243,6.726
C47右,9.276,10.008,8.894,9.314,8.520,8.825,9.340,7.829,7.724,8.947,8.758,8.952,8.815,8.116,8.671,7.938,9.327,9.448,9.754,9.792,10.423,10.543,10.254,10.368,8.913,7.351,4.903,2.999,0.000,5.560,4.784,6.338,5.195,4.608,4.824,4.485,7.316,5.700,4.959,5.672,7.029,6.488,6.852,6.363,6.612,7.057,6.826,7.130,8.087,6.412
C41上,9.051,9.978,8.602,8.478,7.848,8.395,8.724,7.604,7.489,8.352,8.395,8.702,8.320,8.478,8.550,7.937,8.508,9.128,8.863,9.246,9.707,9.920,9.733,10.176,8.899,7.552,7.048,5.935,5.560,0.000,5.175,5.639,4.904,5.994,5.055,4.838,8.012,6.794,6.982,6.768,7.122,6.201,6.831,7.230,6.468,7.493,7.740,6.511,7.138,6.682
C40松,8.732,9.451,8.659,9.192,8.307,8.722,9.171,7.872,7.649,8.689,8.591,8.878,8.542,8.184,8.860,7.935,8.780,9.124,8.911,9.564,9.937,9.871,9.759,9.965,8.712,6.909,6.152,5.244,4.784,5.175,0.000,5.593,4.411,5.490,4.549,4.897,6.914,6.003,6.027,6.049,6.373,5.980,6.810,6.473,6.203,6.828,7.078,5.986,7.338,5.997
C50面,4.812,8.102,8.283,8.095,7.207,7.126,7.605,6.649,6.141,6.857,6.701,7.058,6.741,6.830,7.015,6.542,6.231,7.467,7.266,7.831,7.347,7.502,7.553,8.176,7.313,7.243,7.577,7.046,6.338,5.639,5.593,0.000,3.945,4.024,4.694,5.493,6.077,6.507,5.670,5.146,5.775,5.168,4.443,4.396,5.721,5.363,5.722,5.608,6.625,6.710
C42方,7.028,8.662,8.050,8.068,7.421,7.625,8.129,6.294,6.139,7.259,7.040,7.254,7.050,7.301,7.397,6.566,7.105,7.610,7.316,8.493,8.102,8.183,7.922,8.766,7.598,6.703,6.529,5.569,5.195,4.904,4.411,3.945,0.000,3.923,3.951,4.518,6.084,5.948,5.522,5.835,5.744,5.175,5.212,4.941,5.172,5.732,6.153,5.258,6.196,5.454
C46边,6.275,8.427,7.537,8.175,7.611,7.619,8.245,6.444,6.113,7.141,6.748,7.056,6.859,6.125,6.605,6.512,6.964,7.535,7.599,8.143,7.957,8.093,8.043,8.186,7.431,6.904,5.896,5.461,4.608,5.994,5.490,4.024,3.923,0.000,4.555,4.633,5.868,5.089,4.427,4.889,6.236,5.367,4.777,4.133,5.659,5.619,5.757,6.276,6.362,5.844
C39放,7.758,9.386,8.120,8.174,7.364,7.809,8.192,6.610,6.286,7.581,7.173,7.826,7.485,7.524,7.532,6.579,7.577,8.018,7.774,8.184,8.847,8.547,8.556,9.440,7.899,6.831,5.978,4.892,4.824,5.055,4.549,4.694,3.951,4.555,0.000,4.372,6.785,5.925,5.130,5.296,5.791,4.864,5.008,5.045,5.300,5.440,6.134,5.162,6.491,5.363
C44方,8.642,9.048,8.095,8.077,7.240,7.900,8.413,6.533,6.356,7.777,7.692,7.860,7.577,7.378,7.922,7.338,8.044,8.483,8.960,8.938,9.266,9.544,9.292,9.830,8.529,6.330,5.939,4.963,4.485,4.838,4.897,5.493,4.518,4.633,4.372,0.000,7.518,5.742,5.661,5.946,6.724,5.734,5.828,6.230,5.957,6.510,7.146,6.848,6.460,5.853
C49前,6.027,7.166,8.116,8.203,7.712,7.083,7.479,7.130,7.022,6.841,6.674,6.763,6.885,6.671,6.929,6.176,6.364,6.877,6.950,7.712,6.939,7.303,6.970,7.133,6.989,8.006,7.346,8.339,7.316,8.012,6.914,6.077,6.084,5.868,6.785,7.518,0.000,7.148,6.621,6.103,6.018,5.687,5.301,5.448,5.823,5.419,5.089,6.990,7.763,6.260
C38劳,8.176,8.541,7.032,8.143,6.811,7.704,8.176,7.093,6.892,7.306,7.423,7.548,7.346,6.698,7.187,6.659,7.820,7.769,8.681,8.837,9.264,9.652,9.365,9.173,8.076,7.082,5.308,5.894,5.700,6.794,6.003,6.507,5.948,5.089,5.925,5.742,7.148,0.000,4.162,4.418,5.477,6.147,6.094,5.744,5.587,5.391,5.648,8.154,7.760,6.652
C32功,7.379,8.879,7.376,8.769,7.443,8.037,8.651,6.916,6.486,7.705,7.294,7.706,7.501,6.855,7.124,6.796,7.734,7.938,8.393,8.607,9.163,9.169,8.884,9.160,7.785,6.975,5.445,5.605,4.959,6.982,6.027,5.670,5.522,4.427,5.130,5.661,6.621,4.162,0.000,3.974,4.793,6.106,5.208,3.817,5.518,4.749,5.196,7.613,7.939,6.388
C35平,6.895,8.983,8.611,8.325,7.260,7.608,8.149,7.489,6.947,7.506,7.658,7.879,7.775,7.287,7.949,6.938,7.708,8.334,8.871,8.982,8.906,9.569,9.407,9.595,8.622,6.946,4.596,6.122,5.672,6.768,6.049,5.146,5.835,4.889,5.296,5.946,6.103,4.418,3.974,0.000,5.199,5.996,4.996,4.727,5.364,4.335,5.574,7.453,8.187,6.795
C33紧,7.032,7.990,7.408,7.797,6.226,6.809,7.224,6.121,5.612,6.351,6.172,6.869,6.700,6.790,6.941,6.150,6.719,6.859,7.551,7.558,7.868,7.867,7.471,8.279,7.097,7.599,6.725,7.636,7.029,7.122,6.373,5.775,5.744,6.236,5.791,6.724,6.018,5.477,4.793,5.199,0.000,5.963,4.701,4.530,5.257,4.299,4.836,7.332,7.126,6.009
C37疲,6.539,7.326,6.398,6.751,6.075,6.313,6.593,6.080,5.968,6.118,5.603,6.106,6.072,5.832,5.629,4.973,5.866,5.826,6.090,6.578,6.769,6.833,6.420,7.260,5.937,7.785,7.482,7.109,6.488,6.201,5.980,5.168,5.175,5.367,4.864,5.734,5.687,6.147,6.106,5.996,5.963,0.000,4.521,5.043,3.974,4.769,4.793,5.826,6.570,6.084
C28意,5.264,7.329,6.899,6.502,5.814,5.891,6.294,5.275,4.690,5.234,4.774,5.608,5.312,5.169,5.200,4.617,5.032,5.709,5.910,5.738,5.884,5.971,5.852,6.806,5.741,6.877,6.985,7.675,6.852,6.831,6.810,4.443,5.212,4.777,5.008,5.828,5.301,6.094,5.208,4.996,4.701,4.521,0.000,3.556,4.459,3.525,4.639,6.264,6.289,5.359
C31成,5.544,8.188,7.285,8.172,7.211,7.280,7.784,6.377,5.650,6.742,6.037,6.881,6.716,6.031,6.060,5.982,6.390,6.785,6.854,7.193,7.373,7.083,6.927,7.677,6.693,7.501,6.716,7.104,6.363,7.230,6.473,4.396,4.941,4.133,5.045,6.230,5.448,5.744,3.817,4.727,4.530,5.043,3.556,0.000,5.022,4.132,4.687,6.104,6.622,5.989
C36静,7.000,7.607,6.419,6.895,6.197,6.620,7.007,5.890,5.913,6.291,5.798,6.104,6.133,5.741,5.765,4.557,5.854,5.700,6.292,7.134,7.249,7.269,6.719,7.925,6.368,7.471,6.838,6.980,6.612,6.468,6.203,5.721,5.172,5.659,5.300,5.957,5.823,5.587,5.518,5.364,5.257,3.974,4.459,5.022,0.000,3.561,4.300,6.536,7.204,5.927
C29失,5.756,7.171,6.983,6.907,5.962,6.185,6.639,5.882,5.788,5.866,5.514,5.826,5.740,5.452,5.706,4.330,5.532,5.643,6.459,6.967,6.769,6.934,6.473,7.369,5.886,7.167,6.600,7.422,7.057,7.493,6.828,5.363,5.732,5.619,5.440,6.510,5.419,5.391,4.749,4.335,4.299,4.769,3.525,4.132,3.561,0.000,3.413,7.142,7.647,6.219
C30败,5.507,6.107,6.402,7.196,6.083,5.898,6.180,5.927,6.138,5.670,5.212,5.301,5.503,4.820,4.811,4.152,5.221,4.909,6.139,6.441,6.399,6.443,5.822,6.375,5.017,8.511,7.636,7.607,6.826,7.740,7.078,5.722,6.153,5.757,6.134,7.146,5.089,5.648,5.196,5.574,4.836,4.793,4.639,4.687,4.300,3.413,0.000,7.342,7.806,6.630
C43下,7.987,10.324,8.944,8.976,8.483,8.472,8.685,7.797,7.544,8.207,7.879,8.619,8.390,8.657,8.371,7.891,8.303,8.760,7.872,8.330,8.811,8.322,8.390,9.511,8.426,8.643,8.101,7.406,7.130,6.511,5.986,5.608,5.258,6.276,5.162,6.848,6.990,8.154,7.613,7.453,7.332,5.826,6.264,6.104,6.536,7.142,7.342,0.000,6.828,6.342
C13运,8.712,8.825,7.326,6.770,6.376,6.794,7.050,5.320,4.595,6.086,5.840,6.878,6.380,6.817,7.017,7.293,6.877,7.379,7.128,6.723,7.312,7.139,7.209,8.100,7.730,7.756,8.460,8.243,8.087,7.138,7.338,6.625,6.196,6.362,6.491,6.460,7.763,7.760,7.939,8.187,7.126,6.570,6.289,6.622,7.204,7.647,7.806,6.828,0.000,5.264
C17通,8.835,8.782,7.411,6.750,6.349,6.739,7.129,5.046,4.767,6.185,5.941,6.600,6.395,6.702,7.047,6.286,6.834,7.187,7.006,7.031,7.779,7.668,7.404,8.622,7.514,5.977,6.257,6.726,6.412,6.682,5.997,6.710,5.454,5.844,5.363,5.853,6.260,6.652,6.388,6.795,6.009,6.084,5.359,5.989,5.927,6.219,6.630,6.342,5.264,0.000
