cls,C26,C23,C27,C21,C20,C22,C25,C06,C19,C07,C11,C16,C14,C15,C48,C30,C29,C36,C32,C33,C34,C46,C50,C49,C28,C31,C12,C24,C40,C43,C45,C47,C41,C39,C42,C35,C38,C37,C44,C03,C04,C02,C05,C01,C08,C09,C18,C13,C10,C17
C26气,0.000,4.458,4.336,3.941,3.763,4.550,3.741,3.806,3.306,3.147,3.852,4.982,4.489,4.267,4.720,4.007,4.711,4.721,5.479,5.079,6.216,5.987,5.521,5.147,5.503,6.014,11.832,9.311,10.640,9.887,9.376,8.806,8.861,8.350,7.906,7.509,6.846,6.588,6.397,6.581,6.665,5.840,5.777,4.235,4.333,4.652,8.012,8.201,7.723,8.393
C23难,4.458,0.000,3.142,3.151,4.467,4.244,3.854,3.331,3.865,3.671,3.513,3.327,2.973,3.732,4.988,4.438,4.871,5.025,5.686,5.649,6.612,5.445,5.551,5.069,4.957,5.564,10.890,8.342,10.349,9.217,8.989,8.391,8.623,8.042,7.654,7.423,6.821,6.308,6.484,6.072,6.524,5.830,5.408,4.505,3.583,4.296,7.573,7.528,7.082,7.983
C27满,4.336,3.142,0.000,4.344,5.018,5.317,3.326,3.560,4.070,3.748,3.604,3.854,3.410,4.293,5.519,4.255,4.475,4.217,5.664,5.623,6.597,5.124,5.431,4.755,4.105,4.872,9.423,6.880,8.926,7.786,7.584,7.062,7.241,6.635,6.422,6.613,5.753,4.786,5.456,4.895,5.176,4.535,4.293,3.718,3.186,3.586,6.806,6.641,5.933,6.698
C21开,3.941,3.151,4.344,0.000,2.959,2.434,3.718,3.290,3.031,3.011,2.889,3.566,3.133,2.871,3.676,3.631,4.201,4.613,4.629,4.933,5.745,5.446,5.127,5.343,5.236,5.597,12.596,9.948,11.640,10.378,9.921,9.383,9.757,9.017,8.670,7.803,7.517,7.357,6.920,7.197,7.708,6.901,6.454,4.920,4.466,4.706,8.454,8.619,8.236,8.967
C20成,3.763,4.467,5.018,2.959,0.000,2.401,3.615,3.503,2.882,2.759,2.957,3.698,3.748,2.451,4.535,3.960,4.702,4.837,5.602,4.966,6.506,6.992,6.074,6.106,6.187,6.719,13.384,10.760,12.561,11.198,11.016,10.551,10.552,9.809,9.468,8.903,8.507,7.968,7.957,7.588,8.126,7.196,6.992,5.125,5.068,5.207,9.394,9.512,9.070,9.699
C22心,4.550,4.244,5.317,2.434,2.401,0.000,4.301,4.188,3.763,3.664,3.714,3.793,4.027,2.704,4.241,4.091,5.061,5.389,5.264,5.364,6.595,6.757,6.011,6.386,6.412,6.713,13.901,11.177,13.049,11.613,11.274,10.735,10.930,10.215,9.825,9.180,8.812,8.461,8.204,8.406,8.933,8.065,7.765,5.978,5.726,5.852,9.899,9.956,9.643,10.292
C25生,3.741,3.854,3.326,3.718,3.615,4.301,0.000,2.941,2.596,2.502,2.718,3.138,3.281,3.513,4.493,3.124,3.276,3.091,4.779,4.438,5.258,5.033,4.717,4.107,3.915,4.737,10.742,8.332,9.762,8.480,8.128,7.766,7.840,7.048,6.728,6.375,5.910,5.398,5.634,5.284,5.693,5.017,4.680,3.572,3.148,3.405,6.869,7.208,6.576,7.039
C06进,3.806,3.331,3.560,3.290,3.503,4.188,2.941,0.000,2.255,1.771,1.860,2.989,2.751,3.054,4.270,4.194,4.116,4.189,5.402,4.924,5.616,5.228,4.785,4.599,4.166,5.189,10.860,8.700,10.348,8.883,8.950,8.494,8.344,7.671,7.314,6.863,6.751,6.002,6.035,4.820,5.701,4.668,4.336,2.708,2.871,3.142,7.049,7.084,6.591,7.370
C19完,3.306,3.865,4.070,3.031,2.882,3.763,2.596,2.255,0.000,1.728,1.871,3.381,3.064,3.143,3.839,3.521,3.685,3.880,4.747,4.256,5.417,5.282,4.544,4.601,4.307,5.219,11.529,9.220,10.648,9.320,9.039,8.684,8.548,7.835,7.586,6.907,6.663,6.337,6.101,5.767,6.205,5.346,5.003,3.392,3.205,3.476,7.218,7.533,7.015,7.670
C07后,3.147,3.671,3.748,3.011,2.759,3.664,2.502,1.771,1.728,0.000,1.719,3.225,3.011,2.799,4.160,3.642,3.987,4.126,5.046,4.657,5.604,5.450,4.911,4.701,4.655,5.474,11.452,9.045,10.725,9.397,9.144,8.752,8.743,8.057,7.635,7.235,6.802,6.430,6.258,5.500,6.084,5.137,4.820,3.054,2.912,3.116,7.349,7.652,7.014,7.675
C11等,3.852,3.513,3.604,2.889,2.957,3.714,2.718,1.860,1.871,1.719,0.000,2.923,2.202,2.572,4.267,3.655,3.750,3.891,4.776,4.151,5.501,5.219,4.744,4.612,4.053,4.875,11.059,8.773,10.509,9.000,8.948,8.519,8.572,7.668,7.530,6.941,6.679,6.109,6.093,5.431,5.895,5.083,4.598,3.134,2.901,2.741,7.243,7.110,6.513,7.312
C16回,4.982,3.327,3.854,3.566,3.698,3.793,3.138,2.989,3.381,3.225,2.923,0.000,2.716,2.666,4.918,4.166,4.349,4.141,5.336,5.074,6.167,5.608,5.248,5.086,4.762,5.407,11.440,8.988,10.711,9.259,9.279,8.831,8.755,8.010,7.526,7.551,7.177,6.333,6.654,6.012,6.735,6.078,5.622,4.511,3.982,4.132,7.818,7.773,7.335,7.885
C14行,4.489,2.973,3.410,3.133,3.748,4.027,3.281,2.751,3.064,3.011,2.202,2.716,0.000,2.531,4.906,4.255,4.388,4.389,5.418,4.954,6.298,5.338,5.109,5.059,4.383,5.239,10.881,8.610,10.406,8.892,8.947,8.451,8.523,7.637,7.503,7.372,7.003,6.196,6.170,5.814,6.314,5.599,5.018,4.097,3.178,3.238,7.400,7.066,6.570,7.393
C15返,4.267,3.732,4.293,2.871,2.451,2.704,3.513,3.054,3.143,2.799,2.572,2.666,2.531,0.000,4.682,4.047,4.566,4.654,5.493,4.889,6.395,6.357,5.619,5.694,5.487,6.193,12.656,10.198,11.969,10.421,10.407,9.860,9.916,9.172,8.753,8.576,8.269,7.415,7.354,7.016,7.626,6.803,6.453,4.825,4.465,4.381,8.917,8.701,8.282,8.911
C48边,4.720,4.988,5.519,3.676,4.535,4.241,4.493,4.270,3.839,4.160,4.267,4.918,4.906,4.682,0.000,3.303,3.570,4.551,3.434,4.113,4.368,4.727,3.329,4.642,4.919,5.059,13.245,10.829,11.341,10.018,9.505,8.981,9.311,8.518,8.178,6.694,7.139,7.371,6.432,7.836,8.125,7.312,7.024,5.260,5.491,5.642,8.509,8.975,8.762,9.267
C30败,4.007,4.438,4.255,3.631,3.960,4.091,3.124,4.194,3.521,3.642,3.655,4.166,4.255,4.047,3.303,0.000,2.630,3.246,3.254,3.343,4.442,4.843,4.005,3.822,4.459,4.500,12.150,9.616,10.370,9.163,8.487,7.961,8.525,7.628,7.433,6.287,6.194,6.150,5.995,7.036,7.078,6.295,6.145,4.498,4.803,4.779,8.160,8.334,7.888,8.162
C29失,4.711,4.871,4.475,4.201,4.702,5.061,3.276,4.116,3.685,3.987,3.750,4.349,4.388,4.566,3.570,2.630,0.000,2.491,3.204,3.078,3.709,4.468,3.713,3.483,3.198,3.478,11.495,9.072,9.702,8.401,8.007,7.661,7.949,6.900,6.750,5.072,5.524,5.534,5.308,6.254,6.375,5.917,5.526,4.262,4.497,4.375,6.978,7.567,7.018,7.345
C36静,4.721,5.025,4.217,4.613,4.837,5.389,3.091,4.189,3.880,4.126,3.891,4.141,4.389,4.654,4.551,3.246,2.491,0.000,4.136,3.843,4.417,4.413,3.978,3.550,3.287,3.712,10.909,8.365,9.026,7.729,7.517,7.108,7.204,6.419,5.981,5.300,5.365,4.591,4.826,5.875,6.049,5.674,5.291,4.337,4.449,4.180,6.809,7.010,6.596,6.855
C32功,5.479,5.686,5.664,4.629,5.602,5.264,4.779,5.402,4.747,5.046,4.776,5.336,5.418,5.493,3.434,3.254,3.204,4.136,0.000,3.204,3.233,3.896,3.455,3.963,4.347,3.392,12.579,10.016,10.180,9.086,8.202,7.663,8.508,7.484,7.186,5.645,5.887,6.672,5.600,7.893,7.823,7.413,6.893,5.688,5.815,5.483,7.566,8.134,7.973,8.101
C33紧,5.079,5.649,5.623,4.933,4.966,5.364,4.438,4.924,4.256,4.657,4.151,5.074,4.954,4.889,4.113,3.343,3.078,3.843,3.204,0.000,3.915,5.198,3.984,4.127,4.241,4.200,12.410,10.105,10.359,9.205,8.811,8.288,8.539,7.569,7.351,6.065,6.391,6.614,6.060,7.395,7.215,6.795,6.364,5.065,5.490,4.924,7.792,7.974,7.618,7.890
C34张,6.216,6.612,6.597,5.745,6.506,6.595,5.258,5.616,5.417,5.604,5.501,6.167,6.298,6.395,4.368,4.442,3.709,4.417,3.233,3.915,0.000,3.876,3.657,3.546,4.443,3.863,12.616,10.501,9.835,8.658,7.872,7.383,8.131,7.172,6.716,5.119,5.988,6.600,5.323,7.528,7.772,7.264,6.819,5.668,6.335,5.791,7.120,7.795,7.952,7.576
C46边,5.987,5.445,5.124,5.446,6.992,6.757,5.033,5.228,5.282,5.450,5.219,5.608,5.338,6.357,4.727,4.843,4.468,4.413,3.896,5.198,3.876,0.000,2.959,3.398,3.445,2.908,10.410,8.183,7.729,6.599,5.683,5.159,6.026,5.174,4.612,4.324,4.294,4.862,3.080,6.318,6.426,6.152,5.434,5.181,4.963,4.654,5.595,5.652,6.033,5.975
C50面,5.521,5.551,5.431,5.127,6.074,6.011,4.717,4.785,4.544,4.911,4.744,5.248,5.109,5.619,3.329,4.005,3.713,3.978,3.455,3.984,3.657,2.959,0.000,3.791,3.664,3.651,11.738,9.671,9.106,7.782,7.282,6.725,6.973,6.279,5.790,5.063,5.679,5.686,4.246,6.843,6.883,6.371,5.986,4.810,5.153,4.764,6.695,7.057,7.046,7.324
C49前,5.147,5.069,4.755,5.343,6.106,6.386,4.107,4.599,4.601,4.701,4.612,5.086,5.059,5.694,4.642,3.822,3.483,3.550,3.963,4.127,3.546,3.398,3.791,0.000,3.283,3.478,10.526,8.333,8.213,7.227,6.501,5.892,6.616,5.701,5.305,4.326,4.688,4.698,4.230,5.861,5.921,5.416,4.992,4.296,4.567,4.287,5.987,6.428,6.153,6.003
C28意,5.503,4.957,4.105,5.236,6.187,6.412,3.915,4.166,4.307,4.655,4.053,4.762,4.383,5.487,4.919,4.459,3.198,3.287,4.347,4.241,4.443,3.445,3.664,3.283,0.000,2.579,9.318,7.420,7.819,6.339,6.342,5.880,5.991,4.901,4.954,3.937,4.411,4.079,3.634,4.835,4.876,4.698,3.965,3.896,3.778,3.423,5.172,5.354,4.831,5.218
C31成,6.014,5.564,4.872,5.597,6.719,6.713,4.737,5.189,5.219,5.474,4.875,5.407,5.239,6.193,5.059,4.500,3.478,3.712,3.392,4.200,3.863,2.908,3.651,3.478,2.579,0.000,9.862,7.649,7.666,6.386,5.969,5.587,6.256,4.924,4.873,3.594,3.920,4.318,3.713,5.866,5.690,5.628,4.979,4.804,4.913,4.451,5.591,5.460,5.459,5.671
C12待,11.832,10.890,9.423,12.596,13.384,13.901,10.742,10.860,11.529,11.452,11.059,11.440,10.881,12.656,13.245,12.150,11.495,10.909,12.579,12.410,12.616,10.410,11.738,10.526,9.318,9.862,0.000,4.269,6.192,6.310,7.353,7.590,7.143,6.975,7.868,8.841,8.090,7.481,8.994,6.929,6.190,7.202,7.030,9.466,9.029,9.214,7.565,6.605,5.575,6.357
C24过,9.311,8.342,6.880,9.948,10.760,11.177,8.332,8.700,9.220,9.045,8.773,8.988,8.610,10.198,10.829,9.616,9.072,8.365,10.016,10.105,10.501,8.183,9.671,8.333,7.420,7.649,4.269,0.000,5.923,5.973,6.314,6.425,6.173,6.045,6.310,7.283,5.805,5.511,7.069,5.615,4.925,5.954,5.462,7.639,6.841,7.130,6.345,5.708,4.600,5.680
C40松,10.640,10.349,8.926,11.640,12.561,13.049,9.762,10.348,10.648,10.725,10.509,10.711,10.406,11.969,11.341,10.370,9.702,9.026,10.180,10.359,9.835,7.729,9.106,8.213,7.819,7.666,6.192,5.923,0.000,3.737,3.503,3.754,3.971,3.985,4.223,6.142,5.602,5.634,6.053,7.405,6.520,7.415,7.110,8.912,8.712,8.602,5.826,5.676,5.669,5.084
C43下,9.887,9.217,7.786,10.378,11.198,11.613,8.480,8.883,9.320,9.397,9.000,9.259,8.892,10.421,10.018,9.163,8.401,7.729,9.086,9.205,8.658,6.599,7.782,7.227,6.339,6.386,6.310,5.973,3.737,0.000,3.462,3.827,3.691,2.963,3.713,5.446,5.351,4.597,5.089,6.199,5.587,6.281,5.934,7.618,7.474,7.203,5.509,4.606,4.815,4.283
C45左,9.376,8.989,7.584,9.921,11.016,11.274,8.128,8.950,9.039,9.144,8.948,9.279,8.947,10.407,9.505,8.487,8.007,7.517,8.202,8.811,7.872,5.683,7.282,6.501,6.342,5.969,7.353,6.314,3.503,3.462,0.000,1.988,3.572,3.032,3.320,4.821,4.434,4.740,4.513,6.706,6.098,6.605,6.273,7.615,7.428,7.196,5.205,5.054,5.290,4.388
C47右,8.806,8.391,7.062,9.383,10.551,10.735,7.766,8.494,8.684,8.752,8.519,8.831,8.451,9.860,8.981,7.961,7.661,7.108,7.663,8.288,7.383,5.159,6.725,5.892,5.880,5.587,7.590,6.425,3.754,3.827,1.988,0.000,3.431,3.152,3.281,4.683,4.371,4.436,3.985,6.683,6.065,6.422,6.097,7.234,7.153,6.862,5.233,5.181,5.275,4.546
C41上,8.861,8.623,7.241,9.757,10.552,10.930,7.840,8.344,8.548,8.743,8.572,8.755,8.523,9.916,9.311,8.525,7.949,7.204,8.508,8.539,8.131,6.026,6.973,6.616,5.991,6.256,7.143,6.173,3.971,3.691,3.572,3.431,0.000,3.169,2.998,5.215,4.881,4.405,4.243,6.012,5.447,5.992,5.696,7.115,6.973,6.807,5.214,4.862,5.019,4.613
C39放,8.350,8.042,6.635,9.017,9.809,10.215,7.048,7.671,7.835,8.057,7.668,8.010,7.637,9.172,8.518,7.628,6.900,6.419,7.484,7.569,7.172,5.174,6.279,5.701,4.901,4.924,6.975,6.045,3.985,2.963,3.032,3.152,3.169,0.000,2.719,4.144,4.110,3.609,3.673,5.673,4.986,5.483,5.036,6.452,6.310,5.975,4.605,4.096,4.134,3.690
C42方,7.906,7.654,6.422,8.670,9.468,9.825,6.728,7.314,7.586,7.635,7.530,7.526,7.503,8.753,8.178,7.433,6.750,5.981,7.186,7.351,6.716,4.612,5.790,5.305,4.954,4.873,7.868,6.310,4.223,3.713,3.320,3.281,2.998,2.719,0.000,4.468,3.847,3.776,3.138,5.565,5.182,5.656,5.122,6.295,6.091,5.726,4.384,4.223,4.544,3.953
C35平,7.509,7.423,6.613,7.803,8.903,9.180,6.375,6.863,6.907,7.235,6.941,7.551,7.372,8.576,6.694,6.287,5.072,5.300,5.645,6.065,5.119,4.324,5.063,4.326,3.937,3.594,8.841,7.283,6.142,5.446,4.821,4.683,5.215,4.144,4.468,0.000,3.193,4.440,4.170,5.907,5.353,5.597,5.124,5.723,6.053,5.900,4.968,5.633,5.223,5.260
C38劳,6.846,6.821,5.753,7.517,8.507,8.812,5.910,6.751,6.663,6.802,6.679,7.177,7.003,8.269,7.139,6.194,5.524,5.365,5.887,6.391,5.988,4.294,5.679,4.688,4.411,3.920,8.090,5.805,5.602,5.351,4.434,4.371,4.881,4.110,3.847,3.193,0.000,4.000,3.880,5.504,4.671,5.152,4.531,5.556,5.381,5.442,4.709,4.998,4.681,4.789
C37疲,6.588,6.308,4.786,7.357,7.968,8.461,5.398,6.002,6.337,6.430,6.109,6.333,6.196,7.415,7.371,6.150,5.534,4.591,6.672,6.614,6.600,4.862,5.686,4.698,4.079,4.318,7.481,5.511,5.634,4.597,4.740,4.436,4.405,3.609,3.776,4.440,4.000,0.000,3.723,4.412,4.057,4.299,4.123,4.906,5.052,4.915,5.249,4.660,4.376,4.546
C44方,6.397,6.484,5.456,6.920,7.957,8.204,5.634,6.035,6.101,6.258,6.093,6.654,6.170,7.354,6.432,5.995,5.308,4.826,5.600,6.060,5.323,3.080,4.246,4.230,3.634,3.713,8.994,7.069,6.053,5.089,4.513,3.985,4.243,3.673,3.138,4.170,3.880,3.723,0.000,5.558,5.300,5.394,4.822,5.263,5.134,4.710,4.588,4.531,4.864,4.768
C03停,6.581,6.072,4.895,7.197,7.588,8.406,5.284,4.820,5.767,5.500,5.431,6.012,5.814,7.016,7.836,7.036,6.254,5.875,7.893,7.395,7.528,6.318,6.843,5.861,4.835,5.866,6.929,5.615,7.405,6.199,6.706,6.683,6.012,5.673,5.565,5.907,5.504,4.412,5.558,0.000,2.205,2.036,1.961,3.472,3.781,4.012,5.054,4.803,3.727,4.594
C04止,6.665,6.524,5.176,7.708,8.126,8.933,5.693,5.701,6.205,6.084,5.895,6.735,6.314,7.626,8.125,7.078,6.375,6.049,7.823,7.215,7.772,6.426,6.883,5.921,4.876,5.690,6.190,4.925,6.520,5.587,6.098,6.065,5.447,4.986,5.182,5.353,4.671,4.057,5.300,2.205,0.000,1.885,1.807,3.851,4.078,4.153,4.862,4.418,2.772,4.192
C02始,5.840,5.830,4.535,6.901,7.196,8.065,5.017,4.668,5.346,5.137,5.083,6.078,5.599,6.803,7.312,6.295,5.917,5.674,7.413,6.795,7.264,6.152,6.371,5.416,4.698,5.628,7.202,5.954,7.415,6.281,6.605,6.422,5.992,5.483,5.656,5.597,5.152,4.299,5.394,2.036,1.885,0.000,1.682,2.579,3.612,3.793,5.472,5.080,3.845,4.903
C05前,5.777,5.408,4.293,6.454,6.992,7.765,4.680,4.336,5.003,4.820,4.598,5.622,5.018,6.453,7.024,6.145,5.526,5.291,6.893,6.364,6.819,5.434,5.986,4.992,3.965,4.979,7.030,5.462,7.110,5.934,6.273,6.097,5.696,5.036,5.122,5.124,4.531,4.123,4.822,1.961,1.807,1.682,0.000,2.853,2.820,2.930,4.634,4.280,2.911,4.160
C01开,4.235,4.505,3.718,4.920,5.125,5.978,3.572,2.708,3.392,3.054,3.134,4.511,4.097,4.825,5.260,4.498,4.262,4.337,5.688,5.065,5.668,5.181,4.810,4.296,3.896,4.804,9.466,7.639,8.912,7.618,7.615,7.234,7.115,6.452,6.295,5.723,5.556,4.906,5.263,3.472,3.851,2.579,2.853,0.000,2.835,2.824,6.060,6.083,5.214,6.061
C08退,4.333,3.583,3.186,4.466,5.068,5.726,3.148,2.871,3.205,2.912,2.901,3.982,3.178,4.465,5.491,4.803,4.497,4.449,5.815,5.490,6.335,4.963,5.153,4.567,3.778,4.913,9.029,6.841,8.712,7.474,7.428,7.153,6.973,6.310,6.091,6.053,5.381,5.052,5.134,3.781,4.078,3.612,2.820,2.835,0.000,1.870,5.568,5.730,4.714,5.760
C09出,4.652,4.296,3.586,4.706,5.207,5.852,3.405,3.142,3.476,3.116,2.741,4.132,3.238,4.381,5.642,4.779,4.375,4.180,5.483,4.924,5.791,4.654,4.764,4.287,3.423,4.451,9.214,7.130,8.602,7.203,7.196,6.862,6.807,5.975,5.726,5.900,5.442,4.915,4.710,4.012,4.153,3.793,2.930,2.824,1.870,0.000,5.525,5.274,4.332,5.224
C18过,8.012,7.573,6.806,8.454,9.394,9.899,6.869,7.049,7.218,7.349,7.243,7.818,7.400,8.917,8.509,8.160,6.978,6.809,7.566,7.792,7.120,5.595,6.695,5.987,5.172,5.591,7.565,6.345,5.826,5.509,5.205,5.233,5.214,4.605,4.384,4.968,4.709,5.249,4.588,5.054,4.862,5.472,4.634,6.060,5.568,5.525,0.000,4.645,3.934,3.956
C13运,8.201,7.528,6.641,8.619,9.512,9.956,7.208,7.084,7.533,7.652,7.110,7.773,7.066,8.701,8.975,8.334,7.567,7.010,8.134,7.974,7.795,5.652,7.057,6.428,5.354,5.460,6.605,5.708,5.676,4.606,5.054,5.181,4.862,4.096,4.223,5.633,4.998,4.660,4.531,4.803,4.418,5.080,4.280,6.083,5.730,5.274,4.645,0.000,2.912,3.340
C10发,7.723,7.082,5.933,8.236,9.070,9.643,6.576,6.591,7.015,7.014,6.513,7.335,6.570,8.282,8.762,7.888,7.018,6.596,7.973,7.618,7.952,6.033,7.046,6.153,4.831,5.459,5.575,4.600,5.669,4.815,5.290,5.275,5.019,4.134,4.544,5.223,4.681,4.376,4.864,3.727,2.772,3.845,2.911,5.214,4.714,4.332,3.934,2.912,0.000,2.818
C17通,8.393,7.983,6.698,8.967,9.699,10.292,7.039,7.370,7.670,7.675,7.312,7.885,7.393,8.911,9.267,8.162,7.345,6.855,8.101,7.890,7.576,5.975,7.324,6.003,5.218,5.671,6.357,5.680,5.084,4.283,4.388,4.546,4.613,3.690,3.953,5.260,4.789,4.546,4.768,4.594,4.192,4.903,4.160,6.061,5.760,5.224,3.956,3.340,2.818,0.000
