cls,C13,C17,C26,C23,C27,C06,C03,C01,C02,C04,C05,C09,C10,C08,C07,C11,C19,C20,C16,C12,C14,C15,C24,C25,C21,C22,C18,C43,C45,C47,C41,C44,C46,C50,C39,C40,C42,C34,C49,C28,C48,C37,C36,C29,C30,C33,C38,C35,C31,C32
C13运,0.000,5.391,8.255,7.620,7.383,6.584,6.637,6.689,7.027,6.138,5.818,5.032,4.260,6.030,6.288,5.313,5.980,6.629,6.777,6.928,6.303,6.055,7.337,7.106,6.540,6.581,7.913,6.914,8.066,7.837,7.055,6.335,6.065,6.401,6.414,7.254,6.087,8.105,7.395,5.978,7.391,6.481,7.145,7.381,7.402,7.059,7.623,8.004,6.150,7.637
C17通,5.391,0.000,8.031,8.197,7.103,7.161,6.829,6.729,7.194,6.278,5.983,4.720,4.554,6.068,5.827,5.328,5.583,6.080,6.531,7.381,6.946,6.105,7.403,5.776,6.227,6.392,6.016,6.501,6.443,6.096,6.676,5.739,5.492,6.463,5.441,5.962,5.371,5.797,5.555,5.101,7.507,6.015,5.668,5.738,5.864,5.823,6.460,6.650,5.358,5.982
C26气,8.255,8.031,0.000,6.745,6.184,6.415,6.803,5.974,6.104,5.740,5.928,6.336,6.811,5.599,5.140,6.162,5.364,5.213,7.916,7.462,7.417,6.315,7.054,6.133,5.247,5.907,8.577,10.109,9.674,8.760,8.868,7.830,8.074,8.117,8.687,8.228,8.373,9.009,7.263,7.293,6.922,7.144,7.415,7.067,6.134,7.777,7.453,8.299,8.191,8.291
C23难,7.620,8.197,6.745,0.000,4.417,4.734,5.976,5.935,6.018,6.145,5.475,6.461,6.484,4.781,5.560,5.381,6.132,5.912,5.240,4.993,4.483,4.650,5.810,6.789,5.009,5.191,9.046,9.153,10.616,9.610,9.322,9.161,8.155,8.307,8.839,9.000,8.639,10.029,7.329,6.708,6.544,7.202,8.176,7.576,6.903,8.306,8.665,9.107,7.849,8.974
C27满,7.383,7.103,6.184,4.417,0.000,4.939,5.352,5.043,5.196,5.022,4.921,5.188,5.656,4.510,4.447,4.295,5.146,4.445,4.880,4.541,4.785,3.754,4.753,4.944,4.562,4.169,8.308,8.188,8.944,8.181,8.152,7.916,7.380,7.396,7.455,7.878,7.527,9.023,7.024,5.779,6.167,5.937,6.490,5.962,5.238,7.095,7.605,8.300,6.756,7.563
C06进,6.584,7.161,6.415,4.734,4.939,0.000,2.677,3.118,3.147,3.817,2.636,4.808,4.782,3.610,3.515,3.528,4.595,4.966,4.781,3.439,3.727,3.633,6.110,5.950,5.412,5.344,8.271,8.160,10.476,9.646,8.590,8.453,7.932,7.369,8.056,8.724,7.889,9.395,6.999,5.671,5.665,6.549,7.440,6.960,6.937,7.848,8.734,8.353,7.540,8.975
C03停,6.637,6.829,6.803,5.976,5.352,2.677,0.000,2.631,2.601,2.955,2.493,4.528,4.817,3.964,3.235,3.418,4.265,4.407,4.961,4.554,5.061,4.076,6.287,5.420,5.446,5.260,8.029,8.484,10.087,9.597,8.482,8.369,8.199,7.658,8.231,8.979,8.035,9.020,7.354,6.046,6.620,6.580,7.028,6.682,6.789,7.726,8.525,8.414,7.719,8.924
C01开,6.689,6.729,5.974,5.935,5.043,3.118,2.631,0.000,1.177,2.427,2.238,4.357,4.528,4.041,3.104,3.467,4.256,4.549,5.701,4.590,5.324,4.463,6.402,5.555,5.323,5.345,7.963,8.137,9.528,8.818,8.132,7.898,7.754,6.991,7.730,8.283,7.691,8.460,6.631,5.741,5.925,6.297,6.877,6.227,5.880,6.906,7.854,7.629,7.163,8.165
C02始,7.027,7.194,6.104,6.018,5.196,3.147,2.601,1.177,0.000,2.532,2.388,4.781,4.998,4.257,3.413,3.689,4.481,4.621,5.859,4.452,5.307,4.511,6.668,5.713,5.650,5.515,8.590,8.427,10.036,9.362,8.529,8.469,8.402,7.536,8.147,8.831,8.228,9.073,7.128,6.171,6.293,6.621,7.309,6.715,6.218,7.366,8.351,8.175,7.713,8.787
C04止,6.138,6.278,5.740,6.145,5.022,3.817,2.955,2.427,2.532,0.000,1.975,3.508,3.678,3.348,2.764,2.736,3.506,3.720,5.326,4.732,5.298,4.058,5.698,4.788,4.906,4.656,7.553,8.007,9.157,8.672,7.733,7.364,7.542,6.678,7.369,7.971,7.323,8.300,6.792,5.345,5.910,5.832,6.165,5.590,5.446,6.038,7.040,7.295,6.655,7.495
C05前,5.818,5.983,5.928,5.475,4.921,2.636,2.493,2.238,2.388,1.975,0.000,3.329,3.438,2.822,2.319,2.151,3.476,3.823,4.953,3.919,4.409,3.686,5.478,4.974,4.666,4.602,7.433,7.845,9.358,8.749,7.877,7.560,7.272,6.799,7.372,8.053,7.294,8.310,6.514,5.168,5.738,6.108,6.517,5.959,5.778,6.432,7.250,7.432,6.719,7.759
C09出,5.032,4.720,6.336,6.461,5.188,4.808,4.528,4.357,4.781,3.508,3.329,0.000,2.154,2.987,2.862,2.469,3.724,3.908,5.260,5.188,5.092,3.855,5.257,4.693,4.541,4.488,6.636,7.506,7.939,7.623,7.195,6.281,6.450,6.440,6.484,7.260,6.266,7.826,6.568,5.190,6.637,5.994,5.817,5.678,5.573,6.037,6.979,7.495,6.116,6.822
C10发,4.260,4.554,6.811,6.484,5.656,4.782,4.817,4.528,4.998,3.678,3.438,2.154,0.000,3.586,3.855,2.709,3.984,4.733,5.329,4.895,4.704,4.170,5.643,5.310,4.801,4.936,6.346,7.191,8.140,7.635,7.139,6.217,6.163,5.884,6.150,7.071,6.120,7.671,6.441,4.460,6.119,5.858,5.941,5.637,5.897,5.585,6.902,6.937,5.347,6.481
C08退,6.030,6.068,5.599,4.781,4.510,3.610,3.964,4.041,4.257,3.348,2.822,2.987,3.586,0.000,2.294,2.528,3.209,3.636,4.727,4.395,4.263,3.407,4.907,4.515,4.088,4.096,7.021,8.064,8.934,8.504,7.733,7.225,6.994,6.722,7.213,7.765,7.059,8.667,6.639,5.330,5.692,6.073,6.323,5.844,5.640,6.745,7.169,7.663,6.745,7.505
C07后,6.288,5.827,5.140,5.560,4.447,3.515,3.235,3.104,3.413,2.764,2.319,2.862,3.855,2.294,0.000,2.273,2.810,2.715,4.900,4.676,5.039,3.657,4.788,3.946,3.956,3.840,6.861,8.155,8.637,8.220,7.730,7.041,6.985,6.952,7.264,7.719,7.076,8.112,6.416,5.563,6.077,5.868,5.922,5.683,5.215,6.689,6.909,7.555,6.828,7.385
C11等,5.313,5.328,6.162,5.381,4.295,3.528,3.418,3.467,3.689,2.736,2.151,2.469,2.709,2.528,2.273,0.000,3.029,2.974,4.234,3.572,4.015,2.979,4.437,4.115,3.903,3.571,7.050,7.525,8.566,8.122,7.575,7.017,6.728,6.688,6.684,7.637,6.955,8.070,6.463,4.778,5.993,5.478,5.771,5.485,5.258,6.104,6.915,7.385,6.031,7.048
C19完,5.980,5.583,5.364,6.132,5.146,4.595,4.265,4.256,4.481,3.506,3.476,3.724,3.984,3.209,2.810,3.029,0.000,2.934,5.153,5.440,5.447,4.405,5.348,3.849,3.970,4.026,6.204,7.919,8.039,7.798,6.904,6.416,6.482,6.176,6.486,7.213,6.657,7.798,6.388,4.972,5.707,5.478,5.320,5.232,5.120,6.312,6.372,6.832,6.337,6.853
C20成,6.629,6.080,5.213,5.912,4.445,4.966,4.407,4.549,4.621,3.720,3.823,3.908,4.733,3.636,2.715,2.974,2.934,0.000,4.820,5.379,5.473,3.895,4.396,3.200,3.753,3.268,7.306,8.371,8.496,8.195,7.807,7.170,7.293,7.483,7.210,7.663,7.343,8.235,6.812,5.876,6.855,5.563,5.240,5.465,4.851,6.569,6.568,7.812,6.829,7.313
C16回,6.777,6.531,7.916,5.240,4.880,4.781,4.961,5.701,5.859,5.326,4.953,5.260,5.329,4.727,4.900,4.234,5.153,4.820,0.000,4.704,4.052,3.419,5.267,5.302,5.387,4.386,8.225,7.729,9.407,8.889,7.999,8.219,7.380,7.346,7.123,8.098,7.103,9.142,7.071,5.764,6.746,5.964,6.245,6.390,6.242,7.451,7.983,8.335,6.837,7.914
C12待,6.928,7.381,7.462,4.993,4.541,3.439,4.554,4.590,4.452,4.732,3.919,5.188,4.895,4.395,4.676,3.572,5.440,5.379,4.704,0.000,3.108,3.547,5.473,6.172,5.599,4.755,9.107,8.364,10.737,9.837,9.176,9.089,8.468,8.111,8.224,9.464,8.771,10.190,7.893,5.804,6.588,6.891,7.774,7.379,6.977,7.970,9.095,9.024,7.442,8.879
C14行,6.303,6.946,7.417,4.483,4.785,3.727,5.061,5.324,5.307,5.298,4.409,5.092,4.704,4.263,5.039,4.015,5.447,5.473,4.052,3.108,0.000,2.828,5.824,6.199,5.540,5.171,8.772,7.699,10.314,9.493,8.690,8.531,7.857,7.523,7.523,8.627,7.827,9.964,7.498,5.599,6.296,6.529,7.351,7.018,6.942,7.756,8.903,8.813,7.167,8.756
C15返,6.055,6.105,6.315,4.650,3.754,3.633,4.076,4.463,4.511,4.058,3.686,3.855,4.170,3.407,3.657,2.979,4.405,3.895,3.419,3.547,2.828,0.000,4.963,4.738,4.566,3.922,8.268,7.670,9.462,8.751,8.122,7.774,7.500,7.359,7.250,8.132,7.289,9.094,6.884,5.316,6.505,5.742,6.222,6.093,5.804,6.978,8.098,8.431,6.740,8.023
C24过,7.337,7.403,7.054,5.810,4.753,6.110,6.287,6.402,6.668,5.698,5.478,5.257,5.643,4.907,4.788,4.437,5.348,4.396,5.267,5.473,5.824,4.963,0.000,5.748,4.696,3.711,8.422,8.933,9.245,8.808,8.542,8.099,7.528,8.206,8.208,8.489,8.101,9.465,7.750,6.845,7.350,6.482,6.452,6.841,6.027,7.398,7.024,8.631,7.028,7.295
C25生,7.106,5.776,6.133,6.789,4.944,5.950,5.420,5.555,5.713,4.788,4.974,4.693,5.310,4.515,3.946,4.115,3.849,3.200,5.302,6.172,6.199,4.738,5.748,0.000,4.413,3.906,6.829,7.915,7.273,7.101,7.224,6.591,6.502,6.752,6.304,7.124,6.656,7.050,6.225,5.119,6.412,5.153,4.513,4.407,4.150,6.185,5.995,6.771,6.115,6.503
C21开,6.540,6.227,5.247,5.009,4.562,5.412,5.446,5.323,5.650,4.906,4.666,4.541,4.801,4.088,3.956,3.903,3.970,3.753,5.387,5.599,5.540,4.566,4.696,4.413,0.000,2.968,6.947,8.618,8.031,7.397,7.847,6.714,6.116,6.964,7.291,7.392,7.360,7.705,6.630,5.476,6.195,5.944,5.758,5.508,4.811,6.812,6.124,7.102,6.103,6.600
C22心,6.581,6.392,5.907,5.191,4.169,5.344,5.260,5.345,5.515,4.656,4.602,4.488,4.936,4.096,3.840,3.571,4.026,3.268,4.386,4.755,5.171,3.922,3.711,3.906,2.968,0.000,7.621,8.221,8.323,7.810,7.678,7.090,6.559,7.138,7.095,7.913,7.382,8.309,6.932,5.454,6.469,5.631,5.658,5.695,4.826,6.886,6.413,7.666,6.164,6.747
C18过,7.913,6.016,8.577,9.046,8.308,8.271,8.029,7.963,8.590,7.553,7.433,6.636,6.346,7.021,6.861,7.050,6.204,7.306,8.225,9.107,8.772,8.268,8.422,6.829,6.947,7.621,0.000,8.726,7.386,7.240,7.691,6.363,6.510,6.776,6.988,6.977,6.554,6.624,7.156,6.524,7.725,7.632,7.097,6.488,7.626,7.261,6.957,6.843,6.718,6.502
C43下,6.914,6.501,10.109,9.153,8.188,8.160,8.484,8.137,8.427,8.007,7.845,7.506,7.191,8.064,8.155,7.525,7.919,8.371,7.729,8.364,7.699,7.670,8.933,7.915,8.618,8.221,8.726,0.000,7.022,6.555,6.221,6.593,5.880,5.433,4.653,5.781,5.006,7.387,6.824,5.824,6.668,5.630,6.554,6.867,7.104,7.287,7.876,6.926,5.681,7.196
C45左,8.066,6.443,9.674,10.616,8.944,10.476,10.087,9.528,10.036,9.157,9.358,7.939,8.140,8.934,8.637,8.566,8.039,8.496,9.407,10.737,10.314,9.462,9.245,7.273,8.031,8.323,7.386,7.022,0.000,3.099,6.070,5.044,4.741,6.051,5.148,5.012,5.147,5.343,6.873,7.280,8.228,6.683,6.225,6.474,6.049,7.079,5.866,6.195,5.880,5.090
C47右,7.837,6.096,8.760,9.610,8.181,9.646,9.597,8.818,9.362,8.672,8.749,7.623,7.635,8.504,8.220,8.122,7.798,8.195,8.889,9.837,9.493,8.751,8.808,7.101,7.397,7.810,7.240,6.555,3.099,0.000,5.472,4.451,3.941,5.345,4.885,4.172,4.804,4.884,5.804,6.401,7.293,6.031,6.051,6.289,5.501,6.562,5.731,5.688,5.233,4.619
C41上,7.055,6.676,8.868,9.322,8.152,8.590,8.482,8.132,8.529,7.733,7.877,7.195,7.139,7.733,7.730,7.575,6.904,7.807,7.999,9.176,8.690,8.122,8.542,7.224,7.847,7.678,7.691,6.221,6.070,5.472,0.000,4.902,5.303,4.527,5.016,5.147,4.353,7.022,6.976,6.152,6.774,5.726,5.982,6.732,6.642,6.662,6.753,6.485,6.194,6.548
C44方,6.335,5.739,7.830,9.161,7.916,8.453,8.369,7.898,8.469,7.364,7.560,6.281,6.217,7.225,7.041,7.017,6.416,7.170,8.219,9.089,8.531,7.774,8.099,6.591,6.714,7.090,6.363,6.593,5.044,4.451,4.902,0.000,3.993,4.561,4.551,4.677,4.213,5.899,6.385,5.350,6.622,5.385,5.500,5.781,6.043,6.328,5.735,5.915,5.212,5.309
C46边,6.065,5.492,8.074,8.155,7.380,7.932,8.199,7.754,8.402,7.542,7.272,6.450,6.163,6.994,6.985,6.728,6.482,7.293,7.380,8.468,7.857,7.500,7.528,6.502,6.116,6.559,6.510,5.880,4.741,3.941,5.303,3.993,0.000,3.784,4.255,4.319,3.931,4.952,5.364,4.883,5.353,5.326,5.656,5.547,5.597,6.228,4.784,4.816,3.951,4.340
C50面,6.401,6.463,8.117,8.307,7.396,7.369,7.658,6.991,7.536,6.678,6.799,6.440,5.884,6.722,6.952,6.688,6.176,7.483,7.346,8.111,7.523,7.359,8.206,6.752,6.964,7.138,6.776,5.433,6.051,5.345,4.527,4.561,3.784,0.000,3.938,4.436,3.773,6.368,6.139,4.419,4.066,5.114,5.801,5.359,5.825,5.795,5.904,4.513,4.400,5.264
C39放,6.414,5.441,8.687,8.839,7.455,8.056,8.231,7.730,8.147,7.369,7.372,6.484,6.150,7.213,7.264,6.684,6.486,7.210,7.123,8.224,7.523,7.250,8.208,6.304,7.291,7.095,6.988,4.653,5.148,4.885,5.016,4.551,4.255,3.938,0.000,4.259,3.761,5.892,5.914,4.590,5.787,4.662,5.266,5.026,5.507,5.638,6.154,5.256,4.209,5.109
C40松,7.254,5.962,8.228,9.000,7.878,8.724,8.979,8.283,8.831,7.971,8.053,7.260,7.071,7.765,7.719,7.637,7.213,7.663,8.098,9.464,8.627,8.132,8.489,7.124,7.392,7.913,6.977,5.781,5.012,4.172,5.147,4.677,4.319,4.436,4.259,0.000,3.462,5.745,5.680,5.946,6.234,5.372,5.546,5.818,5.711,5.706,5.633,5.365,5.095,5.135
C42方,6.087,5.371,8.373,8.639,7.527,7.889,8.035,7.691,8.228,7.323,7.294,6.266,6.120,7.059,7.076,6.955,6.657,7.343,7.103,8.771,7.827,7.289,8.101,6.656,7.360,7.382,6.554,5.006,5.147,4.804,4.353,4.213,3.931,3.773,3.761,3.462,0.000,5.910,5.736,5.267,6.005,5.237,5.299,5.707,6.049,5.809,5.845,5.756,4.781,5.490
C34张,8.105,5.797,9.009,10.029,9.023,9.395,9.020,8.460,9.073,8.300,8.310,7.826,7.671,8.667,8.112,8.070,7.798,8.235,9.142,10.190,9.964,9.094,9.465,7.050,7.705,8.309,6.624,7.387,5.343,4.884,7.022,5.899,4.952,6.368,5.892,5.745,5.910,0.000,5.230,6.107,7.498,6.836,5.991,5.290,5.974,5.845,5.224,4.267,5.055,4.805
C49前,7.395,5.555,7.263,7.329,7.024,6.999,7.354,6.631,7.128,6.792,6.514,6.568,6.441,6.639,6.416,6.463,6.388,6.812,7.071,7.893,7.498,6.884,7.750,6.225,6.630,6.932,7.156,6.824,6.873,5.804,6.976,6.385,5.364,6.139,5.914,5.680,5.736,5.230,0.000,5.114,5.791,5.435,5.636,5.196,5.058,5.799,6.045,5.073,5.323,5.830
C28意,5.978,5.101,7.293,6.708,5.779,5.671,6.046,5.741,6.171,5.345,5.168,5.190,4.460,5.330,5.563,4.778,4.972,5.876,5.764,5.804,5.599,5.316,6.845,5.119,5.476,5.454,6.524,5.824,7.280,6.401,6.152,5.350,4.883,4.419,4.590,5.946,5.267,6.107,5.114,0.000,4.290,4.569,4.873,3.811,4.955,4.861,5.939,4.734,3.619,5.286
C48边,7.391,7.507,6.922,6.544,6.167,5.665,6.620,5.925,6.293,5.910,5.738,6.637,6.119,5.692,6.077,5.993,5.707,6.855,6.746,6.588,6.296,6.505,7.350,6.412,6.195,6.469,7.725,6.668,8.228,7.293,6.774,6.622,5.353,4.066,5.787,6.234,6.005,7.498,5.791,4.290,0.000,5.561,6.500,5.278,5.636,6.332,6.444,4.987,5.212,6.259
C37疲,6.481,6.015,7.144,7.202,5.937,6.549,6.580,6.297,6.621,5.832,6.108,5.994,5.858,6.073,5.868,5.478,5.478,5.563,5.964,6.891,6.529,5.742,6.482,5.153,5.944,5.631,7.632,5.630,6.683,6.031,5.726,5.385,5.326,5.114,4.662,5.372,5.237,6.836,5.435,4.569,5.561,0.000,4.269,4.819,4.758,6.066,6.013,5.836,4.898,6.064
C36静,7.145,5.668,7.415,8.176,6.490,7.440,7.028,6.877,7.309,6.165,6.517,5.817,5.941,6.323,5.922,5.771,5.320,5.240,6.245,7.774,7.351,6.222,6.452,4.513,5.758,5.658,7.097,6.554,6.225,6.051,5.982,5.500,5.656,5.801,5.266,5.546,5.299,5.991,5.636,4.873,6.500,4.269,0.000,3.586,4.091,5.321,5.234,5.346,4.977,5.352
C29失,7.381,5.738,7.067,7.576,5.962,6.960,6.682,6.227,6.715,5.590,5.959,5.678,5.637,5.844,5.683,5.485,5.232,5.465,6.390,7.379,7.018,6.093,6.841,4.407,5.508,5.695,6.488,6.867,6.474,6.289,6.732,5.781,5.547,5.359,5.026,5.818,5.707,5.290,5.196,3.811,5.278,4.819,3.586,0.000,3.385,4.230,4.782,3.972,4.077,4.463
C30败,7.402,5.864,6.134,6.903,5.238,6.937,6.789,5.880,6.218,5.446,5.778,5.573,5.897,5.640,5.215,5.258,5.120,4.851,6.242,6.977,6.942,5.804,6.027,4.150,4.811,4.826,7.626,7.104,6.049,5.501,6.642,6.043,5.597,5.825,5.507,5.711,6.049,5.974,5.058,4.955,5.636,4.758,4.091,3.385,0.000,4.699,4.507,5.055,4.798,4.612
C33紧,7.059,5.823,7.777,8.306,7.095,7.848,7.726,6.906,7.366,6.038,6.432,6.037,5.585,6.745,6.689,6.104,6.312,6.569,7.451,7.970,7.756,6.978,7.398,6.185,6.812,6.886,7.261,7.287,7.079,6.562,6.662,6.328,6.228,5.795,5.638,5.706,5.809,5.845,5.799,4.861,6.332,6.066,5.321,4.230,4.699,0.000,5.104,5.042,4.439,4.595
C38劳,7.623,6.460,7.453,8.665,7.605,8.734,8.525,7.854,8.351,7.040,7.250,6.979,6.902,7.169,6.909,6.915,6.372,6.568,7.983,9.095,8.903,8.098,7.024,5.995,6.124,6.413,6.957,7.876,5.866,5.731,6.753,5.735,4.784,5.904,6.154,5.633,5.845,5.224,6.045,5.939,6.444,6.013,5.234,4.782,4.507,5.104,0.000,4.612,4.898,4.001
C35平,8.004,6.650,8.299,9.107,8.300,8.353,8.414,7.629,8.175,7.295,7.432,7.495,6.937,7.663,7.555,7.385,6.832,7.812,8.335,9.024,8.813,8.431,8.631,6.771,7.102,7.666,6.843,6.926,6.195,5.688,6.485,5.915,4.816,4.513,5.256,5.365,5.756,4.267,5.073,4.734,4.987,5.836,5.346,3.972,5.055,5.042,4.612,0.000,4.067,4.106
C31成,6.150,5.358,8.191,7.849,6.756,7.540,7.719,7.163,7.713,6.655,6.719,6.116,5.347,6.745,6.828,6.031,6.337,6.829,6.837,7.442,7.167,6.740,7.028,6.115,6.103,6.164,6.718,5.681,5.880,5.233,6.194,5.212,3.951,4.400,4.209,5.095,4.781,5.055,5.323,3.619,5.212,4.898,4.977,4.077,4.798,4.439,4.898,4.067,0.000,3.181
C32功,7.637,5.982,8.291,8.974,7.563,8.975,8.924,8.165,8.787,7.495,7.759,6.822,6.481,7.505,7.385,7.048,6.853,7.313,7.914,8.879,8.756,8.023,7.295,6.503,6.600,6.747,6.502,7.196,5.090,4.619,6.548,5.309,4.340,5.264,5.109,5.135,5.490,4.805,5.830,5.286,6.259,6.064,5.352,4.463,4.612,4.595,4.001,4.106,3.181,0.000
