cls,C17,C18,C13,C43,C29,C30,C23,C19,C21,C20,C25,C39,C41,C44,C50,C38,C40,C33,C32,C35,C34,C49,C42,C46,C45,C47,C31,C48,C14,C09,C10,C22,C16,C24,C11,C06,C12,C28,C36,C37,C04,C05,C01,C02,C03,C07,C08,C15,C26,C27
C17通,0.000,4.103,4.770,5.211,6.315,5.873,6.328,4.960,4.736,5.173,5.950,10.008,5.365,4.603,4.097,5.673,5.663,5.630,5.512,5.051,7.196,6.664,7.208,7.109,7.259,6.253,7.129,6.137,4.564,4.934,4.497,4.477,4.864,5.407,7.117,8.013,8.358,5.807,6.103,6.296,7.225,6.074,5.767,6.027,6.583,6.075,6.486,5.625,7.291,7.644
C18过,4.103,0.000,5.510,5.126,6.189,5.980,6.398,4.864,4.868,5.333,5.930,10.284,5.121,4.436,4.677,5.465,5.442,5.627,5.248,5.085,6.949,6.446,7.233,7.376,7.063,6.104,7.356,6.684,5.209,5.320,4.996,4.780,5.799,5.614,7.528,8.505,8.775,5.958,6.567,6.893,7.497,6.526,6.406,6.681,7.064,6.821,6.832,6.258,7.630,7.864
C13运,4.770,5.510,0.000,4.420,5.124,6.003,4.320,5.169,4.217,4.470,4.807,12.651,6.301,5.954,6.207,6.922,6.787,6.341,7.136,6.119,8.841,7.895,9.348,9.287,9.451,8.034,9.426,8.788,5.560,6.600,6.066,5.561,7.077,7.073,9.368,10.332,10.768,7.877,7.848,8.458,8.964,8.077,7.582,7.848,8.723,7.965,8.181,7.590,9.219,9.645
C43下,5.211,5.126,4.420,0.000,5.275,4.995,5.652,4.863,4.734,4.613,4.931,10.910,5.072,4.943,4.944,5.602,5.264,5.547,5.837,5.231,7.327,6.407,7.738,7.921,7.941,6.586,7.940,7.433,4.839,5.533,5.230,5.070,6.488,6.359,8.083,8.957,9.334,6.570,6.699,6.965,7.496,6.720,6.438,6.577,7.443,6.898,7.159,6.426,7.895,8.122
C29失,6.315,6.189,5.124,5.275,0.000,3.408,5.499,5.129,4.847,4.656,4.104,12.588,6.959,6.853,6.228,6.316,6.852,4.854,6.172,4.812,8.435,7.935,9.642,9.902,9.418,7.987,9.035,8.544,6.002,6.932,6.479,6.152,7.636,7.523,9.404,10.328,10.824,7.623,7.338,8.639,8.668,7.837,7.282,7.519,8.674,7.985,8.450,7.881,8.848,9.486
C30败,5.873,5.980,6.003,4.995,3.408,0.000,6.142,4.146,4.548,4.187,4.040,10.067,5.346,5.421,4.647,4.254,5.179,3.972,4.462,3.632,6.572,5.753,7.289,7.660,7.149,5.812,6.745,6.249,4.354,5.010,4.795,4.513,5.632,5.393,7.029,7.853,8.261,5.324,4.904,6.348,6.340,5.571,5.033,5.173,6.317,5.698,6.167,5.558,6.163,6.645
C23难,6.328,6.398,4.320,5.652,5.499,6.142,0.000,5.461,3.864,3.882,3.951,13.756,7.465,7.040,7.486,7.898,8.058,7.350,8.412,7.612,10.326,9.169,10.478,10.420,10.606,9.371,10.673,9.778,6.142,7.613,7.372,5.427,7.468,7.499,10.292,11.183,11.509,8.827,9.044,9.608,9.883,8.919,8.521,8.764,9.574,8.846,8.857,8.192,9.369,9.801
C19完,4.960,4.864,5.169,4.863,5.129,4.146,5.461,0.000,3.378,3.118,3.629,9.966,4.860,4.941,5.074,4.574,5.268,5.004,5.304,4.567,6.450,5.687,7.118,6.915,7.159,5.961,7.041,6.280,3.461,4.140,4.028,3.256,4.330,4.205,6.257,7.181,7.498,5.089,5.294,5.967,5.899,5.103,4.893,5.098,5.674,5.094,5.067,4.690,5.954,6.288
C21开,4.736,4.868,4.217,4.734,4.847,4.548,3.864,3.378,0.000,2.353,3.300,11.518,5.554,5.236,5.783,5.711,6.141,5.587,6.361,5.599,8.163,7.125,8.293,8.205,8.331,7.122,8.446,7.627,3.797,5.372,5.087,3.206,4.990,4.927,7.785,8.875,9.138,6.517,6.655,7.322,7.608,6.679,6.298,6.502,7.265,6.551,6.627,5.778,7.356,7.516
C20成,5.173,5.333,4.470,4.613,4.656,4.187,3.882,3.118,2.353,0.000,2.093,11.492,5.856,5.481,5.721,5.667,6.281,6.057,6.518,5.685,8.318,7.109,8.307,8.309,8.515,7.237,8.490,7.512,3.717,5.126,5.000,3.173,5.256,4.890,7.689,8.640,9.002,6.462,6.608,7.210,7.394,6.408,6.049,6.282,7.077,6.255,6.532,5.767,7.109,7.339
C25生,5.950,5.930,4.807,4.931,4.104,4.040,3.951,3.629,3.300,2.093,0.000,12.300,6.433,6.248,6.228,6.268,6.750,6.083,6.916,6.028,8.862,7.750,9.156,9.240,9.248,7.928,9.142,8.222,4.903,6.281,6.064,4.358,6.399,6.024,8.687,9.578,9.933,7.195,7.195,8.178,8.240,7.326,6.947,7.132,8.037,7.266,7.618,6.873,7.512,8.162
C39放,10.008,10.284,12.651,10.910,12.588,10.067,13.756,9.966,11.518,11.492,12.300,0.000,7.805,8.209,7.850,7.025,7.505,9.312,7.143,8.389,5.543,5.887,4.006,4.115,4.368,5.596,4.202,5.154,8.791,6.943,7.395,9.169,7.554,7.434,4.890,4.569,4.306,5.598,6.145,5.218,5.609,6.227,6.662,6.568,5.462,6.245,5.936,6.358,6.624,5.557
C41上,5.365,5.121,6.301,5.072,6.959,5.346,7.465,4.860,5.554,5.856,6.433,7.805,0.000,3.501,4.094,3.535,3.507,5.177,4.002,4.135,4.627,3.561,4.525,4.581,4.375,3.309,5.259,5.064,4.737,4.096,4.179,4.295,4.475,4.390,5.930,6.771,7.041,4.202,4.545,5.086,5.691,5.379,5.069,5.278,5.476,5.206,4.948,4.618,5.809,5.737
C44方,4.603,4.436,5.954,4.943,6.853,5.421,7.040,4.941,5.236,5.481,6.248,8.209,3.501,0.000,3.656,3.907,3.933,5.293,4.352,4.516,5.412,4.345,4.958,5.004,5.035,4.064,5.551,4.964,4.364,3.875,3.819,4.065,4.437,4.261,5.893,6.763,7.023,4.065,4.757,4.945,5.810,5.178,4.966,5.200,5.457,5.145,5.103,4.557,5.942,6.005
C50面,4.097,4.677,6.207,4.944,6.228,4.647,7.486,5.074,5.783,5.721,6.228,7.850,4.094,3.656,0.000,3.260,3.324,4.416,3.501,3.395,5.080,4.448,5.036,5.262,5.165,4.052,4.764,3.621,4.198,3.666,3.391,4.608,4.710,4.547,5.409,6.183,6.640,3.870,3.906,4.352,5.298,4.307,3.974,4.128,4.796,4.483,5.159,4.521,5.490,5.839
C38劳,5.673,5.465,6.922,5.602,6.316,4.254,7.898,4.574,5.711,5.667,6.268,7.025,3.535,3.907,3.260,0.000,2.683,3.821,2.877,3.096,3.951,3.212,3.962,4.296,4.307,3.346,3.828,3.638,3.891,2.940,2.905,4.186,4.130,3.576,4.354,5.294,5.683,2.778,2.926,3.745,3.928,3.577,3.297,3.472,3.884,3.612,3.814,3.528,4.664,4.575
C40松,5.663,5.442,6.787,5.264,6.852,5.179,8.058,5.268,6.141,6.281,6.750,7.505,3.507,3.933,3.324,2.683,0.000,4.475,3.870,3.999,4.547,3.818,4.350,4.819,4.773,3.954,4.829,4.377,4.683,4.056,3.952,5.029,4.907,4.431,5.407,6.220,6.696,4.213,4.164,4.626,5.135,4.719,4.472,4.611,4.991,4.861,5.014,4.588,5.491,5.714
C33紧,5.630,5.627,6.341,5.547,4.854,3.972,7.350,5.004,5.587,6.057,6.083,9.312,5.177,5.293,4.416,3.821,4.475,0.000,3.512,3.377,5.349,5.271,6.765,7.016,6.654,5.541,5.601,5.858,4.892,5.178,4.499,5.503,5.878,5.773,6.601,7.591,7.901,4.905,4.701,5.936,5.924,5.416,5.167,5.241,6.159,5.765,6.046,5.640,6.352,6.888
C32功,5.512,5.248,7.136,5.837,6.172,4.462,8.412,5.304,6.361,6.518,6.916,7.143,4.002,4.352,3.501,2.877,3.870,3.512,0.000,2.469,3.631,3.802,4.688,4.961,4.286,3.227,3.550,4.061,5.023,4.021,3.777,5.193,5.237,4.924,5.266,6.174,6.434,3.067,3.665,4.581,4.898,4.485,4.294,4.462,4.864,4.721,4.909,4.711,5.525,5.688
C35平,5.051,5.085,6.119,5.231,4.812,3.632,7.612,4.567,5.599,5.685,6.028,8.389,4.135,4.516,3.395,3.096,3.999,3.377,2.469,0.000,4.206,4.223,5.734,5.926,5.403,3.995,4.884,4.684,4.568,3.866,3.541,5.001,5.116,5.052,5.771,6.596,7.134,3.862,3.751,4.862,5.128,4.551,3.943,4.214,5.042,4.617,5.146,4.995,6.252,6.469
C34张,7.196,6.949,8.841,7.327,8.435,6.572,10.326,6.450,8.163,8.318,8.862,5.543,4.627,5.412,5.080,3.951,4.547,5.349,3.631,4.206,0.000,2.845,3.915,3.898,3.571,3.036,2.917,4.126,6.064,4.373,4.400,6.678,5.676,5.636,4.201,4.669,5.027,3.223,3.700,3.773,3.571,4.052,4.154,4.191,3.991,4.353,4.165,4.794,5.746,5.381
C49前,6.664,6.446,7.895,6.407,7.935,5.753,9.169,5.687,7.125,7.109,7.750,5.887,3.561,4.345,4.448,3.212,3.818,5.271,3.802,4.223,2.845,0.000,3.315,3.540,3.450,2.534,3.338,3.966,4.875,3.502,3.604,5.410,4.736,4.485,4.136,4.755,5.055,2.903,3.082,3.281,3.538,3.804,3.768,3.810,3.887,3.853,3.606,3.879,4.912,4.550
C42方,7.208,7.233,9.348,7.738,9.642,7.289,10.478,7.118,8.293,8.307,9.156,4.006,4.525,4.958,5.036,3.962,4.350,6.765,4.688,5.734,3.915,3.315,0.000,1.901,2.353,2.931,2.893,3.380,5.830,4.090,4.523,6.048,4.789,4.679,3.671,4.127,4.305,3.292,3.971,3.251,4.112,4.323,4.504,4.569,3.814,4.204,3.989,3.823,5.123,4.048
C46边,7.109,7.376,9.287,7.921,9.902,7.660,10.420,6.915,8.205,8.309,9.240,4.115,4.581,5.004,5.262,4.296,4.819,7.016,4.961,5.926,3.898,3.540,1.901,0.000,2.583,3.126,3.267,3.311,5.877,3.995,4.521,5.939,4.631,4.440,3.425,3.873,3.892,3.214,4.225,3.261,4.098,4.319,4.520,4.643,3.603,4.025,3.590,3.741,5.152,3.966
C45左,7.259,7.063,9.451,7.941,9.418,7.149,10.606,7.159,8.331,8.515,9.248,4.368,4.375,5.035,5.165,4.307,4.773,6.654,4.286,5.403,3.571,3.450,2.353,2.583,0.000,2.094,3.036,3.457,6.412,4.657,5.086,6.407,5.342,5.011,4.350,4.905,4.913,3.313,3.964,4.081,4.795,4.958,5.003,5.090,4.455,4.826,4.356,4.652,5.264,4.560
C47右,6.253,6.104,8.034,6.586,7.987,5.812,9.371,5.961,7.122,7.237,7.928,5.596,3.309,4.064,4.052,3.346,3.954,5.541,3.227,3.995,3.036,2.534,2.931,3.126,2.094,0.000,3.102,3.384,5.288,3.661,3.954,5.435,4.702,4.483,4.293,5.017,5.230,2.683,3.183,3.610,4.343,4.276,4.088,4.244,4.088,4.150,3.927,4.109,5.240,4.661
C31成,7.129,7.356,9.426,7.940,9.035,6.745,10.673,7.041,8.446,8.490,9.142,4.202,5.259,5.551,4.764,3.828,4.829,5.601,3.550,4.884,2.917,3.338,2.893,3.267,3.036,3.102,0.000,2.944,5.941,4.273,4.339,6.510,5.313,5.176,3.407,3.938,4.030,2.521,3.247,3.016,3.427,3.724,4.051,3.973,3.561,3.948,4.007,4.222,4.826,4.250
C48边,6.137,6.684,8.788,7.433,8.544,6.249,9.778,6.280,7.627,7.512,8.222,5.154,5.064,4.964,3.621,3.638,4.377,5.858,4.061,4.684,4.126,3.966,3.380,3.311,3.457,3.384,2.944,0.000,5.368,3.719,3.998,5.661,4.483,4.112,3.365,3.728,4.154,2.714,3.099,2.949,3.721,3.323,3.344,3.404,3.011,3.285,3.901,3.768,4.227,3.863
C14行,4.564,5.209,5.560,4.839,6.002,4.354,6.142,3.461,3.797,3.717,4.903,8.791,4.737,4.364,4.198,3.891,4.683,4.892,5.023,4.568,6.064,4.875,5.830,5.877,6.412,5.288,5.941,5.368,0.000,2.649,2.362,2.575,3.246,3.373,4.855,5.924,6.243,4.211,4.252,4.314,4.746,3.706,3.568,3.739,4.452,3.742,4.075,2.900,5.503,5.112
C09出,4.934,5.320,6.600,5.533,6.932,5.010,7.613,4.140,5.372,5.126,6.281,6.943,4.096,3.875,3.666,2.940,4.056,5.178,4.021,3.866,4.373,3.502,4.090,3.995,4.657,3.661,4.273,3.719,2.649,0.000,1.292,3.390,2.910,2.834,3.317,4.261,4.729,2.520,3.280,2.656,3.231,2.434,2.297,2.688,2.758,2.177,2.522,2.121,5.021,4.210
C10发,4.497,4.996,6.066,5.230,6.479,4.795,7.372,4.028,5.087,5.000,6.064,7.395,4.179,3.819,3.391,2.905,3.952,4.499,3.777,3.541,4.400,3.604,4.523,4.521,5.086,3.954,4.339,3.998,2.362,1.292,0.000,3.429,3.211,3.193,3.703,4.721,5.183,2.780,3.300,2.971,3.438,2.543,2.395,2.683,3.193,2.573,3.129,2.510,5.251,4.743
C22心,4.477,4.780,5.561,5.070,6.152,4.513,5.427,3.256,3.206,3.173,4.358,9.169,4.295,4.065,4.608,4.186,5.029,5.503,5.193,5.001,6.678,5.410,6.048,5.939,6.407,5.435,6.510,5.661,2.575,3.390,3.429,0.000,3.185,2.924,5.724,6.709,6.871,4.530,5.053,5.314,5.735,4.818,4.604,4.844,5.210,4.602,4.658,3.534,5.516,5.291
C16回,4.864,5.799,7.077,6.488,7.636,5.632,7.468,4.330,4.990,5.256,6.399,7.554,4.475,4.437,4.710,4.130,4.907,5.878,5.237,5.116,5.676,4.736,4.789,4.631,5.342,4.702,5.313,4.483,3.246,2.910,3.211,3.185,0.000,2.525,4.198,4.995,5.274,3.743,4.270,3.895,4.472,3.773,3.630,3.814,3.760,3.360,3.434,2.427,4.950,4.158
C24过,5.407,5.614,7.073,6.359,7.523,5.393,7.499,4.205,4.927,4.890,6.024,7.434,4.390,4.261,4.547,3.576,4.431,5.773,4.924,5.052,5.636,4.485,4.679,4.440,5.011,4.483,5.176,4.112,3.373,2.834,3.193,2.924,2.525,0.000,3.928,4.907,5.076,3.359,3.960,3.967,4.340,3.702,3.656,3.802,3.691,3.262,3.266,2.652,4.183,3.567
C11等,7.117,7.528,9.368,8.083,9.404,7.029,10.292,6.257,7.785,7.689,8.687,4.890,5.930,5.893,5.409,4.354,5.407,6.601,5.266,5.771,4.201,4.136,3.671,3.425,4.350,4.293,3.407,3.365,4.855,3.317,3.703,5.724,4.198,3.928,0.000,1.655,1.900,2.847,3.436,2.133,2.046,2.171,2.841,2.741,1.559,2.193,2.283,2.760,4.379,2.976
C06进,8.013,8.505,10.332,8.957,10.328,7.853,11.183,7.181,8.875,8.640,9.578,4.569,6.771,6.763,6.183,5.294,6.220,7.591,6.174,6.596,4.669,4.755,4.127,3.873,4.905,5.017,3.938,3.728,5.924,4.261,4.721,6.709,4.995,4.907,1.655,0.000,1.489,3.751,4.167,2.610,2.299,2.752,3.348,3.210,1.850,2.774,3.118,3.666,4.746,3.356
C12待,8.358,8.775,10.768,9.334,10.824,8.261,11.509,7.498,9.138,9.002,9.933,4.306,7.041,7.023,6.640,5.683,6.696,7.901,6.434,7.134,5.027,5.055,4.305,3.892,4.913,5.230,4.030,4.154,6.243,4.729,5.183,6.871,5.274,5.076,1.900,1.489,0.000,3.916,4.531,3.116,2.976,3.392,4.131,3.934,2.607,3.456,3.336,3.945,4.734,3.128
C28意,5.807,5.958,7.877,6.570,7.623,5.324,8.827,5.089,6.517,6.462,7.195,5.598,4.202,4.065,3.870,2.778,4.213,4.905,3.067,3.862,3.223,2.903,3.292,3.214,3.313,2.683,2.521,2.714,4.211,2.520,2.780,4.530,3.743,3.359,2.847,3.751,3.916,0.000,2.475,2.489,2.867,2.618,2.788,2.923,2.632,2.634,2.641,2.779,3.991,3.426
C36静,6.103,6.567,7.848,6.699,7.338,4.904,9.044,5.294,6.655,6.608,7.195,6.145,4.545,4.757,3.906,2.926,4.164,4.701,3.665,3.751,3.700,3.082,3.971,4.225,3.964,3.183,3.247,3.099,4.252,3.280,3.300,5.053,4.270,3.960,3.436,4.167,4.531,2.475,0.000,2.866,3.124,2.890,2.721,2.697,3.051,2.887,3.337,3.266,3.876,3.826
C37疲,6.296,6.893,8.458,6.965,8.639,6.348,9.608,5.967,7.322,7.210,8.178,5.218,5.086,4.945,4.352,3.745,4.626,5.936,4.581,4.862,3.773,3.281,3.251,3.261,4.081,3.610,3.016,2.949,4.314,2.656,2.971,5.314,3.895,3.967,2.133,2.610,3.116,2.489,2.866,0.000,2.209,2.018,2.340,2.298,1.808,2.034,2.682,2.625,4.529,3.512
C04止,7.225,7.497,8.964,7.496,8.668,6.340,9.883,5.899,7.608,7.394,8.240,5.609,5.691,5.810,5.298,3.928,5.135,5.924,4.898,5.128,3.571,3.538,4.112,4.098,4.795,4.343,3.427,3.721,4.746,3.231,3.438,5.735,4.472,4.340,2.046,2.299,2.976,2.867,3.124,2.209,0.000,1.638,2.258,2.053,1.616,2.033,2.427,3.015,4.396,3.439
C05前,6.074,6.526,8.077,6.720,7.837,5.571,8.919,5.103,6.679,6.408,7.326,6.227,5.379,5.178,4.307,3.577,4.719,5.416,4.485,4.551,4.052,3.804,4.323,4.319,4.958,4.276,3.724,3.323,3.706,2.434,2.543,4.818,3.773,3.702,2.171,2.752,3.392,2.618,2.890,2.018,1.638,0.000,1.331,1.226,1.359,1.534,2.455,2.433,4.253,3.530
C01开,5.767,6.406,7.582,6.438,7.282,5.033,8.521,4.893,6.298,6.049,6.947,6.662,5.069,4.966,3.974,3.297,4.472,5.167,4.294,3.943,4.154,3.768,4.504,4.520,5.003,4.088,4.051,3.344,3.568,2.297,2.395,4.604,3.630,3.656,2.841,3.348,4.131,2.788,2.721,2.340,2.258,1.331,0.000,0.796,1.804,1.383,2.679,2.602,4.543,3.970
C02始,6.027,6.681,7.848,6.577,7.519,5.173,8.764,5.098,6.502,6.282,7.132,6.568,5.278,5.200,4.128,3.472,4.611,5.241,4.462,4.214,4.191,3.810,4.569,4.643,5.090,4.244,3.973,3.404,3.739,2.688,2.683,4.844,3.814,3.802,2.741,3.210,3.934,2.923,2.697,2.298,2.053,1.226,0.796,0.000,1.794,1.520,2.784,2.732,4.337,3.825
C03停,6.583,7.064,8.723,7.443,8.674,6.317,9.574,5.674,7.265,7.077,8.037,5.462,5.476,5.457,4.796,3.884,4.991,6.159,4.864,5.042,3.991,3.887,3.814,3.603,4.455,4.088,3.561,3.011,4.452,2.758,3.193,5.210,3.760,3.691,1.559,1.850,2.607,2.632,3.051,1.808,1.616,1.359,1.804,1.794,0.000,1.419,2.113,2.490,4.210,3.150
C07后,6.075,6.821,7.965,6.898,7.985,5.698,8.846,5.094,6.551,6.255,7.266,6.245,5.206,5.145,4.483,3.612,4.861,5.765,4.721,4.617,4.353,3.853,4.204,4.025,4.826,4.150,3.948,3.285,3.742,2.177,2.573,4.602,3.360,3.262,2.193,2.774,3.456,2.634,2.887,2.034,2.033,1.534,1.383,1.520,1.419,0.000,1.993,2.194,4.322,3.380
C08退,6.486,6.832,8.181,7.159,8.450,6.167,8.857,5.067,6.627,6.532,7.618,5.936,4.948,5.103,5.159,3.814,5.014,6.046,4.909,5.146,4.165,3.606,3.989,3.590,4.356,3.927,4.007,3.901,4.075,2.522,3.129,4.658,3.434,3.266,2.283,3.118,3.336,2.641,3.337,2.682,2.427,2.455,2.679,2.784,2.113,1.993,0.000,2.303,4.294,3.150
C15返,5.625,6.258,7.590,6.426,7.881,5.558,8.192,4.690,5.778,5.767,6.873,6.358,4.618,4.557,4.521,3.528,4.588,5.640,4.711,4.995,4.794,3.879,3.823,3.741,4.652,4.109,4.222,3.768,2.900,2.121,2.510,3.534,2.427,2.652,2.760,3.666,3.945,2.779,3.266,2.625,3.015,2.433,2.602,2.732,2.490,2.194,2.303,0.000,4.206,3.030
C26气,7.291,7.630,9.219,7.895,8.848,6.163,9.369,5.954,7.356,7.109,7.512,6.624,5.809,5.942,5.490,4.664,5.491,6.352,5.525,6.252,5.746,4.912,5.123,5.152,5.264,5.240,4.826,4.227,5.503,5.021,5.251,5.516,4.950,4.183,4.379,4.746,4.734,3.991,3.876,4.529,4.396,4.253,4.543,4.337,4.210,4.322,4.294,4.206,0.000,3.059
C27满,7.644,7.864,9.645,8.122,9.486,6.645,9.801,6.288,7.516,7.339,8.162,5.557,5.737,6.005,5.839,4.575,5.714,6.888,5.688,6.469,5.381,4.550,4.048,3.966,4.560,4.661,4.250,3.863,5.112,4.210,4.743,5.291,4.158,3.567,2.976,3.356,3.128,3.426,3.826,3.512,3.439,3.530,3.970,3.825,3.150,3.380,3.150,3.030,3.059,0.000
