cls,C01,C02,C05,C03,C04,C13,C14,C12,C08,C09,C06,C07,C10,C11,C21,C24,C22,C23,C18,C46,C17,C15,C16,C19,C20,C30,C32,C40,C42,C41,C45,C43,C44,C47,C36,C37,C38,C48,C49,C50,C33,C35,C31,C34,C25,C26,C27,C39,C28,C29
C01开,0.000,4.666,5.419,6.133,6.777,7.560,7.432,5.633,6.450,6.461,4.737,5.036,5.828,6.226,9.027,7.877,9.596,9.803,10.453,9.569,9.353,8.690,9.095,9.277,8.336,8.806,9.607,7.766,8.540,10.449,9.555,9.212,9.630,8.888,8.548,8.635,9.457,7.959,8.557,8.059,8.131,8.816,8.004,8.958,7.244,7.774,7.422,7.760,9.100,7.861
C02始,4.666,0.000,4.481,4.032,3.659,7.128,6.618,5.252,6.023,5.104,4.528,4.850,5.359,5.513,9.839,8.575,10.041,10.372,9.522,8.466,8.317,6.982,7.686,7.622,7.479,8.750,8.985,6.830,7.803,9.868,8.953,8.444,8.826,8.371,8.158,7.874,8.799,7.652,8.751,8.095,8.380,8.981,8.711,9.155,7.610,6.701,6.812,8.078,9.303,7.964
C05前,5.419,4.481,0.000,3.568,3.988,6.063,5.160,5.343,4.597,3.948,2.938,3.021,4.246,4.611,8.346,7.952,8.830,9.352,8.657,7.580,7.652,6.216,6.765,6.863,7.318,7.709,8.811,7.745,8.608,10.143,9.139,8.445,8.725,8.255,7.089,6.691,8.836,7.756,8.176,7.729,7.754,8.121,8.020,8.773,7.630,7.314,6.882,6.470,8.820,7.624
C03停,6.133,4.032,3.568,0.000,3.327,5.750,5.365,5.585,4.313,4.083,4.145,4.639,4.939,5.299,8.002,7.806,8.789,9.124,7.629,6.987,6.724,5.509,5.858,5.618,6.108,8.369,8.179,6.976,7.693,8.746,8.341,8.017,7.918,7.637,7.485,7.469,8.536,7.369,8.525,7.979,8.153,8.342,8.469,8.753,7.547,6.621,6.492,7.142,8.782,7.835
C04止,6.777,3.659,3.988,3.327,0.000,5.864,5.303,5.422,5.054,4.079,4.630,4.846,4.873,5.059,9.232,8.428,9.375,9.831,8.167,7.323,7.083,5.513,6.101,6.039,6.992,8.272,8.462,6.937,7.511,9.422,8.573,7.754,8.100,7.959,6.756,6.595,8.205,7.340,8.227,7.670,7.712,8.282,8.244,8.459,7.715,6.578,6.585,7.572,8.827,7.473
C13运,7.560,7.128,6.063,5.750,5.864,0.000,3.408,5.106,3.661,4.002,5.082,5.202,3.876,3.931,7.247,5.252,6.464,6.546,5.767,5.972,5.478,5.625,5.679,5.746,6.190,7.187,7.560,6.812,6.799,7.804,7.357,6.822,6.676,6.721,5.674,5.674,7.378,6.833,6.683,6.486,6.247,6.531,6.418,6.600,5.719,7.173,6.389,6.463,7.218,6.821
C14行,7.432,6.618,5.160,5.365,5.303,3.408,0.000,4.777,3.579,4.291,4.383,4.786,4.324,4.071,7.028,5.510,6.623,7.074,6.684,6.313,5.297,3.877,4.710,5.499,5.802,6.373,7.428,6.868,7.338,8.368,7.603,6.808,7.061,7.263,5.475,5.503,7.844,7.032,7.205,7.061,6.584,7.332,6.798,7.384,6.450,6.800,5.681,6.589,7.227,7.006
C12待,5.633,5.252,5.343,5.585,5.422,5.106,4.777,0.000,4.432,4.488,3.600,3.935,3.501,3.159,9.063,6.953,9.023,9.052,8.947,8.401,7.366,6.391,6.948,7.333,7.705,8.317,9.709,7.746,8.731,10.412,9.414,9.004,9.230,8.973,7.554,7.297,9.878,8.270,8.650,8.156,8.434,9.247,8.658,9.575,7.137,7.586,7.211,8.384,9.028,8.233
C08退,6.450,6.023,4.597,4.313,5.054,3.661,3.579,4.432,0.000,3.359,3.308,3.691,3.020,3.252,7.020,5.606,6.710,7.183,7.070,6.604,6.273,5.407,5.559,5.401,5.684,7.016,7.869,7.018,7.769,8.487,7.721,7.616,7.403,7.087,6.167,6.060,8.490,6.787,7.379,7.008,6.769,7.361,7.311,7.569,6.314,6.817,6.099,6.704,8.108,7.512
C09出,6.461,5.104,3.948,4.083,4.079,4.002,4.291,4.488,3.359,0.000,3.818,3.219,2.561,3.185,8.127,6.480,7.826,8.111,6.566,5.995,5.941,5.201,5.324,5.589,6.095,7.602,7.908,6.128,6.977,8.436,7.300,7.022,7.016,6.732,6.457,6.191,7.941,7.004,7.167,6.634,7.245,7.470,7.571,7.998,6.378,6.727,6.630,6.333,8.166,7.047
C06进,4.737,4.528,2.938,4.145,4.630,5.082,4.383,3.600,3.308,3.818,0.000,1.886,2.924,2.960,8.451,7.060,8.394,8.840,8.820,7.796,7.803,6.357,7.003,7.067,7.206,7.359,8.988,7.607,8.567,10.074,9.073,8.580,8.794,8.313,6.863,6.260,9.213,7.529,8.070,7.630,7.554,8.161,7.840,8.492,7.060,7.499,6.772,6.909,8.698,7.933
C07后,5.036,4.850,3.021,4.639,4.846,5.202,4.786,3.935,3.691,3.219,1.886,0.000,2.662,2.886,8.838,7.183,8.598,8.986,8.809,7.823,7.913,6.702,7.099,7.354,7.521,7.797,9.282,7.653,8.561,10.232,9.095,8.658,8.865,8.357,6.798,6.388,9.082,7.739,7.973,7.568,7.742,8.185,8.077,8.793,6.992,7.642,7.243,6.820,8.999,7.941
C10发,5.828,5.359,4.246,4.939,4.873,3.876,4.324,3.501,3.020,2.561,2.924,2.662,0.000,2.085,8.437,6.495,8.003,8.422,7.922,7.247,7.093,6.364,6.714,6.666,7.054,7.724,8.777,7.214,7.977,9.527,8.477,8.119,8.164,7.789,6.626,6.155,8.829,7.482,7.601,7.154,7.165,7.851,7.685,8.195,6.572,7.485,7.052,6.927,8.650,7.759
C11等,6.226,5.513,4.611,5.299,5.059,3.931,4.071,3.159,3.252,3.185,2.960,2.886,2.085,0.000,8.580,6.163,7.739,8.055,8.050,7.254,7.242,6.236,6.730,6.624,7.046,7.344,8.774,7.526,8.333,9.710,8.717,8.247,8.229,7.869,6.610,5.859,8.829,7.302,7.352,6.991,7.091,7.841,7.694,8.374,6.271,7.211,6.687,7.219,8.823,7.799
C21开,9.027,9.839,8.346,8.002,9.232,7.247,7.028,9.063,7.020,8.127,8.451,8.838,8.437,8.580,0.000,5.237,4.907,5.147,6.697,6.669,6.537,7.155,6.606,6.216,5.272,7.472,6.960,8.236,8.253,7.248,7.816,7.406,6.958,7.018,7.920,8.554,7.888,7.073,7.385,7.493,7.188,7.055,6.863,7.954,6.415,6.833,5.814,7.082,6.931,6.946
C24过,7.877,8.575,7.952,7.806,8.428,5.252,5.510,6.953,5.606,6.480,7.060,7.183,6.495,6.163,5.237,0.000,3.578,3.788,6.275,6.340,6.154,6.642,6.358,6.456,5.051,6.978,6.798,6.844,6.976,6.882,6.568,6.308,5.807,5.858,7.002,7.205,7.410,5.994,5.742,5.809,6.259,6.699,5.819,6.899,4.389,6.121,5.170,7.070,7.090,6.486
C22心,9.596,10.041,8.830,8.789,9.375,6.464,6.623,9.023,6.710,7.826,8.394,8.598,8.003,7.739,4.907,3.578,0.000,2.348,6.295,6.047,7.112,7.465,6.791,6.673,5.809,7.212,6.924,7.925,7.514,6.764,7.141,6.402,5.702,5.935,7.088,7.046,7.151,5.899,5.548,5.880,6.088,6.201,5.768,6.493,5.390,6.849,5.569,7.384,7.445,6.996
C23难,9.803,10.372,9.352,9.124,9.831,6.546,7.074,9.052,7.183,8.111,8.840,8.986,8.422,8.055,5.147,3.788,2.348,0.000,6.061,6.177,7.125,7.686,6.869,7.105,6.143,7.690,7.232,8.129,7.697,6.670,7.344,6.794,5.950,6.191,7.760,7.792,7.451,6.482,5.986,6.262,6.897,6.546,6.321,7.131,5.520,7.144,6.015,7.846,7.497,7.158
C18过,10.453,9.522,8.657,7.629,8.167,5.767,6.684,8.947,7.070,6.566,8.820,8.809,7.922,8.050,6.697,6.275,6.295,6.061,0.000,4.030,3.941,5.828,4.981,4.784,5.387,8.334,6.493,6.441,6.295,5.302,5.730,5.679,4.587,5.451,7.618,7.665,6.842,6.962,7.017,6.744,7.982,7.022,7.398,7.506,6.816,7.191,6.996,7.207,6.946,7.074
C46边,9.569,8.466,7.580,6.987,7.323,5.972,6.313,8.401,6.604,5.995,7.796,7.823,7.247,7.254,6.669,6.340,6.047,6.177,4.030,0.000,5.419,5.694,5.197,4.672,5.457,6.957,5.732,5.255,5.444,5.121,5.141,4.515,3.608,4.077,6.466,5.689,5.826,5.059,5.296,5.073,7.016,5.891,6.247,6.975,6.154,5.986,5.435,5.526,6.236,6.145
C17通,9.353,8.317,7.652,6.724,7.083,5.478,5.297,7.366,6.273,5.941,7.803,7.913,7.093,7.242,6.537,6.154,7.112,7.125,3.941,5.419,0.000,3.954,3.710,4.561,4.991,7.780,6.531,6.277,6.767,6.568,6.306,6.291,5.955,6.590,7.487,8.066,7.631,7.565,7.857,7.551,7.941,7.914,7.761,8.395,7.085,6.549,6.496,7.356,7.004,7.019
C15返,8.690,6.982,6.216,5.509,5.513,5.625,3.877,6.391,5.407,5.201,6.357,6.702,6.364,6.236,7.155,6.642,7.465,7.686,5.828,5.694,3.954,0.000,3.097,4.438,4.969,7.020,6.803,6.283,7.145,7.584,6.806,6.348,6.487,6.900,7.155,7.214,8.254,7.351,7.931,7.625,8.103,8.381,7.879,8.633,7.570,6.267,5.750,7.383,7.421,7.208
C16回,9.095,7.686,6.765,5.858,6.101,5.679,4.710,6.948,5.559,5.324,7.003,7.099,6.714,6.730,6.606,6.358,6.791,6.869,4.981,5.197,3.710,3.097,0.000,4.079,5.044,7.897,7.503,6.365,6.719,7.089,6.573,6.277,6.115,6.677,6.882,7.390,7.910,7.252,7.701,7.429,8.154,8.264,7.970,8.542,7.229,6.415,6.240,7.606,7.520,7.048
C19完,9.277,7.622,6.863,5.618,6.039,5.746,5.499,7.333,5.401,5.589,7.067,7.354,6.666,6.624,6.216,6.456,6.673,7.105,4.784,4.672,4.561,4.438,4.079,0.000,4.282,7.595,6.867,6.354,7.017,6.731,6.549,6.326,5.782,6.081,6.780,6.696,7.452,6.142,7.206,6.853,7.829,7.601,7.717,8.136,6.609,5.562,5.544,7.270,7.501,7.136
C20成,8.336,7.479,7.318,6.108,6.992,6.190,5.802,7.705,5.684,6.095,7.206,7.521,7.054,7.046,5.272,5.051,5.809,6.143,5.387,5.457,4.991,4.969,5.044,4.282,0.000,6.872,5.658,5.884,6.441,5.861,5.663,5.697,5.321,5.524,7.572,7.771,6.901,6.159,7.194,6.872,7.443,7.314,7.066,7.773,5.765,5.014,4.586,6.883,6.731,6.819
C30败,8.806,8.750,7.709,8.369,8.272,7.187,6.373,8.317,7.016,7.602,7.359,7.797,7.724,7.344,7.472,6.978,7.212,7.690,8.334,6.957,7.780,7.020,7.897,7.595,6.872,0.000,5.885,7.364,8.313,8.485,7.569,7.198,7.730,7.009,6.203,6.297,7.354,6.937,6.950,7.220,5.643,5.957,5.528,6.894,6.269,6.526,5.305,5.433,5.691,5.723
C32功,9.607,8.985,8.811,8.179,8.462,7.560,7.428,9.709,7.869,7.908,8.988,9.282,8.777,8.774,6.960,6.798,6.924,7.232,6.493,5.732,6.531,6.803,7.503,6.867,5.658,5.885,0.000,5.865,6.402,5.123,5.219,5.202,5.029,4.552,7.888,7.913,6.063,5.815,6.230,6.325,5.907,5.095,5.617,6.079,6.729,5.855,5.060,5.849,6.264,5.986
C40松,7.766,6.830,7.745,6.976,6.937,6.812,6.868,7.746,7.018,6.128,7.607,7.653,7.214,7.526,8.236,6.844,7.925,8.129,6.441,5.255,6.277,6.283,6.365,6.354,5.884,7.364,5.865,0.000,3.106,5.010,3.796,3.738,4.463,4.138,6.690,6.816,6.016,5.015,5.989,5.255,7.322,6.955,6.131,6.574,5.914,5.496,5.547,5.966,5.873,5.423
C42方,8.540,7.803,8.608,7.693,7.511,6.799,7.338,8.731,7.769,6.977,8.567,8.561,7.977,8.333,8.253,6.976,7.514,7.697,6.295,5.444,6.767,7.145,6.719,7.017,6.441,8.313,6.402,3.106,0.000,4.581,4.448,3.267,4.036,4.408,6.373,6.907,4.665,5.064,5.714,5.192,6.888,6.558,5.683,5.710,5.752,6.089,5.917,6.382,5.845,5.297
C41上,10.449,9.868,10.143,8.746,9.422,7.804,8.368,10.412,8.487,8.436,10.074,10.232,9.527,9.710,7.248,6.882,6.764,6.670,5.302,5.121,6.568,7.584,7.089,6.731,5.861,8.485,5.123,5.010,4.581,0.000,4.008,4.347,3.401,3.779,8.102,8.514,5.980,5.739,6.351,6.259,7.651,6.531,6.882,6.565,6.845,6.751,6.403,7.169,6.864,6.928
C45左,9.555,8.953,9.139,8.341,8.573,7.357,7.603,9.414,7.721,7.300,9.073,9.095,8.477,8.717,7.816,6.568,7.141,7.344,5.730,5.141,6.306,6.806,6.573,6.549,5.663,7.569,5.219,3.796,4.448,4.008,0.000,3.593,3.493,3.013,7.547,7.787,6.518,5.528,5.914,5.650,7.585,6.864,6.240,6.407,6.779,6.431,6.249,6.716,6.512,6.169
C43下,9.212,8.444,8.445,8.017,7.754,6.822,6.808,9.004,7.616,7.022,8.580,8.658,8.119,8.247,7.406,6.308,6.402,6.794,5.679,4.515,6.291,6.348,6.277,6.326,5.697,7.198,5.202,3.738,3.267,4.347,3.593,0.000,2.707,3.244,6.380,6.396,4.874,4.538,4.748,4.462,6.493,6.003,5.178,5.465,6.004,5.950,5.208,6.053,5.803,5.275
C44方,9.630,8.826,8.725,7.918,8.100,6.676,7.061,9.230,7.403,7.016,8.794,8.865,8.164,8.229,6.958,5.807,5.702,5.950,4.587,3.608,5.955,6.487,6.115,5.782,5.321,7.730,5.029,4.463,4.036,3.401,3.493,2.707,0.000,2.551,7.052,6.798,5.409,4.520,4.780,4.511,6.780,6.034,5.788,5.897,6.041,5.878,5.358,6.430,6.561,6.036
C47右,8.888,8.371,8.255,7.637,7.959,6.721,7.263,8.973,7.087,6.732,8.313,8.357,7.789,7.869,7.018,5.858,5.935,6.191,5.451,4.077,6.590,6.900,6.677,6.081,5.524,7.009,4.552,4.138,4.408,3.779,3.013,3.244,2.551,0.000,6.833,6.685,5.493,3.714,3.937,3.696,6.254,5.322,5.061,5.423,5.692,5.601,5.201,5.811,6.525,5.361
C36静,8.548,8.158,7.089,7.485,6.756,5.674,5.475,7.554,6.167,6.457,6.863,6.798,6.626,6.610,7.920,7.002,7.088,7.760,7.618,6.466,7.487,7.155,6.882,6.780,7.572,6.203,7.888,6.690,6.373,8.102,7.547,6.380,7.052,6.833,0.000,3.666,5.549,5.716,5.773,5.973,5.233,5.670,5.389,5.744,5.615,6.515,5.956,5.824,6.070,5.222
C37疲,8.635,7.874,6.691,7.469,6.595,5.674,5.503,7.297,6.060,6.191,6.260,6.388,6.155,5.859,8.554,7.205,7.046,7.792,7.665,5.689,8.066,7.214,7.390,6.696,7.771,6.297,7.913,6.816,6.907,8.514,7.787,6.396,6.798,6.685,3.666,0.000,6.302,5.230,5.315,5.200,5.890,5.733,5.520,6.075,6.099,6.889,5.871,5.804,6.685,6.321
C38劳,9.457,8.799,8.836,8.536,8.205,7.378,7.844,9.878,8.490,7.941,9.213,9.082,8.829,8.829,7.888,7.410,7.151,7.451,6.842,5.826,7.631,8.254,7.910,7.452,6.901,7.354,6.063,6.016,4.665,5.980,6.518,4.874,5.409,5.493,5.549,6.302,0.000,5.214,5.383,5.502,5.426,4.569,5.174,5.384,5.202,5.960,5.558,5.629,5.669,4.954
C48边,7.959,7.652,7.756,7.369,7.340,6.833,7.032,8.270,6.787,7.004,7.529,7.739,7.482,7.302,7.073,5.994,5.899,6.482,6.962,5.059,7.565,7.351,7.252,6.142,6.159,6.937,5.815,5.015,5.064,5.739,5.528,4.538,4.520,3.714,5.716,5.230,5.214,0.000,3.159,2.755,5.579,5.107,4.487,5.216,5.121,5.008,4.319,5.969,6.668,5.295
C49前,8.557,8.751,8.176,8.525,8.227,6.683,7.205,8.650,7.379,7.167,8.070,7.973,7.601,7.352,7.385,5.742,5.548,5.986,7.017,5.296,7.857,7.931,7.701,7.206,7.194,6.950,6.230,5.989,5.714,6.351,5.914,4.748,4.780,3.937,5.773,5.315,5.383,3.159,0.000,1.905,5.113,4.553,3.945,5.237,5.167,6.119,5.387,5.876,7.046,5.087
C50面,8.059,8.095,7.729,7.979,7.670,6.486,7.061,8.156,7.008,6.634,7.630,7.568,7.154,6.991,7.493,5.809,5.880,6.262,6.744,5.073,7.551,7.625,7.429,6.853,6.872,7.220,6.325,5.255,5.192,6.259,5.650,4.462,4.511,3.696,5.973,5.200,5.502,2.755,1.905,0.000,5.621,5.076,4.211,5.307,5.126,5.896,5.283,5.839,6.976,5.219
C33紧,8.131,8.380,7.754,8.153,7.712,6.247,6.584,8.434,6.769,7.245,7.554,7.742,7.165,7.091,7.188,6.259,6.088,6.897,7.982,7.016,7.941,8.103,8.154,7.829,7.443,5.643,5.907,7.322,6.888,7.651,7.585,6.493,6.780,6.254,5.233,5.890,5.426,5.579,5.113,5.621,0.000,3.614,4.072,4.215,5.233,6.521,5.419,5.719,6.701,5.082
C35平,8.816,8.981,8.121,8.342,8.282,6.531,7.332,9.247,7.361,7.470,8.161,8.185,7.851,7.841,7.055,6.699,6.201,6.546,7.022,5.891,7.914,8.381,8.264,7.601,7.314,5.957,5.095,6.955,6.558,6.531,6.864,6.003,6.034,5.322,5.670,5.733,4.569,5.107,4.553,5.076,3.614,0.000,4.256,4.032,5.345,6.556,5.666,4.719,6.012,4.969
C31成,8.004,8.711,8.020,8.469,8.244,6.418,6.798,8.658,7.311,7.571,7.840,8.077,7.685,7.694,6.863,5.819,5.768,6.321,7.398,6.247,7.761,7.879,7.970,7.717,7.066,5.528,5.617,6.131,5.683,6.882,6.240,5.178,5.788,5.061,5.389,5.520,5.174,4.487,3.945,4.211,4.072,4.256,0.000,3.739,4.889,6.221,4.892,4.932,4.913,3.857
C34张,8.958,9.155,8.773,8.753,8.459,6.600,7.384,9.575,7.569,7.998,8.492,8.793,8.195,8.374,7.954,6.899,6.493,7.131,7.506,6.975,8.395,8.633,8.542,8.136,7.773,6.894,6.079,6.574,5.710,6.565,6.407,5.465,5.897,5.423,5.744,6.075,5.384,5.216,5.237,5.307,4.215,4.032,3.739,0.000,6.092,7.537,6.375,6.110,6.124,5.400
C25生,7.244,7.610,7.630,7.547,7.715,5.719,6.450,7.137,6.314,6.378,7.060,6.992,6.572,6.271,6.415,4.389,5.390,5.520,6.816,6.154,7.085,7.570,7.229,6.609,5.765,6.269,6.729,5.914,5.752,6.845,6.779,6.004,6.041,5.692,5.615,6.099,5.202,5.121,5.167,5.126,5.233,5.345,4.889,6.092,0.000,4.562,4.320,5.784,5.643,4.506
C26气,7.774,6.701,7.314,6.621,6.578,7.173,6.800,7.586,6.817,6.727,7.499,7.642,7.485,7.211,6.833,6.121,6.849,7.144,7.191,5.986,6.549,6.267,6.415,5.562,5.014,6.526,5.855,5.496,6.089,6.751,6.431,5.950,5.878,5.601,6.515,6.889,5.960,5.008,6.119,5.896,6.521,6.556,6.221,7.537,4.562,0.000,2.929,6.536,6.412,4.946
C27满,7.422,6.812,6.882,6.492,6.585,6.389,5.681,7.211,6.099,6.630,6.772,7.243,7.052,6.687,5.814,5.170,5.569,6.015,6.996,5.435,6.496,5.750,6.240,5.544,4.586,5.305,5.060,5.547,5.917,6.403,6.249,5.208,5.358,5.201,5.956,5.871,5.558,4.319,5.387,5.283,5.419,5.666,4.892,6.375,4.320,2.929,0.000,5.791,5.484,4.848
C39放,7.760,8.078,6.470,7.142,7.572,6.463,6.589,8.384,6.704,6.333,6.909,6.820,6.927,7.219,7.082,7.070,7.384,7.846,7.207,5.526,7.356,7.383,7.606,7.270,6.883,5.433,5.849,5.966,6.382,7.169,6.716,6.053,6.430,5.811,5.824,5.804,5.629,5.969,5.876,5.839,5.719,4.719,4.932,6.110,5.784,6.536,5.791,0.000,5.432,5.154
C28意,9.100,9.303,8.820,8.782,8.827,7.218,7.227,9.028,8.108,8.166,8.698,8.999,8.650,8.823,6.931,7.090,7.445,7.497,6.946,6.236,7.004,7.421,7.520,7.501,6.731,5.691,6.264,5.873,5.845,6.864,6.512,5.803,6.561,6.525,6.070,6.685,5.669,6.668,7.046,6.976,6.701,6.012,4.913,6.124,5.643,6.412,5.484,5.432,0.000,4.225
C29失,7.861,7.964,7.624,7.835,7.473,6.821,7.006,8.233,7.512,7.047,7.933,7.941,7.759,7.799,6.946,6.486,6.996,7.158,7.074,6.145,7.019,7.208,7.048,7.136,6.819,5.723,5.986,5.423,5.297,6.928,6.169,5.275,6.036,5.361,5.222,6.321,4.954,5.295,5.087,5.219,5.082,4.969,3.857,5.400,4.506,4.946,4.848,5.154,4.225,0.000
