cls,C33,C30,C48,C28,C29,C36,C31,C32,C46,C50,C34,C49,C23,C27,C26,C20,C16,C14,C15,C21,C22,C25,C19,C06,C07,C11,C35,C38,C10,C13,C02,C04,C01,C05,C08,C40,C45,C47,C41,C43,C37,C39,C42,C44,C18,C09,C17,C03,C12,C24
C33紧,0.000,3.398,4.070,4.171,3.128,4.020,3.898,3.418,5.051,3.904,4.297,4.191,5.709,5.380,4.988,5.198,5.053,4.964,5.028,4.737,4.909,4.286,4.375,4.827,4.769,4.201,6.464,5.774,6.078,7.409,7.236,6.760,5.133,5.613,5.780,13.765,12.678,12.726,14.654,14.737,7.327,8.529,9.065,9.940,9.062,9.292,9.675,12.502,11.022,10.450
C30败,3.398,0.000,3.396,4.621,2.927,3.710,4.221,3.564,4.888,4.112,5.101,4.110,4.831,4.152,4.000,4.220,4.366,4.409,4.276,3.566,3.625,3.068,3.645,4.421,4.031,3.986,6.887,5.713,6.628,7.998,7.148,6.934,5.058,5.648,5.455,13.978,12.637,12.719,14.857,14.918,7.203,8.804,9.317,10.121,9.541,9.424,10.079,12.559,10.996,10.186
C48边,4.070,3.396,0.000,4.287,3.308,4.359,4.005,3.419,3.900,2.939,4.654,4.042,4.884,4.880,4.408,4.998,4.704,4.588,4.862,3.727,4.213,3.996,4.049,3.871,4.121,4.035,6.418,5.699,6.468,7.648,7.042,6.881,4.848,5.464,5.216,13.890,12.606,12.690,14.654,14.739,7.366,8.706,9.044,9.777,9.072,9.294,10.128,12.366,11.014,10.457
C28意,4.171,4.621,4.287,0.000,3.455,3.050,2.945,3.958,3.614,3.680,3.926,3.427,4.692,4.014,5.660,6.675,4.694,5.012,5.865,4.708,5.582,4.261,5.091,4.305,5.363,4.631,4.242,4.042,3.758,5.041,5.148,4.627,4.112,3.802,4.001,11.152,10.023,10.090,11.919,11.931,4.695,5.815,6.532,7.096,6.457,6.692,7.037,9.664,8.071,7.847
C29失,3.128,2.927,3.308,3.455,0.000,2.819,3.492,3.186,4.581,3.862,4.161,3.862,5.078,4.514,4.813,5.027,4.342,4.483,4.744,3.909,4.356,3.385,3.977,4.143,4.376,3.834,5.796,5.283,5.885,7.310,6.687,6.286,4.660,5.102,5.033,13.405,12.206,12.311,14.256,14.259,6.565,8.214,8.703,9.455,8.563,8.832,9.307,11.815,10.384,9.746
C36静,4.020,3.710,4.359,3.050,2.819,0.000,3.559,4.113,4.329,4.100,4.431,3.598,4.899,3.973,4.993,5.685,4.331,4.918,5.339,4.489,4.979,3.420,4.631,4.370,4.946,4.455,5.232,4.503,4.990,6.179,5.770,5.311,4.466,4.497,4.523,11.864,10.772,10.868,12.695,12.727,4.868,6.876,7.159,8.006,7.567,7.568,8.030,10.434,9.058,8.272
C31成,3.898,4.221,4.005,2.945,3.492,3.559,0.000,2.724,3.095,3.386,3.590,3.476,5.233,4.775,5.743,6.563,4.978,5.307,5.959,4.713,5.389,4.685,5.270,5.009,5.603,4.926,4.569,4.016,4.876,5.553,6.280,5.820,5.007,4.829,5.136,11.707,10.438,10.523,12.669,12.578,5.525,6.578,7.022,7.820,7.195,7.640,7.837,10.734,9.168,8.554
C32功,3.418,3.564,3.419,3.958,3.186,4.113,2.724,0.000,3.603,3.461,3.581,3.842,5.615,5.297,5.457,6.175,5.294,5.439,5.860,4.562,5.027,4.698,5.056,5.280,5.373,4.885,5.553,4.745,6.186,7.186,7.390,6.941,5.553,5.865,5.827,13.079,11.725,11.776,14.035,14.134,6.909,7.943,8.382,9.157,8.413,9.066,9.300,12.231,10.645,9.884
C46边,5.051,4.888,3.900,3.614,4.581,4.329,3.095,3.603,0.000,2.819,3.547,3.220,5.110,5.074,5.995,7.041,5.388,5.687,6.357,4.861,5.788,5.094,5.620,5.003,5.566,5.310,4.914,4.050,5.030,5.331,6.347,6.151,5.036,4.957,4.910,11.433,9.989,10.059,12.296,12.352,5.642,6.479,6.543,7.262,6.900,7.562,7.805,10.697,9.367,8.729
C50面,3.904,4.112,2.939,3.680,3.862,4.100,3.386,3.461,2.819,0.000,3.730,3.629,5.442,5.252,5.461,6.256,5.096,5.234,5.689,4.819,5.405,4.685,4.877,4.636,5.041,4.808,5.512,5.063,5.589,6.427,6.621,6.364,4.733,5.212,5.266,12.567,11.304,11.371,13.322,13.455,6.410,7.325,7.605,8.470,7.901,8.486,8.941,11.624,10.363,9.987
C34张,4.297,5.101,4.654,3.926,4.161,4.431,3.590,3.581,3.547,3.730,0.000,3.491,6.473,6.251,6.554,7.469,6.257,6.690,7.101,5.916,6.703,5.558,6.225,5.672,6.208,5.927,4.535,4.551,5.867,6.363,6.790,6.461,5.290,5.652,6.132,12.072,10.757,10.885,13.009,13.101,6.352,7.009,7.423,8.175,7.428,8.580,8.329,11.248,10.265,9.847
C49前,4.191,4.110,4.042,3.427,3.862,3.598,3.476,3.842,3.220,3.629,3.491,0.000,4.843,4.732,5.295,6.412,4.972,5.502,5.882,4.898,5.594,4.304,5.112,4.551,5.052,4.911,4.820,4.280,4.952,5.876,5.651,5.552,4.291,4.398,4.564,11.560,10.302,10.311,12.481,12.567,5.396,6.692,6.857,7.729,7.062,7.390,7.659,10.436,9.239,8.664
C23难,5.709,4.831,4.884,4.692,5.078,4.899,5.233,5.615,5.110,5.442,6.473,4.843,0.000,3.053,4.884,5.532,3.745,3.900,4.774,3.315,4.007,4.159,4.670,3.685,4.635,4.283,7.101,5.909,5.397,6.521,5.736,5.616,4.524,4.370,3.649,12.647,11.589,11.508,13.349,13.474,6.344,8.133,8.300,8.961,8.045,7.609,8.790,10.459,8.812,8.067
C27满,5.380,4.152,4.880,4.014,4.514,3.973,4.775,5.297,5.074,5.252,6.251,4.732,3.053,0.000,4.388,5.368,3.820,4.027,4.616,3.743,4.308,3.462,4.622,3.800,4.494,4.187,6.805,5.318,4.967,6.380,5.329,5.073,4.212,4.136,3.676,12.181,11.073,11.103,12.931,13.026,5.533,7.430,7.838,8.466,7.931,7.230,8.352,10.155,8.361,7.608
C26气,4.988,4.000,4.408,5.660,4.813,4.993,5.743,5.457,5.995,5.461,6.554,5.295,4.884,4.388,0.000,3.847,4.970,4.522,4.298,3.808,3.934,3.607,3.709,4.029,3.569,4.074,8.145,6.538,6.703,8.060,6.886,6.694,4.883,5.486,5.108,14.258,13.265,13.287,15.050,15.355,7.658,9.501,9.699,10.348,9.579,9.207,10.359,12.296,10.941,10.210
C20成,5.198,4.220,4.998,6.675,5.027,5.685,6.563,6.175,7.041,6.256,7.469,6.412,5.532,5.368,3.847,0.000,4.378,3.937,2.760,3.743,2.836,3.622,3.103,4.028,2.868,3.231,9.736,8.264,7.921,9.408,8.367,8.234,5.878,6.581,6.121,16.330,15.187,15.277,17.064,17.084,9.329,11.267,11.550,12.345,11.166,10.804,11.933,13.964,12.533,11.777
C16回,5.053,4.366,4.704,4.694,4.342,4.331,4.978,5.294,5.388,5.096,6.257,4.972,3.745,3.820,4.970,4.378,0.000,2.949,3.062,3.475,3.346,3.187,3.888,3.177,3.712,3.203,7.703,6.540,5.792,7.108,6.486,6.201,4.645,4.787,4.395,13.761,12.696,12.749,14.447,14.481,6.993,8.779,8.979,10.028,8.836,8.506,9.350,11.487,9.956,9.378
C14行,4.964,4.409,4.588,5.012,4.483,4.918,5.307,5.439,5.687,5.234,6.690,5.502,3.900,4.027,4.522,3.937,2.949,0.000,2.563,3.037,3.214,3.555,3.560,3.260,3.646,2.636,8.254,7.181,5.965,7.386,7.018,6.776,5.018,5.095,4.586,14.466,13.360,13.354,15.182,15.124,7.743,9.356,9.805,10.549,9.391,8.942,9.868,12.240,10.450,10.066
C15返,5.028,4.276,4.862,5.865,4.744,5.339,5.959,5.860,6.357,5.689,7.101,5.882,4.774,4.616,4.298,2.760,3.062,2.563,0.000,3.337,2.770,3.464,3.439,3.450,2.932,2.764,9.247,7.997,7.017,8.498,7.801,7.605,5.399,5.934,5.395,15.613,14.474,14.490,16.314,16.264,8.661,10.521,10.773,11.604,10.505,9.956,11.013,13.249,11.716,11.131
C21开,4.737,3.566,3.727,4.708,3.909,4.489,4.713,4.562,4.861,4.819,5.916,4.898,3.315,3.743,3.808,3.743,3.475,3.037,3.337,0.000,2.318,3.269,3.121,3.109,3.171,2.875,7.548,6.344,6.101,7.497,6.869,6.691,4.693,5.030,4.452,14.251,13.019,13.048,15.052,15.129,7.525,9.308,9.662,10.237,9.165,9.023,10.026,12.162,10.481,9.701
C22心,4.909,3.625,4.213,5.582,4.356,4.979,5.389,5.027,5.788,5.405,6.703,5.594,4.007,4.308,3.934,2.836,3.346,3.214,2.770,2.318,0.000,3.228,2.998,3.565,3.138,3.003,8.606,7.230,7.131,8.453,7.668,7.514,5.384,5.881,5.343,15.276,14.017,14.025,15.924,16.034,8.311,10.198,10.469,11.244,10.222,9.932,10.961,13.071,11.387,10.545
C25生,4.286,3.068,3.996,4.261,3.385,3.420,4.685,4.698,5.094,4.685,5.558,4.304,4.159,3.462,3.607,3.622,3.187,3.555,3.464,3.269,3.228,0.000,2.957,3.142,2.961,3.031,7.145,5.771,5.663,7.194,6.164,5.892,4.240,4.500,4.029,13.555,12.323,12.445,14.275,14.352,6.665,8.489,8.768,9.643,8.616,8.327,9.270,11.417,10.009,9.362
C19完,4.375,3.645,4.049,5.091,3.977,4.631,5.270,5.056,5.620,4.877,6.225,5.112,4.670,4.622,3.709,3.103,3.888,3.560,3.439,3.121,2.998,2.957,0.000,3.125,2.584,2.525,7.875,6.817,6.361,7.763,6.882,6.757,4.580,5.010,4.712,14.670,13.469,13.535,15.301,15.434,7.902,9.603,9.903,10.686,9.270,9.281,10.130,12.380,10.920,10.358
C06进,4.827,4.421,3.871,4.305,4.143,4.370,5.009,5.280,5.003,4.636,5.672,4.551,3.685,3.800,4.029,4.028,3.177,3.260,3.450,3.109,3.565,3.142,3.125,0.000,2.254,2.127,7.222,6.373,5.165,6.630,5.341,5.420,2.914,3.546,3.350,13.662,12.597,12.635,14.288,14.302,6.853,8.699,8.910,9.646,8.422,8.005,9.194,10.929,9.650,9.371
C07后,4.769,4.031,4.121,5.363,4.376,4.946,5.603,5.373,5.566,5.041,6.208,5.052,4.635,4.494,3.569,2.868,3.712,3.646,2.932,3.171,3.138,2.961,2.584,2.254,0.000,2.013,8.241,6.933,6.125,7.765,6.496,6.501,3.830,4.667,4.176,14.763,13.575,13.678,15.449,15.490,7.990,9.805,9.948,10.716,9.384,8.992,10.232,12.214,10.932,10.376
C11等,4.201,3.986,4.035,4.631,3.834,4.455,4.926,4.885,5.310,4.808,5.927,4.911,4.283,4.187,4.074,3.231,3.203,2.636,2.764,2.875,3.003,3.031,2.525,2.127,2.013,0.000,7.740,6.697,5.479,7.113,6.264,6.131,3.781,4.298,3.997,14.391,13.235,13.280,15.089,15.033,7.489,9.280,9.657,10.382,9.079,8.619,9.676,11.917,10.303,9.945
C35平,6.464,6.887,6.418,4.242,5.796,5.232,4.569,5.553,4.914,5.512,4.535,4.820,7.101,6.805,8.145,9.736,7.703,8.254,9.247,7.548,8.606,7.145,7.875,7.222,8.241,7.740,0.000,3.544,5.020,5.328,5.578,5.199,5.996,5.385,6.083,8.833,7.693,7.819,9.783,9.885,4.452,4.470,5.163,5.567,5.377,6.428,6.046,8.447,7.376,7.094
C38劳,5.774,5.713,5.699,4.042,5.283,4.503,4.016,4.745,4.050,5.063,4.551,4.280,5.909,5.318,6.538,8.264,6.540,7.181,7.997,6.344,7.230,5.771,6.817,6.373,6.933,6.697,3.544,0.000,4.577,5.080,5.374,4.711,5.343,4.739,5.059,9.495,8.328,8.568,10.518,10.729,4.349,5.043,5.241,5.920,5.750,6.309,6.511,8.932,7.653,6.708
C10发,6.078,6.628,6.468,3.758,5.885,4.990,4.876,6.186,5.030,5.589,5.867,4.952,5.397,4.967,6.703,7.921,5.792,5.965,7.017,6.101,7.131,5.663,6.361,5.165,6.125,5.479,5.020,4.577,0.000,3.091,3.560,2.836,3.989,2.647,3.154,9.725,8.781,8.913,10.511,10.376,4.418,5.201,5.652,6.018,4.877,4.124,5.126,7.594,6.039,6.146
C13运,7.409,7.998,7.648,5.041,7.310,6.179,5.553,7.186,5.331,6.427,6.363,5.876,6.521,6.380,8.060,9.408,7.108,7.386,8.498,7.497,8.453,7.194,7.763,6.630,7.765,7.113,5.328,5.080,3.091,0.000,4.638,4.267,5.577,4.330,4.982,8.662,7.704,7.895,9.379,9.224,4.451,4.572,4.731,5.040,4.716,4.505,4.454,7.201,5.957,6.185
C02始,7.236,7.148,7.042,5.148,6.687,5.770,6.280,7.390,6.347,6.621,6.790,5.651,5.736,5.329,6.886,8.367,6.486,7.018,7.801,6.869,7.668,6.164,6.882,5.341,6.496,6.264,5.578,5.374,3.560,4.638,0.000,1.838,3.175,2.472,3.632,9.569,8.695,8.769,10.054,10.108,4.410,5.752,5.996,6.334,5.672,4.280,5.630,6.315,5.588,6.022
C04止,6.760,6.934,6.881,4.627,6.286,5.311,5.820,6.941,6.151,6.364,6.461,5.552,5.616,5.073,6.694,8.234,6.201,6.776,7.605,6.691,7.514,5.892,6.757,5.420,6.501,6.131,5.199,4.711,2.836,4.267,1.838,0.000,3.540,2.429,3.471,9.416,8.615,8.767,9.995,10.071,4.073,5.388,5.712,6.094,5.273,4.055,5.404,6.458,5.517,5.698
C01开,5.133,5.058,4.848,4.112,4.660,4.466,5.007,5.553,5.036,4.733,5.290,4.291,4.524,4.212,4.883,5.878,4.645,5.018,5.399,4.693,5.384,4.240,4.580,2.914,3.830,3.781,5.996,5.343,3.989,5.577,3.175,3.540,0.000,2.291,3.022,11.998,10.961,11.021,12.630,12.693,5.596,7.318,7.602,8.191,7.128,6.549,7.708,9.233,8.235,8.174
C05前,5.613,5.648,5.464,3.802,5.102,4.497,4.829,5.865,4.957,5.212,5.652,4.398,4.370,4.136,5.486,6.581,4.787,5.095,5.934,5.030,5.881,4.500,5.010,3.546,4.667,4.298,5.385,4.739,2.647,4.330,2.472,2.429,2.291,0.000,2.017,10.773,9.782,9.840,11.381,11.379,4.838,6.273,6.495,7.073,5.834,4.988,6.205,7.931,6.749,6.726
C08退,5.780,5.455,5.216,4.001,5.033,4.523,5.136,5.827,4.910,5.266,6.132,4.564,3.649,3.676,5.108,6.121,4.395,4.586,5.395,4.452,5.343,4.029,4.712,3.350,4.176,3.997,6.083,5.059,3.154,4.982,3.632,3.471,3.022,2.017,0.000,11.275,10.224,10.331,11.906,11.922,5.316,6.797,6.936,7.479,6.271,5.333,6.902,8.599,7.277,6.961
C40松,13.765,13.978,13.890,11.152,13.405,11.864,11.707,13.079,11.433,12.567,12.072,11.560,12.647,12.181,14.258,16.330,13.761,14.466,15.613,14.251,15.276,13.555,14.670,13.662,14.763,14.391,8.833,9.495,9.725,8.662,9.569,9.416,11.998,10.773,11.275,0.000,3.157,3.086,3.259,3.544,7.881,6.146,5.675,5.111,7.186,7.293,6.208,6.144,6.721,7.076
C45左,12.678,12.637,12.606,10.023,12.206,10.772,10.438,11.725,9.989,11.304,10.757,10.302,11.589,11.073,13.265,15.187,12.696,13.360,14.474,13.019,14.017,12.323,13.469,12.597,13.575,13.235,7.693,8.328,8.781,7.704,8.695,8.615,10.961,9.782,10.224,3.157,0.000,2.057,4.118,4.218,7.004,5.122,4.809,4.236,6.454,6.565,5.385,6.174,6.487,6.661
C47右,12.726,12.719,12.690,10.090,12.311,10.868,10.523,11.776,10.059,11.371,10.885,10.311,11.508,11.103,13.287,15.277,12.749,13.354,14.490,13.048,14.025,12.445,13.535,12.635,13.678,13.280,7.819,8.568,8.913,7.895,8.769,8.767,11.021,9.840,10.331,3.086,2.057,0.000,3.948,4.351,7.065,5.437,4.958,4.285,6.606,6.645,5.481,6.305,6.383,6.660
C41上,14.654,14.857,14.654,11.919,14.256,12.695,12.669,14.035,12.296,13.322,13.009,12.481,13.349,12.931,15.050,17.064,14.447,15.182,16.314,15.052,15.924,14.275,15.301,14.288,15.449,15.089,9.783,10.518,10.511,9.379,10.054,9.995,12.630,11.381,11.906,3.259,4.118,3.948,0.000,3.633,8.711,7.050,6.454,5.820,8.041,7.769,6.958,6.076,7.100,7.721
C43下,14.737,14.918,14.739,11.931,14.259,12.727,12.578,14.134,12.352,13.455,13.101,12.567,13.474,13.026,15.355,17.084,14.481,15.124,16.264,15.129,16.034,14.352,15.434,14.302,15.490,15.033,9.885,10.729,10.376,9.224,10.108,10.071,12.693,11.379,11.922,3.544,4.218,4.351,3.633,0.000,8.736,7.094,6.753,6.070,8.151,7.588,6.766,5.995,6.949,7.812
C37疲,7.327,7.203,7.366,4.695,6.565,4.868,5.525,6.909,5.642,6.410,6.352,5.396,6.344,5.533,7.658,9.329,6.993,7.743,8.661,7.525,8.311,6.665,7.902,6.853,7.990,7.489,4.452,4.349,4.418,4.451,4.410,4.073,5.596,4.838,5.316,7.881,7.004,7.065,8.711,8.736,0.000,3.694,4.097,4.539,5.394,4.929,5.092,6.885,5.695,5.267
C39放,8.529,8.804,8.706,5.815,8.214,6.876,6.578,7.943,6.479,7.325,7.009,6.692,8.133,7.430,9.501,11.267,8.779,9.356,10.521,9.308,10.198,8.489,9.603,8.699,9.805,9.280,4.470,5.043,5.201,4.572,5.752,5.388,7.318,6.273,6.797,6.146,5.122,5.437,7.050,7.094,3.694,0.000,2.942,3.211,4.722,4.986,4.225,6.692,5.588,5.876
C42方,9.065,9.317,9.044,6.532,8.703,7.159,7.022,8.382,6.543,7.605,7.423,6.857,8.300,7.838,9.699,11.550,8.979,9.805,10.773,9.662,10.469,8.768,9.903,8.910,9.948,9.657,5.163,5.241,5.652,4.731,5.996,5.712,7.602,6.495,6.936,5.675,4.809,4.958,6.454,6.753,4.097,2.942,0.000,2.735,4.439,4.656,4.095,6.266,6.022,5.837
C44方,9.940,10.121,9.777,7.096,9.455,8.006,7.820,9.157,7.262,8.470,8.175,7.729,8.961,8.466,10.348,12.345,10.028,10.549,11.604,10.237,11.244,9.643,10.686,9.646,10.716,10.382,5.567,5.920,6.018,5.040,6.334,6.094,8.191,7.073,7.479,5.111,4.236,4.285,5.820,6.070,4.539,3.211,2.735,0.000,4.492,4.660,4.254,5.828,5.654,5.608
C18过,9.062,9.541,9.072,6.457,8.563,7.567,7.195,8.413,6.900,7.901,7.428,7.062,8.045,7.931,9.579,11.166,8.836,9.391,10.505,9.165,10.222,8.616,9.270,8.422,9.384,9.079,5.377,5.750,4.877,4.716,5.672,5.273,7.128,5.834,6.271,7.186,6.454,6.606,8.041,8.151,5.394,4.722,4.439,4.492,0.000,4.570,3.944,6.216,5.815,5.898
C09出,9.292,9.424,9.294,6.692,8.832,7.568,7.640,9.066,7.562,8.486,8.580,7.390,7.609,7.230,9.207,10.804,8.506,8.942,9.956,9.023,9.932,8.327,9.281,8.005,8.992,8.619,6.428,6.309,4.124,4.505,4.280,4.055,6.549,4.988,5.333,7.293,6.565,6.645,7.769,7.588,4.929,4.986,4.656,4.660,4.570,0.000,3.663,4.517,4.114,4.615
C17通,9.675,10.079,10.128,7.037,9.307,8.030,7.837,9.300,7.805,8.941,8.329,7.659,8.790,8.352,10.359,11.933,9.350,9.868,11.013,10.026,10.961,9.270,10.130,9.194,10.232,9.676,6.046,6.511,5.126,4.454,5.630,5.404,7.708,6.205,6.902,6.208,5.385,5.481,6.958,6.766,5.092,4.225,4.095,4.254,3.944,3.663,0.000,5.146,4.669,5.431
C03停,12.502,12.559,12.366,9.664,11.815,10.434,10.734,12.231,10.697,11.624,11.248,10.436,10.459,10.155,12.296,13.964,11.487,12.240,13.249,12.162,13.071,11.417,12.380,10.929,12.214,11.917,8.447,8.932,7.594,7.201,6.315,6.458,9.233,7.931,8.599,6.144,6.174,6.305,6.076,5.995,6.885,6.692,6.266,5.828,6.216,4.517,5.146,0.000,4.087,5.325
C12待,11.022,10.996,11.014,8.071,10.384,9.058,9.168,10.645,9.367,10.363,10.265,9.239,8.812,8.361,10.941,12.533,9.956,10.450,11.716,10.481,11.387,10.009,10.920,9.650,10.932,10.303,7.376,7.653,6.039,5.957,5.588,5.517,8.235,6.749,7.277,6.721,6.487,6.383,7.100,6.949,5.695,5.588,6.022,5.654,5.815,4.114,4.669,4.087,0.000,3.535
C24过,10.450,10.186,10.457,7.847,9.746,8.272,8.554,9.884,8.729,9.987,9.847,8.664,8.067,7.608,10.210,11.777,9.378,10.066,11.131,9.701,10.545,9.362,10.358,9.371,10.376,9.945,7.094,6.708,6.146,6.185,6.022,5.698,8.174,6.726,6.961,7.076,6.661,6.660,7.721,7.812,5.267,5.876,5.837,5.608,5.898,4.615,5.431,5.325,3.535,0.000
