cls,C39,C12,C06,C11,C26,C27,C01,C02,C08,C09,C10,C37,C04,C05,C03,C07,C14,C15,C16,C31,C48,C28,C36,C34,C49,C42,C46,C45,C47,C21,C20,C25,C19,C22,C24,C29,C30,C41,C44,C33,C32,C35,C50,C38,C40,C23,C17,C18,C13,C43
C39放,0.000,4.185,4.841,4.597,5.534,4.916,7.934,7.943,6.156,6.783,6.567,5.136,5.923,6.754,6.287,6.323,7.541,5.791,7.217,4.054,5.368,5.037,5.632,6.372,6.631,4.311,4.860,5.352,6.726,11.143,10.512,10.724,9.012,9.276,7.580,11.150,9.023,8.974,8.560,8.685,6.943,8.649,8.002,6.577,7.723,14.227,9.725,10.400,12.361,10.959
C12待,4.185,0.000,2.279,1.951,4.194,3.354,5.997,5.955,4.062,5.121,4.952,3.624,3.994,4.615,4.144,4.119,5.431,3.908,5.486,4.309,4.705,3.923,4.575,6.012,6.051,4.575,4.581,5.741,6.407,9.280,8.554,8.841,7.063,7.409,5.747,9.864,7.830,8.401,7.830,7.803,6.605,7.795,7.248,5.920,7.314,12.512,8.460,9.321,10.969,9.906
C06进,4.841,2.279,0.000,1.638,4.014,3.518,4.280,4.286,2.956,3.745,3.662,2.364,2.514,2.963,2.445,2.446,4.594,3.114,4.484,4.115,3.683,3.258,3.711,4.948,4.968,4.068,3.876,5.122,5.491,8.142,7.330,7.662,5.977,6.446,4.723,8.605,6.681,7.297,6.694,6.806,5.819,6.480,5.996,4.779,6.099,11.250,7.388,8.208,9.659,8.605
C11等,4.597,1.951,1.638,0.000,3.889,3.384,4.768,4.755,2.978,3.829,3.658,2.562,2.978,3.356,3.040,2.902,4.329,3.073,4.534,3.753,3.771,3.047,3.553,4.925,5.017,3.824,3.722,4.936,5.407,8.057,7.436,7.751,5.941,6.394,4.620,8.587,6.774,7.238,6.707,6.589,5.548,6.533,6.072,4.645,6.059,11.387,7.302,8.118,9.687,8.698
C26气,5.534,4.194,4.014,3.889,0.000,2.835,5.575,5.476,4.316,4.881,4.847,4.207,4.152,4.624,4.267,4.225,4.731,3.594,4.895,4.363,4.149,3.663,3.888,6.135,5.447,4.577,4.819,5.120,5.736,7.862,6.994,7.020,6.145,6.219,4.841,8.277,5.997,7.299,6.936,6.675,5.713,6.886,6.225,4.706,6.249,10.956,7.791,8.493,9.918,8.960
C27满,4.916,3.354,3.518,3.384,2.835,0.000,5.923,5.879,4.096,4.953,4.907,3.950,4.137,4.790,4.322,4.168,5.024,3.323,4.711,4.494,4.540,3.706,4.245,6.225,5.651,4.321,4.429,5.116,5.907,8.203,7.402,7.699,6.359,6.436,4.684,9.169,6.641,7.575,7.202,7.243,6.342,7.511,6.796,5.042,6.645,11.408,8.333,8.857,10.436,9.255
C01开,7.934,5.997,4.280,4.768,5.575,5.923,0.000,0.768,3.264,2.598,2.745,3.537,3.293,2.001,2.176,2.394,3.650,3.957,4.076,5.641,4.092,3.988,3.849,4.261,3.812,5.180,4.734,5.134,4.223,5.157,4.484,4.791,4.106,4.251,3.858,5.144,4.112,4.910,4.601,4.534,4.520,3.664,3.658,3.704,4.272,7.809,5.021,5.724,6.239,5.484
C02始,7.943,5.955,4.286,4.755,5.476,5.879,0.768,0.000,3.374,2.798,2.846,3.563,3.207,1.908,2.242,2.488,3.530,3.944,4.115,5.596,4.137,4.072,3.811,4.366,3.865,5.257,4.917,5.254,4.348,5.197,4.526,4.807,4.199,4.315,3.956,5.203,4.033,5.084,4.782,4.515,4.573,3.780,3.726,3.792,4.380,7.894,5.150,5.898,6.374,5.509
C08退,6.156,4.062,2.956,2.978,4.316,4.096,3.264,3.374,0.000,2.267,2.562,2.762,2.631,2.608,2.081,1.957,3.394,2.555,3.361,4.594,3.968,2.809,3.422,4.221,3.750,4.000,3.361,4.302,4.260,6.110,5.447,5.958,4.244,4.668,3.356,7.000,5.388,5.504,5.117,5.554,4.846,5.216,5.108,3.739,4.975,9.155,6.071,6.686,7.677,6.949
C09出,6.783,5.121,3.745,3.829,4.881,4.953,2.598,2.798,2.267,0.000,1.655,2.683,2.954,2.292,2.081,2.190,2.904,2.920,3.137,4.697,3.446,2.903,3.572,3.935,3.233,3.810,3.213,4.092,3.681,5.294,4.591,5.106,3.808,3.810,3.036,5.966,4.786,4.452,3.968,4.973,4.120,4.261,3.735,3.091,4.011,8.266,4.819,5.411,6.495,5.642
C10发,6.567,4.952,3.662,3.658,4.847,4.907,2.745,2.846,2.562,1.655,0.000,2.394,2.700,2.235,2.205,2.218,2.894,2.722,3.375,4.291,3.383,2.640,3.223,3.667,3.167,3.746,3.286,4.068,3.787,5.544,4.893,5.406,4.116,4.226,3.354,6.092,4.758,4.828,4.094,4.467,3.985,4.190,3.609,2.939,3.969,8.611,4.883,5.474,6.588,5.856
C37疲,5.136,3.624,2.364,2.562,4.207,3.950,3.537,3.563,2.762,2.683,2.394,0.000,2.414,2.517,2.174,2.121,3.660,2.645,3.832,3.443,3.019,2.437,2.827,3.938,3.586,3.102,2.952,4.012,4.143,7.079,6.426,6.820,5.335,5.510,4.126,7.415,5.652,5.867,5.234,5.525,4.621,5.166,4.525,3.538,4.745,10.152,6.140,6.971,8.269,7.095
C04止,5.923,3.994,2.514,2.978,4.152,4.137,3.293,3.207,2.631,2.954,2.700,2.414,0.000,2.221,1.971,2.162,3.981,2.972,4.252,3.860,3.667,2.862,3.202,3.813,3.726,4.063,3.982,4.746,4.733,7.041,6.218,6.542,5.013,5.613,4.361,7.102,5.332,6.187,5.817,5.347,4.793,5.135,5.154,3.559,5.088,10.038,6.818,7.278,8.420,7.321
C05前,6.754,4.615,2.963,3.356,4.624,4.790,2.001,1.908,2.608,2.292,2.235,2.517,2.221,0.000,1.390,1.773,2.961,3.001,3.725,4.600,3.484,3.149,3.241,4.005,3.809,4.481,4.120,4.851,4.349,5.910,5.164,5.497,4.231,4.560,3.677,6.135,4.623,5.586,5.051,4.803,4.448,4.397,4.109,3.529,4.608,8.802,5.491,6.158,7.322,6.265
C03停,6.287,4.144,2.445,3.040,4.267,4.322,2.176,2.242,2.081,2.081,2.205,2.174,1.971,1.390,0.000,1.291,3.329,2.616,3.376,4.383,3.144,2.757,3.106,3.966,3.751,3.996,3.537,4.392,4.159,6.098,5.338,5.740,4.301,4.592,3.406,6.552,4.934,5.502,5.023,5.194,4.503,4.587,4.256,3.438,4.565,9.103,5.673,6.367,7.560,6.640
C07后,6.323,4.119,2.446,2.902,4.225,4.168,2.394,2.488,1.957,2.190,2.218,2.121,2.162,1.773,1.291,0.000,3.376,2.639,3.434,4.464,3.338,2.842,3.077,4.289,3.912,4.155,3.642,4.639,4.415,6.197,5.399,5.806,4.432,4.755,3.352,6.727,5.074,5.725,5.239,5.351,4.794,4.832,4.526,3.569,4.885,9.254,5.854,6.773,7.656,6.849
C14行,7.541,5.431,4.594,4.329,4.731,5.024,3.650,3.530,3.394,2.904,2.894,3.660,3.981,2.961,3.329,3.376,0.000,2.683,3.131,5.390,4.502,3.897,3.962,5.205,4.244,4.846,4.486,5.174,4.601,4.805,4.396,4.792,3.908,3.460,3.392,6.118,4.770,5.170,4.807,5.023,5.006,5.112,4.387,4.100,4.717,7.947,4.915,5.869,6.657,5.929
C15返,5.791,3.908,3.114,3.073,3.594,3.323,3.957,3.944,2.555,2.920,2.722,2.645,2.972,3.001,2.616,2.639,2.683,0.000,2.550,4.300,3.752,2.783,3.467,4.910,4.155,3.669,3.318,4.331,4.538,6.191,5.592,6.063,4.627,4.469,3.349,7.365,5.462,5.840,5.276,5.667,5.144,5.760,5.006,3.876,5.016,9.458,5.922,6.804,8.082,7.172
C16回,7.217,5.486,4.484,4.534,4.895,4.711,4.076,4.115,3.361,3.137,3.375,3.832,4.252,3.725,3.376,3.434,3.131,2.550,0.000,5.532,4.423,3.872,4.505,5.513,4.677,4.635,4.060,4.849,4.716,5.163,4.917,5.493,4.262,3.830,3.024,6.987,5.481,5.315,4.863,5.853,5.531,5.592,4.988,4.366,5.119,8.457,4.991,6.102,7.302,6.880
C31成,4.054,4.309,4.115,3.753,4.363,4.494,5.641,5.596,4.594,4.697,4.291,3.443,3.860,4.600,4.383,4.464,5.390,4.300,5.532,0.000,3.446,2.763,3.436,4.006,4.394,3.236,3.766,3.745,4.459,8.585,8.168,8.264,6.706,6.958,5.659,8.132,6.320,6.755,6.471,5.593,3.959,5.682,5.468,4.098,5.574,11.656,7.355,7.938,9.755,8.652
C48边,5.368,4.705,3.683,3.771,4.149,4.540,4.092,4.137,3.968,3.446,3.383,3.019,3.667,3.484,3.144,3.338,4.502,3.752,4.423,3.446,0.000,2.795,3.090,4.218,4.124,3.274,3.195,3.463,3.877,7.249,6.527,6.709,5.698,5.675,4.382,7.020,5.317,5.738,5.175,5.383,3.908,4.767,3.665,3.331,4.484,10.092,5.877,6.689,8.390,7.373
C28意,5.037,3.923,3.258,3.047,3.663,3.706,3.988,4.072,2.809,2.903,2.640,2.437,2.862,3.149,2.757,2.842,3.897,2.783,3.872,2.763,2.795,0.000,2.637,3.460,3.352,2.989,2.786,3.047,3.394,6.751,6.131,6.280,4.865,5.156,3.862,6.834,5.024,5.479,4.861,4.857,3.484,4.658,4.412,3.036,4.636,9.920,6.057,6.512,8.212,7.215
C36静,5.632,4.575,3.711,3.553,3.888,4.245,3.849,3.811,3.422,3.572,3.223,2.827,3.202,3.241,3.106,3.077,3.962,3.467,4.505,3.436,3.090,2.637,0.000,3.655,3.453,3.592,3.776,3.591,3.597,6.827,6.269,6.301,5.036,5.469,4.252,6.503,4.456,5.555,5.324,4.613,3.829,4.350,4.357,3.102,4.513,9.986,6.271,6.978,8.126,7.206
C34张,6.372,6.012,4.948,4.925,6.135,6.225,4.261,4.366,4.221,3.935,3.667,3.938,3.813,4.005,3.966,4.289,5.205,4.910,5.513,4.006,4.218,3.460,3.655,0.000,2.839,4.018,3.873,3.505,3.072,7.135,6.829,6.887,5.360,6.151,5.448,6.187,5.138,4.694,5.026,4.257,3.107,3.497,4.530,3.438,4.112,9.837,6.378,6.279,7.661,6.529
C49前,6.631,6.051,4.968,5.017,5.447,5.651,3.812,3.865,3.750,3.233,3.167,3.586,3.726,3.809,3.751,3.912,4.244,4.155,4.677,4.394,4.124,3.352,3.453,2.839,0.000,3.545,3.432,3.245,2.501,6.246,5.755,5.910,4.882,5.024,4.487,5.997,4.629,3.802,4.113,4.532,3.671,3.861,4.028,3.047,3.531,8.866,6.020,5.940,6.895,5.805
C42方,4.311,4.575,4.068,3.824,4.577,4.321,5.180,5.257,4.000,3.810,3.746,3.102,4.063,4.481,3.996,4.155,4.846,3.669,4.635,3.236,3.274,2.989,3.592,4.018,3.545,0.000,1.934,2.590,3.608,7.798,7.242,7.516,6.215,5.985,4.728,8.079,6.282,5.287,5.065,6.048,4.388,5.739,4.853,3.469,4.267,10.707,6.746,7.108,8.802,7.551
C46边,4.860,4.581,3.876,3.722,4.819,4.429,4.734,4.917,3.361,3.213,3.286,2.952,3.982,4.120,3.537,3.642,4.486,3.318,4.060,3.766,3.195,2.786,3.776,3.873,3.432,1.934,0.000,2.712,3.403,7.149,6.686,7.084,5.598,5.397,4.122,7.861,6.259,4.896,4.619,5.975,4.427,5.472,4.692,3.467,4.350,10.087,6.203,6.758,8.181,7.181
C45左,5.352,5.741,5.122,4.936,5.120,5.116,5.134,5.254,4.302,4.092,4.068,4.012,4.746,4.851,4.392,4.639,5.174,4.331,4.849,3.745,3.463,3.047,3.591,3.505,3.245,2.590,2.712,0.000,2.225,7.116,6.752,6.974,5.811,5.718,4.719,7.118,5.421,4.530,4.490,5.433,3.601,4.739,4.408,3.502,4.132,10.024,6.295,6.271,8.180,7.032
C47右,6.726,6.407,5.491,5.407,5.736,5.907,4.223,4.348,4.260,3.681,3.787,4.143,4.733,4.349,4.159,4.415,4.601,4.538,4.716,4.459,3.877,3.394,3.597,3.072,2.501,3.608,3.403,2.225,0.000,6.007,5.749,5.852,4.910,4.853,4.454,5.797,4.491,3.332,3.734,4.589,3.072,3.475,3.508,3.343,3.544,8.750,5.388,5.380,6.804,5.728
C21开,11.143,9.280,8.142,8.057,7.862,8.203,5.157,5.197,6.110,5.294,5.544,7.079,7.041,5.910,6.098,6.197,4.805,6.191,5.163,8.585,7.249,6.751,6.827,7.135,6.246,7.798,7.149,7.116,6.007,0.000,2.613,3.210,3.822,2.962,4.519,4.680,4.856,4.814,4.847,5.603,6.386,5.337,5.463,5.942,5.729,4.497,4.718,4.638,4.312,4.733
C20成,10.512,8.554,7.330,7.436,6.994,7.402,4.484,4.526,5.447,4.591,4.893,6.426,6.218,5.164,5.338,5.399,4.396,5.592,4.917,8.168,6.527,6.131,6.269,6.829,5.755,7.242,6.686,6.752,5.749,2.613,0.000,1.921,3.412,2.848,4.066,4.719,4.265,4.903,4.671,5.787,6.229,5.269,4.998,5.366,5.446,4.973,5.074,5.025,4.765,4.606
C25生,10.724,8.841,7.662,7.751,7.020,7.699,4.791,4.807,5.958,5.106,5.406,6.820,6.542,5.497,5.740,5.806,4.792,6.063,5.493,8.264,6.709,6.280,6.301,6.887,5.910,7.516,7.084,6.974,5.852,3.210,1.921,0.000,3.606,3.492,4.695,4.137,3.891,5.038,5.126,5.559,6.116,5.128,5.143,5.479,5.529,5.233,5.503,5.403,5.091,4.794
C19完,9.012,7.063,5.977,5.941,6.145,6.359,4.106,4.199,4.244,3.808,4.116,5.335,5.013,4.231,4.301,4.432,3.908,4.627,4.262,6.706,5.698,4.865,5.036,5.360,4.882,6.215,5.598,5.811,4.910,3.822,3.412,3.606,0.000,3.209,3.501,5.008,4.265,4.863,5.022,5.034,5.149,4.484,5.021,4.570,5.043,6.869,5.134,5.158,5.884,5.604
C22心,9.276,7.409,6.446,6.394,6.219,6.436,4.251,4.315,4.668,3.810,4.226,5.510,5.613,4.560,4.592,4.755,3.460,4.469,3.830,6.958,5.675,5.156,5.469,6.151,5.024,5.985,5.397,5.718,4.853,2.962,2.848,3.492,3.209,0.000,2.917,5.398,4.541,4.211,4.210,5.446,5.403,5.012,4.573,4.741,4.959,5.851,4.367,4.741,5.420,5.200
C24过,7.580,5.747,4.723,4.620,4.841,4.684,3.858,3.956,3.356,3.036,3.354,4.126,4.361,3.677,3.406,3.352,3.392,3.349,3.024,5.659,4.382,3.862,4.252,5.448,4.487,4.728,4.122,4.719,4.454,4.519,4.066,4.695,3.501,2.917,0.000,6.408,4.852,4.917,4.516,5.533,5.063,5.085,4.689,3.840,4.554,7.877,5.290,5.620,6.836,6.385
C29失,11.150,9.864,8.605,8.587,8.277,9.169,5.144,5.203,7.000,5.966,6.092,7.415,7.102,6.135,6.552,6.727,6.118,7.365,6.987,8.132,7.020,6.834,6.503,6.187,5.997,8.079,7.861,7.118,5.797,4.680,4.719,4.137,5.008,5.398,6.408,0.000,3.492,5.278,5.762,4.106,5.154,3.551,4.979,5.592,5.497,6.220,5.718,5.501,5.251,5.020
C30败,9.023,7.830,6.681,6.774,5.997,6.641,4.112,4.033,5.388,4.786,4.758,5.652,5.332,4.623,4.934,5.074,4.770,5.462,5.481,6.320,5.317,5.024,4.456,5.138,4.629,6.282,6.259,5.421,4.491,4.856,4.265,3.891,4.265,4.541,4.852,3.492,0.000,4.992,5.096,3.782,4.228,3.452,4.180,3.994,4.583,7.273,5.960,5.997,6.505,5.423
C41上,8.974,8.401,7.297,7.238,7.299,7.575,4.910,5.084,5.504,4.452,4.828,5.867,6.187,5.586,5.502,5.725,5.170,5.840,5.315,6.755,5.738,5.479,5.555,4.694,3.802,5.287,4.896,4.530,3.332,4.814,4.903,5.038,4.863,4.211,4.917,5.278,4.992,0.000,3.591,5.086,4.512,4.028,4.130,4.313,3.688,6.914,5.032,4.784,5.129,4.435
C44方,8.560,7.830,6.694,6.707,6.936,7.202,4.601,4.782,5.117,3.968,4.094,5.234,5.817,5.051,5.023,5.239,4.807,5.276,4.863,6.471,5.175,4.861,5.324,5.026,4.113,5.065,4.619,4.490,3.734,4.847,4.671,5.126,5.022,4.210,4.516,5.762,5.096,3.591,0.000,5.212,4.683,4.485,3.674,4.304,3.884,7.136,4.538,4.322,5.369,4.616
C33紧,8.685,7.803,6.806,6.589,6.675,7.243,4.534,4.515,5.554,4.973,4.467,5.525,5.347,4.803,5.194,5.351,5.023,5.667,5.853,5.593,5.383,4.857,4.613,4.257,4.532,6.048,5.975,5.433,4.589,5.603,5.787,5.559,5.034,5.446,5.533,4.106,3.782,5.086,5.212,0.000,3.406,3.206,4.210,3.826,4.200,8.066,5.628,5.694,6.478,5.837
C32功,6.943,6.605,5.819,5.548,5.713,6.342,4.520,4.573,4.846,4.120,3.985,4.621,4.793,4.448,4.503,4.794,5.006,5.144,5.531,3.959,3.908,3.484,3.829,3.107,3.671,4.388,4.427,3.601,3.072,6.386,6.229,6.116,5.149,5.403,5.063,5.154,4.228,4.512,4.683,3.406,0.000,2.921,3.703,3.277,3.980,9.113,5.496,5.513,7.194,6.185
C35平,8.649,7.795,6.480,6.533,6.886,7.511,3.664,3.780,5.216,4.261,4.190,5.166,5.135,4.397,4.587,4.832,5.112,5.760,5.592,5.682,4.767,4.658,4.350,3.497,3.861,5.739,5.472,4.739,3.475,5.337,5.269,5.128,4.484,5.012,5.085,3.551,3.452,4.028,4.485,3.206,2.921,0.000,3.313,3.693,3.888,7.749,4.927,4.900,5.771,5.108
C50面,8.002,7.248,5.996,6.072,6.225,6.796,3.658,3.726,5.108,3.735,3.609,4.525,5.154,4.109,4.256,4.526,4.387,5.006,4.988,5.468,3.665,4.412,4.357,4.530,4.028,4.853,4.692,4.408,3.508,5.463,4.998,5.143,5.021,4.573,4.689,4.979,4.180,4.130,3.674,4.210,3.703,3.313,0.000,3.520,3.231,7.673,4.088,4.627,5.816,4.880
C38劳,6.577,5.920,4.779,4.645,4.706,5.042,3.704,3.792,3.739,3.091,2.939,3.538,3.559,3.529,3.438,3.569,4.100,3.876,4.366,4.098,3.331,3.036,3.102,3.438,3.047,3.469,3.467,3.502,3.343,5.942,5.366,5.479,4.570,4.741,3.840,5.592,3.994,4.313,4.304,3.826,3.277,3.693,3.520,0.000,2.934,8.812,5.921,5.848,7.163,6.073
C40松,7.723,7.314,6.099,6.059,6.249,6.645,4.272,4.380,4.975,4.011,3.969,4.745,5.088,4.608,4.565,4.885,4.717,5.016,5.119,5.574,4.484,4.636,4.513,4.112,3.531,4.267,4.350,4.132,3.544,5.729,5.446,5.529,5.043,4.959,4.554,5.497,4.583,3.688,3.884,4.200,3.980,3.888,3.231,2.934,0.000,8.176,5.461,5.295,6.273,5.082
C23难,14.227,12.512,11.250,11.387,10.956,11.408,7.809,7.894,9.155,8.266,8.611,10.152,10.038,8.802,9.103,9.254,7.947,9.458,8.457,11.656,10.092,9.920,9.986,9.837,8.866,10.707,10.087,10.024,8.750,4.497,4.973,5.233,6.869,5.851,7.877,6.220,7.273,6.914,7.136,8.066,9.113,7.749,7.673,8.812,8.176,0.000,6.909,6.550,4.557,5.844
C17通,9.725,8.460,7.388,7.302,7.791,8.333,5.021,5.150,6.071,4.819,4.883,6.140,6.818,5.491,5.673,5.854,4.915,5.922,4.991,7.355,5.877,6.057,6.271,6.378,6.020,6.746,6.203,6.295,5.388,4.718,5.074,5.503,5.134,4.367,5.290,5.718,5.960,5.032,4.538,5.628,5.496,4.927,4.088,5.921,5.461,6.909,0.000,4.116,4.813,5.347
C18过,10.400,9.321,8.208,8.118,8.493,8.857,5.724,5.898,6.686,5.411,5.474,6.971,7.278,6.158,6.367,6.773,5.869,6.804,6.102,7.938,6.689,6.512,6.978,6.279,5.940,7.108,6.758,6.271,5.380,4.638,5.025,5.403,5.158,4.741,5.620,5.501,5.997,4.784,4.322,5.694,5.513,4.900,4.627,5.848,5.295,6.550,4.116,0.000,5.147,4.995
C13运,12.361,10.969,9.659,9.687,9.918,10.436,6.239,6.374,7.677,6.495,6.588,8.269,8.420,7.322,7.560,7.656,6.657,8.082,7.302,9.755,8.390,8.212,8.126,7.661,6.895,8.802,8.181,8.180,6.804,4.312,4.765,5.091,5.884,5.420,6.836,5.251,6.505,5.129,5.369,6.478,7.194,5.771,5.816,7.163,6.273,4.557,4.813,5.147,0.000,4.163
C43下,10.959,9.906,8.605,8.698,8.960,9.255,5.484,5.509,6.949,5.642,5.856,7.095,7.321,6.265,6.640,6.849,5.929,7.172,6.880,8.652,7.373,7.215,7.206,6.529,5.805,7.551,7.181,7.032,5.728,4.733,4.606,4.794,5.604,5.200,6.385,5.020,5.423,4.435,4.616,5.837,6.185,5.108,4.880,6.073,5.082,5.844,5.347,4.995,4.163,0.000
